<?xml version="1.0"?>
<gpx xmlns="http://www.topografix.com/GPX/1/1" xmlns:xsi="http://www.w3.org/2001/XMLSchema-instance" xmlns:wptx1="http://www.garmin.com/xmlschemas/WaypointExtension/v1" xmlns:gpxtrx="http://www.garmin.com/xmlschemas/GpxExtensions/v3" xmlns:gpxtpx="http://www.garmin.com/xmlschemas/TrackPointExtension/v1" xmlns:gpxx="http://www.garmin.com/xmlschemas/GpxExtensions/v3" xmlns:trp="http://www.garmin.com/xmlschemas/TripExtensions/v1" xmlns:adv="http://www.garmin.com/xmlschemas/AdventuresExtensions/v1" xmlns:prs="http://www.garmin.com/xmlschemas/PressureExtension/v1" xmlns:tmd="http://www.garmin.com/xmlschemas/TripMetaDataExtensions/v1" xmlns:vptm="http://www.garmin.com/xmlschemas/ViaPointTransportationModeExtensions/v1" xmlns:ctx="http://www.garmin.com/xmlschemas/CreationTimeExtension/v1" xmlns:gpxacc="http://www.garmin.com/xmlschemas/AccelerationExtension/v1" xmlns:gpxpx="http://www.garmin.com/xmlschemas/PowerExtension/v1" xmlns:vidx1="http://www.garmin.com/xmlschemas/VideoExtension/v1" creator="Garmin Desktop App" version="1.1" xsi:schemaLocation="http://www.topografix.com/GPX/1/1 http://www.topografix.com/GPX/1/1/gpx.xsd http://www.garmin.com/xmlschemas/WaypointExtension/v1 http://www8.garmin.com/xmlschemas/WaypointExtensionv1.xsd http://www.garmin.com/xmlschemas/TrackPointExtension/v1 http://www.garmin.com/xmlschemas/TrackPointExtensionv1.xsd http://www.garmin.com/xmlschemas/GpxExtensions/v3 http://www8.garmin.com/xmlschemas/GpxExtensionsv3.xsd http://www.garmin.com/xmlschemas/ActivityExtension/v1 http://www8.garmin.com/xmlschemas/ActivityExtensionv1.xsd http://www.garmin.com/xmlschemas/AdventuresExtensions/v1 http://www8.garmin.com/xmlschemas/AdventuresExtensionv1.xsd http://www.garmin.com/xmlschemas/PressureExtension/v1 http://www.garmin.com/xmlschemas/PressureExtensionv1.xsd http://www.garmin.com/xmlschemas/TripExtensions/v1 http://www.garmin.com/xmlschemas/TripExtensionsv1.xsd http://www.garmin.com/xmlschemas/TripMetaDataExtensions/v1 http://www.garmin.com/xmlschemas/TripMetaDataExtensionsv1.xsd http://www.garmin.com/xmlschemas/ViaPointTransportationModeExtensions/v1 http://www.garmin.com/xmlschemas/ViaPointTransportationModeExtensionsv1.xsd http://www.garmin.com/xmlschemas/CreationTimeExtension/v1 http://www.garmin.com/xmlschemas/CreationTimeExtensionsv1.xsd http://www.garmin.com/xmlschemas/AccelerationExtension/v1 http://www.garmin.com/xmlschemas/AccelerationExtensionv1.xsd http://www.garmin.com/xmlschemas/PowerExtension/v1 http://www.garmin.com/xmlschemas/PowerExtensionv1.xsd http://www.garmin.com/xmlschemas/VideoExtension/v1 http://www.garmin.com/xmlschemas/VideoExtensionv1.xsd">
  <metadata>
    <link href="http://www.garmin.com">
      <text>Garmin International</text>
    </link>
    <time>2026-03-04T12:11:08Z</time>
    <bounds maxlat="45.99675178527832" maxlon="6.927609443664551" minlat="45.938193798065186" minlon="6.848881244659424"/>
  </metadata>
  <trk>
    <name>TMB Etappe 01</name>
    <extensions>
      <gpxx:TrackExtension>
        <gpxx:DisplayColor>Green</gpxx:DisplayColor>
      </gpxx:TrackExtension>
    </extensions>
    <trkseg>
      <trkpt lat="45.938193798065186" lon="6.848881244659424">
        <ele>2075.1328125</ele>
        <time>2025-08-28T17:44:11Z</time>
      </trkpt>
      <trkpt lat="45.938365459442139" lon="6.849052906036377">
        <ele>2072.8515625</ele>
      </trkpt>
      <trkpt lat="45.938472747802734" lon="6.849009990692139">
        <ele>2076.33203125</ele>
      </trkpt>
      <trkpt lat="45.93858003616333" lon="6.849031448364258">
        <ele>2077.5</ele>
      </trkpt>
      <trkpt lat="45.938751697540283" lon="6.84922456741333">
        <ele>2072.484375</ele>
      </trkpt>
      <trkpt lat="45.938944816589355" lon="6.849374771118164">
        <ele>2068.49609375</ele>
      </trkpt>
      <trkpt lat="45.939009189605713" lon="6.849331855773926">
        <ele>2068.52734375</ele>
      </trkpt>
      <trkpt lat="45.939309597015381" lon="6.849267482757568">
        <ele>2066.7734375</ele>
      </trkpt>
      <trkpt lat="45.939373970031738" lon="6.849203109741211">
        <ele>2067.35546875</ele>
      </trkpt>
      <trkpt lat="45.939459800720215" lon="6.849160194396973">
        <ele>2067.41796875</ele>
      </trkpt>
      <trkpt lat="45.939846038818359" lon="6.849138736724854">
        <ele>2066.3125</ele>
      </trkpt>
      <trkpt lat="45.939953327178955" lon="6.849138736724854">
        <ele>2065.796875</ele>
      </trkpt>
      <trkpt lat="45.940017700195312" lon="6.849160194396973">
        <ele>2064.55859375</ele>
      </trkpt>
      <trkpt lat="45.940232276916504" lon="6.849267482757568">
        <ele>2060.796875</ele>
      </trkpt>
      <trkpt lat="45.940425395965576" lon="6.849353313446045">
        <ele>2056.79296875</ele>
      </trkpt>
      <trkpt lat="45.940489768981934" lon="6.849353313446045">
        <ele>2055.93359375</ele>
      </trkpt>
      <trkpt lat="45.940854549407959" lon="6.84922456741333">
        <ele>2055.3359375</ele>
      </trkpt>
      <trkpt lat="45.940983295440674" lon="6.84922456741333">
        <ele>2053.8359375</ele>
      </trkpt>
      <trkpt lat="45.941348075866699" lon="6.849267482757568">
        <ele>2048.625</ele>
      </trkpt>
      <trkpt lat="45.941390991210938" lon="6.849267482757568">
        <ele>2048.28515625</ele>
      </trkpt>
      <trkpt lat="45.941541194915771" lon="6.849203109741211">
        <ele>2049.65234375</ele>
      </trkpt>
      <trkpt lat="45.941627025604248" lon="6.849203109741211">
        <ele>2049.0078125</ele>
      </trkpt>
      <trkpt lat="45.941712856292725" lon="6.84922456741333">
        <ele>2047.48046875</ele>
      </trkpt>
      <trkpt lat="45.942034721374512" lon="6.849460601806641">
        <ele>2035.078125</ele>
      </trkpt>
      <trkpt lat="45.942120552062988" lon="6.849546432495117">
        <ele>2031.57421875</ele>
      </trkpt>
      <trkpt lat="45.942206382751465" lon="6.849589347839355">
        <ele>2029.92578125</ele>
      </trkpt>
      <trkpt lat="45.942399501800537" lon="6.849653720855713">
        <ele>2027.60546875</ele>
      </trkpt>
      <trkpt lat="45.942678451538086" lon="6.849696636199951">
        <ele>2026.421875</ele>
      </trkpt>
      <trkpt lat="45.942935943603516" lon="6.849803924560547">
        <ele>2023.09765625</ele>
      </trkpt>
      <trkpt lat="45.943236351013184" lon="6.8499755859375">
        <ele>2018.98828125</ele>
      </trkpt>
      <trkpt lat="45.943429470062256" lon="6.850254535675049">
        <ele>2017.296875</ele>
      </trkpt>
      <trkpt lat="45.94357967376709" lon="6.850383281707764">
        <ele>2017.91796875</ele>
      </trkpt>
      <trkpt lat="45.943708419799805" lon="6.850512027740479">
        <ele>2018.4375</ele>
      </trkpt>
      <trkpt lat="45.943751335144043" lon="6.850619316101074">
        <ele>2017.80078125</ele>
      </trkpt>
      <trkpt lat="45.943794250488281" lon="6.850898265838623">
        <ele>2015.39453125</ele>
      </trkpt>
      <trkpt lat="45.943772792816162" lon="6.851091384887695">
        <ele>2014.11328125</ele>
      </trkpt>
      <trkpt lat="45.9438157081604" lon="6.851263046264648">
        <ele>2012.92578125</ele>
      </trkpt>
      <trkpt lat="45.943858623504639" lon="6.851370334625244">
        <ele>2011.90234375</ele>
      </trkpt>
      <trkpt lat="45.943965911865234" lon="6.851499080657959">
        <ele>2009.85546875</ele>
      </trkpt>
      <trkpt lat="45.944030284881592" lon="6.851584911346436">
        <ele>2008.19921875</ele>
      </trkpt>
      <trkpt lat="45.94407320022583" lon="6.851649284362793">
        <ele>2006.84765625</ele>
      </trkpt>
      <trkpt lat="45.944094657897949" lon="6.851692199707031">
        <ele>2005.47265625</ele>
      </trkpt>
      <trkpt lat="45.944051742553711" lon="6.85173511505127">
        <ele>2004.80078125</ele>
      </trkpt>
      <trkpt lat="45.944030284881592" lon="6.851778030395508">
        <ele>2003.84765625</ele>
      </trkpt>
      <trkpt lat="45.944008827209473" lon="6.851906776428223">
        <ele>2000.421875</ele>
      </trkpt>
      <trkpt lat="45.944030284881592" lon="6.851949691772461">
        <ele>1998.90234375</ele>
      </trkpt>
      <trkpt lat="45.944094657897949" lon="6.85197114944458">
        <ele>1997.43359375</ele>
      </trkpt>
      <trkpt lat="45.944159030914307" lon="6.852056980133057">
        <ele>1994.109375</ele>
      </trkpt>
      <trkpt lat="45.944201946258545" lon="6.852099895477295">
        <ele>1992.3046875</ele>
      </trkpt>
      <trkpt lat="45.944287776947021" lon="6.852121353149414">
        <ele>1990.5546875</ele>
      </trkpt>
      <trkpt lat="45.944373607635498" lon="6.852164268493652">
        <ele>1988.18359375</ele>
      </trkpt>
      <trkpt lat="45.944416522979736" lon="6.852207183837891">
        <ele>1986.37890625</ele>
      </trkpt>
      <trkpt lat="45.944437980651855" lon="6.852250099182129">
        <ele>1984.859375</ele>
      </trkpt>
      <trkpt lat="45.944437980651855" lon="6.852293014526367">
        <ele>1983.625</ele>
      </trkpt>
      <trkpt lat="45.944395065307617" lon="6.852335929870605">
        <ele>1982.953125</ele>
      </trkpt>
      <trkpt lat="45.944287776947021" lon="6.852421760559082">
        <ele>1981.8984375</ele>
      </trkpt>
      <trkpt lat="45.944223403930664" lon="6.852593421936035">
        <ele>1977.0703125</ele>
      </trkpt>
      <trkpt lat="45.944223403930664" lon="6.852636337280273">
        <ele>1975.5234375</ele>
      </trkpt>
      <trkpt lat="45.944244861602783" lon="6.852700710296631">
        <ele>1972.90234375</ele>
      </trkpt>
      <trkpt lat="45.944309234619141" lon="6.852743625640869">
        <ele>1970.43359375</ele>
      </trkpt>
      <trkpt lat="45.944395065307617" lon="6.852765083312988">
        <ele>1968.41796875</ele>
      </trkpt>
      <trkpt lat="45.944523811340332" lon="6.852786540985107">
        <ele>1966.3359375</ele>
      </trkpt>
      <trkpt lat="45.944652557373047" lon="6.852807998657227">
        <ele>1967.92578125</ele>
      </trkpt>
      <trkpt lat="45.944716930389404" lon="6.852850914001465">
        <ele>1967.63671875</ele>
      </trkpt>
      <trkpt lat="45.944802761077881" lon="6.852915287017822">
        <ele>1967.125</ele>
      </trkpt>
      <trkpt lat="45.944845676422119" lon="6.853001117706299">
        <ele>1965.1640625</ele>
      </trkpt>
      <trkpt lat="45.944910049438477" lon="6.85321569442749">
        <ele>1959.65234375</ele>
      </trkpt>
      <trkpt lat="45.944974422454834" lon="6.853451728820801">
        <ele>1954.75</ele>
      </trkpt>
      <trkpt lat="45.944995880126953" lon="6.853795051574707">
        <ele>1947.203125</ele>
      </trkpt>
      <trkpt lat="45.945167541503906" lon="6.854374408721924">
        <ele>1938.50390625</ele>
      </trkpt>
      <trkpt lat="45.945661067962646" lon="6.855554580688477">
        <ele>1927.81640625</ele>
      </trkpt>
      <trkpt lat="45.945768356323242" lon="6.855790615081787">
        <ele>1926.21484375</ele>
      </trkpt>
      <trkpt lat="45.945897102355957" lon="6.856005191802979">
        <ele>1926.515625</ele>
      </trkpt>
      <trkpt lat="45.945961475372314" lon="6.856348514556885">
        <ele>1918.9140625</ele>
      </trkpt>
      <trkpt lat="45.946111679077148" lon="6.856906414031982">
        <ele>1909.18359375</ele>
      </trkpt>
      <trkpt lat="45.946176052093506" lon="6.857056617736816">
        <ele>1908.16015625</ele>
      </trkpt>
      <trkpt lat="45.94632625579834" lon="6.85722827911377">
        <ele>1913.79296875</ele>
      </trkpt>
      <trkpt lat="45.946433544158936" lon="6.857485771179199">
        <ele>1914.02734375</ele>
      </trkpt>
      <trkpt lat="45.946497917175293" lon="6.857829093933105">
        <ele>1911.90625</ele>
      </trkpt>
      <trkpt lat="45.946476459503174" lon="6.858065128326416">
        <ele>1906.16796875</ele>
      </trkpt>
      <trkpt lat="45.946476459503174" lon="6.858172416687012">
        <ele>1904.19921875</ele>
      </trkpt>
      <trkpt lat="45.946540832519531" lon="6.858365535736084">
        <ele>1904.77734375</ele>
      </trkpt>
      <trkpt lat="45.946540832519531" lon="6.858537197113037">
        <ele>1900.80859375</ele>
      </trkpt>
      <trkpt lat="45.946605205535889" lon="6.858794689178467">
        <ele>1899.76171875</ele>
      </trkpt>
      <trkpt lat="45.946691036224365" lon="6.85945987701416">
        <ele>1893.22265625</ele>
      </trkpt>
      <trkpt lat="45.946776866912842" lon="6.859867572784424">
        <ele>1892.09765625</ele>
      </trkpt>
      <trkpt lat="45.946798324584961" lon="6.860082149505615">
        <ele>1891.6328125</ele>
      </trkpt>
      <trkpt lat="45.946776866912842" lon="6.860425472259521">
        <ele>1891</ele>
      </trkpt>
      <trkpt lat="45.946776866912842" lon="6.861090660095215">
        <ele>1895.58203125</ele>
      </trkpt>
      <trkpt lat="45.946712493896484" lon="6.861305236816406">
        <ele>1893.609375</ele>
      </trkpt>
      <trkpt lat="45.946626663208008" lon="6.861691474914551">
        <ele>1891.8984375</ele>
      </trkpt>
      <trkpt lat="45.946540832519531" lon="6.862249374389648">
        <ele>1892.9453125</ele>
      </trkpt>
      <trkpt lat="45.946497917175293" lon="6.862442493438721">
        <ele>1892.49609375</ele>
      </trkpt>
      <trkpt lat="45.946412086486816" lon="6.862742900848389">
        <ele>1885.50390625</ele>
      </trkpt>
      <trkpt lat="45.946261882781982" lon="6.862828731536865">
        <ele>1874.58203125</ele>
      </trkpt>
      <trkpt lat="45.946240425109863" lon="6.86295747756958">
        <ele>1872.4375</ele>
      </trkpt>
      <trkpt lat="45.946261882781982" lon="6.863536834716797">
        <ele>1871.58984375</ele>
      </trkpt>
      <trkpt lat="45.946197509765625" lon="6.86370849609375">
        <ele>1867.484375</ele>
      </trkpt>
      <trkpt lat="45.946047306060791" lon="6.863901615142822">
        <ele>1859.15625</ele>
      </trkpt>
      <trkpt lat="45.945982933044434" lon="6.864073276519775">
        <ele>1856.046875</ele>
      </trkpt>
      <trkpt lat="45.94606876373291" lon="6.864244937896729">
        <ele>1856.03125</ele>
      </trkpt>
      <trkpt lat="45.94632625579834" lon="6.864330768585205">
        <ele>1864.265625</ele>
      </trkpt>
      <trkpt lat="45.946433544158936" lon="6.864502429962158">
        <ele>1860.57421875</ele>
      </trkpt>
      <trkpt lat="45.946519374847412" lon="6.864631175994873">
        <ele>1857.9921875</ele>
      </trkpt>
      <trkpt lat="45.946605205535889" lon="6.86471700668335">
        <ele>1857.55859375</ele>
      </trkpt>
      <trkpt lat="45.946648120880127" lon="6.86495304107666">
        <ele>1847.3203125</ele>
      </trkpt>
      <trkpt lat="45.946726491674781" lon="6.865020263940096">
        <ele>1847.33203125</ele>
      </trkpt>
      <trkpt lat="45.946798324584961" lon="6.865081787109375">
        <ele>1847.37890625</ele>
      </trkpt>
      <trkpt lat="45.946927070617676" lon="6.865360736846924">
        <ele>1839.06640625</ele>
      </trkpt>
      <trkpt lat="45.946927070617676" lon="6.865596771240234">
        <ele>1826.92578125</ele>
      </trkpt>
      <trkpt lat="45.946991443634033" lon="6.865983009338379">
        <ele>1810.453125</ele>
      </trkpt>
      <trkpt lat="45.947184562683105" lon="6.86619758605957">
        <ele>1811.2265625</ele>
      </trkpt>
      <trkpt lat="45.947248935699463" lon="6.86619758605957">
        <ele>1815.29296875</ele>
      </trkpt>
      <trkpt lat="45.947377681732178" lon="6.866261959075928">
        <ele>1819.5390625</ele>
      </trkpt>
      <trkpt lat="45.947463512420654" lon="6.866433620452881">
        <ele>1814.19140625</ele>
      </trkpt>
      <trkpt lat="45.94757080078125" lon="6.866476535797119">
        <ele>1817.6953125</ele>
      </trkpt>
      <trkpt lat="45.947656631469727" lon="6.866476535797119">
        <ele>1822.6328125</ele>
      </trkpt>
      <trkpt lat="45.947763919830322" lon="6.866562366485596">
        <ele>1822.95703125</ele>
      </trkpt>
      <trkpt lat="45.947871208190918" lon="6.866605281829834">
        <ele>1825.0859375</ele>
      </trkpt>
      <trkpt lat="45.947914123535156" lon="6.866691112518311">
        <ele>1821.46875</ele>
      </trkpt>
      <trkpt lat="45.948085784912109" lon="6.866626739501953">
        <ele>1830.171875</ele>
      </trkpt>
      <trkpt lat="45.948343276977539" lon="6.866734027862549">
        <ele>1833.7734375</ele>
      </trkpt>
      <trkpt lat="45.948450565338135" lon="6.867098808288574">
        <ele>1825.3046875</ele>
      </trkpt>
      <trkpt lat="45.948665142059326" lon="6.867399215698242">
        <ele>1826.03125</ele>
      </trkpt>
      <trkpt lat="45.948750972747803" lon="6.867635250091553">
        <ele>1821.6171875</ele>
      </trkpt>
      <trkpt lat="45.948836803436279" lon="6.86769962310791">
        <ele>1821.05859375</ele>
      </trkpt>
      <trkpt lat="45.948922634124756" lon="6.867806911468506">
        <ele>1819.5625</ele>
      </trkpt>
      <trkpt lat="45.949051380157471" lon="6.867828369140625">
        <ele>1820.21484375</ele>
      </trkpt>
      <trkpt lat="45.94907283782959" lon="6.867871284484863">
        <ele>1819.4765625</ele>
      </trkpt>
      <trkpt lat="45.949051380157471" lon="6.867935657501221">
        <ele>1817.90625</ele>
      </trkpt>
      <trkpt lat="45.949180126190186" lon="6.868000030517578">
        <ele>1817.56640625</ele>
      </trkpt>
      <trkpt lat="45.949223041534424" lon="6.868107318878174">
        <ele>1815.5546875</ele>
      </trkpt>
      <trkpt lat="45.949265956878662" lon="6.868150234222412">
        <ele>1814.94140625</ele>
      </trkpt>
      <trkpt lat="45.949437618255615" lon="6.86819314956665">
        <ele>1815.2890625</ele>
      </trkpt>
      <trkpt lat="45.949523448944092" lon="6.868300437927246">
        <ele>1813.453125</ele>
      </trkpt>
      <trkpt lat="45.949587821960449" lon="6.868300437927246">
        <ele>1813.83203125</ele>
      </trkpt>
      <trkpt lat="45.949609279632568" lon="6.868364810943604">
        <ele>1812.796875</ele>
      </trkpt>
      <trkpt lat="45.949738025665283" lon="6.868429183959961">
        <ele>1812.625</ele>
      </trkpt>
      <trkpt lat="45.950188636779785" lon="6.868858337402344">
        <ele>1811.08984375</ele>
      </trkpt>
      <trkpt lat="45.950210094451904" lon="6.868965625762939">
        <ele>1810.16796875</ele>
      </trkpt>
      <trkpt lat="45.950403213500977" lon="6.869223117828369">
        <ele>1811.23828125</ele>
      </trkpt>
      <trkpt lat="45.950446128845215" lon="6.869330406188965">
        <ele>1811.8046875</ele>
      </trkpt>
      <trkpt lat="45.950596332550049" lon="6.869351863861084">
        <ele>1816.0078125</ele>
      </trkpt>
      <trkpt lat="45.950746536254883" lon="6.869266033172607">
        <ele>1820.3359375</ele>
      </trkpt>
      <trkpt lat="45.950875282287598" lon="6.869287490844727">
        <ele>1823.890625</ele>
      </trkpt>
      <trkpt lat="45.951089859008789" lon="6.869308948516846">
        <ele>1829.9453125</ele>
      </trkpt>
      <trkpt lat="45.951132774353027" lon="6.869308948516846">
        <ele>1831.14453125</ele>
      </trkpt>
      <trkpt lat="45.951218605041504" lon="6.869394779205322">
        <ele>1835.12890625</ele>
      </trkpt>
      <trkpt lat="45.951175689697266" lon="6.869845390319824">
        <ele>1836.36328125</ele>
      </trkpt>
      <trkpt lat="45.951218605041504" lon="6.869931221008301">
        <ele>1839.1875</ele>
      </trkpt>
      <trkpt lat="45.95130443572998" lon="6.869823932647705">
        <ele>1842.7109375</ele>
      </trkpt>
      <trkpt lat="45.951347351074219" lon="6.870102882385254">
        <ele>1845.42578125</ele>
      </trkpt>
      <trkpt lat="45.95130443572998" lon="6.870639324188232">
        <ele>1840.77734375</ele>
      </trkpt>
      <trkpt lat="45.951390266418457" lon="6.870532035827637">
        <ele>1844.02734375</ele>
      </trkpt>
      <trkpt lat="45.951433181762695" lon="6.870510578155518">
        <ele>1845.59765625</ele>
      </trkpt>
      <trkpt lat="45.951411724090576" lon="6.870639324188232">
        <ele>1843.7734375</ele>
      </trkpt>
      <trkpt lat="45.951390266418457" lon="6.8709397315979">
        <ele>1837.8828125</ele>
      </trkpt>
      <trkpt lat="45.951519012451172" lon="6.870810985565186">
        <ele>1844.59765625</ele>
      </trkpt>
      <trkpt lat="45.951583385467529" lon="6.870789527893066">
        <ele>1846.31640625</ele>
      </trkpt>
      <trkpt lat="45.951712131500244" lon="6.870875358581543">
        <ele>1845.88671875</ele>
      </trkpt>
      <trkpt lat="45.951883792877197" lon="6.870896816253662">
        <ele>1847.92578125</ele>
      </trkpt>
      <trkpt lat="45.952141284942627" lon="6.870810985565186">
        <ele>1857.10546875</ele>
      </trkpt>
      <trkpt lat="45.952291488647461" lon="6.8709397315979">
        <ele>1851.97265625</ele>
      </trkpt>
      <trkpt lat="45.952377319335938" lon="6.870875358581543">
        <ele>1856.94140625</ele>
      </trkpt>
      <trkpt lat="45.952463150024414" lon="6.870896816253662">
        <ele>1857.04296875</ele>
      </trkpt>
      <trkpt lat="45.95257043838501" lon="6.870853900909424">
        <ele>1861.0078125</ele>
      </trkpt>
      <trkpt lat="45.952656269073486" lon="6.870832443237305">
        <ele>1863.42578125</ele>
      </trkpt>
      <trkpt lat="45.952720642089844" lon="6.870896816253662">
        <ele>1860.96875</ele>
      </trkpt>
      <trkpt lat="45.952785015106201" lon="6.871068477630615">
        <ele>1853</ele>
      </trkpt>
      <trkpt lat="45.952870845794678" lon="6.871068477630615">
        <ele>1855.62890625</ele>
      </trkpt>
      <trkpt lat="45.952956676483154" lon="6.871111392974854">
        <ele>1857.63671875</ele>
      </trkpt>
      <trkpt lat="45.953021049499512" lon="6.871218681335449">
        <ele>1855.265625</ele>
      </trkpt>
      <trkpt lat="45.952999591827393" lon="6.871476173400879">
        <ele>1840.9140625</ele>
      </trkpt>
      <trkpt lat="45.953171253204346" lon="6.871776580810547">
        <ele>1834.13671875</ele>
      </trkpt>
      <trkpt lat="45.9532237239182" lon="6.871864087879658">
        <ele>1832.33984375</ele>
      </trkpt>
      <trkpt lat="45.953299999237061" lon="6.871991157531738">
        <ele>1829.6640625</ele>
      </trkpt>
      <trkpt lat="45.953450202941895" lon="6.871819496154785">
        <ele>1845.53515625</ele>
      </trkpt>
      <trkpt lat="45.953578948974609" lon="6.871840953826904">
        <ele>1850.67578125</ele>
      </trkpt>
      <trkpt lat="45.953686237335205" lon="6.8719482421875">
        <ele>1850.28515625</ele>
      </trkpt>
      <trkpt lat="45.953857898712158" lon="6.871905326843262">
        <ele>1860.28125</ele>
      </trkpt>
      <trkpt lat="45.953965187072754" lon="6.871926784515381">
        <ele>1864.125</ele>
      </trkpt>
      <trkpt lat="45.95407247543335" lon="6.872076988220215">
        <ele>1862.0546875</ele>
      </trkpt>
      <trkpt lat="45.954093933105469" lon="6.872270107269287">
        <ele>1854.17578125</ele>
      </trkpt>
      <trkpt lat="45.954201221466064" lon="6.87244176864624">
        <ele>1851.87890625</ele>
      </trkpt>
      <trkpt lat="45.954179763793945" lon="6.872570514678955">
        <ele>1845.07421875</ele>
      </trkpt>
      <trkpt lat="45.954287052154541" lon="6.872656345367432">
        <ele>1847.23046875</ele>
      </trkpt>
      <trkpt lat="45.954329967498779" lon="6.872763633728027">
        <ele>1845.109375</ele>
      </trkpt>
      <trkpt lat="45.954415798187256" lon="6.872892379760742">
        <ele>1844.71484375</ele>
      </trkpt>
      <trkpt lat="45.954523086547852" lon="6.873042583465576">
        <ele>1844.91015625</ele>
      </trkpt>
      <trkpt lat="45.954587459564209" lon="6.873171329498291">
        <ele>1843.13671875</ele>
      </trkpt>
      <trkpt lat="45.954630374908447" lon="6.873364448547363">
        <ele>1837.515625</ele>
      </trkpt>
      <trkpt lat="45.954716205596924" lon="6.873342990875244">
        <ele>1842.64453125</ele>
      </trkpt>
      <trkpt lat="45.954780578613281" lon="6.873321533203125">
        <ele>1846.75</ele>
      </trkpt>
      <trkpt lat="45.954995155334473" lon="6.873364448547363">
        <ele>1855.63671875</ele>
      </trkpt>
      <trkpt lat="45.95531702041626" lon="6.873471736907959">
        <ele>1866.37109375</ele>
      </trkpt>
      <trkpt lat="45.955445766448975" lon="6.873428821563721">
        <ele>1870.30078125</ele>
      </trkpt>
      <trkpt lat="45.955510139465332" lon="6.873493194580078">
        <ele>1867.6953125</ele>
      </trkpt>
      <trkpt lat="45.95555305480957" lon="6.873514652252197">
        <ele>1867.015625</ele>
      </trkpt>
      <trkpt lat="45.955638885498047" lon="6.873579025268555">
        <ele>1864.5625</ele>
      </trkpt>
      <trkpt lat="45.955810546875" lon="6.873621940612793">
        <ele>1863.91015625</ele>
      </trkpt>
      <trkpt lat="45.956025123596191" lon="6.873729228973389">
        <ele>1860.28125</ele>
      </trkpt>
      <trkpt lat="45.956196784973145" lon="6.87370777130127">
        <ele>1863.23828125</ele>
      </trkpt>
      <trkpt lat="45.956411361694336" lon="6.873772144317627">
        <ele>1864.6171875</ele>
      </trkpt>
      <trkpt lat="45.956625938415527" lon="6.87368631362915">
        <ele>1873.51171875</ele>
      </trkpt>
      <trkpt lat="45.956733226776123" lon="6.87368631362915">
        <ele>1875.8046875</ele>
      </trkpt>
      <trkpt lat="45.956861972808838" lon="6.873772144317627">
        <ele>1874.46875</ele>
      </trkpt>
      <trkpt lat="45.957076549530029" lon="6.874094009399414">
        <ele>1864.72265625</ele>
      </trkpt>
      <trkpt lat="45.957226753234863" lon="6.874287128448486">
        <ele>1861.69140625</ele>
      </trkpt>
      <trkpt lat="45.957527160644531" lon="6.874415874481201">
        <ele>1866.3984375</ele>
      </trkpt>
      <trkpt lat="45.95757007598877" lon="6.874458789825439">
        <ele>1866.24609375</ele>
      </trkpt>
      <trkpt lat="45.957612991333008" lon="6.874458789825439">
        <ele>1867.58984375</ele>
      </trkpt>
      <trkpt lat="45.957741737365723" lon="6.87469482421875">
        <ele>1863.6015625</ele>
      </trkpt>
      <trkpt lat="45.957913398742676" lon="6.874845027923584">
        <ele>1864.0859375</ele>
      </trkpt>
      <trkpt lat="45.958192348480225" lon="6.874930858612061">
        <ele>1870.2265625</ele>
      </trkpt>
      <trkpt lat="45.958321094512939" lon="6.87495231628418">
        <ele>1873.69140625</ele>
      </trkpt>
      <trkpt lat="45.958406925201416" lon="6.87495231628418">
        <ele>1876.46875</ele>
      </trkpt>
      <trkpt lat="45.958428382873535" lon="6.874995231628418">
        <ele>1875.95703125</ele>
      </trkpt>
      <trkpt lat="45.958471298217773" lon="6.875059604644775">
        <ele>1875.93359375</ele>
      </trkpt>
      <trkpt lat="45.958514213562012" lon="6.87518835067749">
        <ele>1874.55859375</ele>
      </trkpt>
      <trkpt lat="45.95855712890625" lon="6.875209808349609">
        <ele>1875.5703125</ele>
      </trkpt>
      <trkpt lat="45.958664417266846" lon="6.875402927398682">
        <ele>1875.32421875</ele>
      </trkpt>
      <trkpt lat="45.958685874938965" lon="6.875467300415039">
        <ele>1874.921875</ele>
      </trkpt>
      <trkpt lat="45.958707332611084" lon="6.875617504119873">
        <ele>1872.828125</ele>
      </trkpt>
      <trkpt lat="45.958750247955322" lon="6.87570333480835">
        <ele>1873.02734375</ele>
      </trkpt>
      <trkpt lat="45.958750247955322" lon="6.875767707824707">
        <ele>1871.76171875</ele>
      </trkpt>
      <trkpt lat="45.958771705627441" lon="6.875896453857422">
        <ele>1872.6171875</ele>
      </trkpt>
      <trkpt lat="45.958771705627441" lon="6.876003742218018">
        <ele>1873.51953125</ele>
      </trkpt>
      <trkpt lat="45.958793163299561" lon="6.876111030578613">
        <ele>1875.3984375</ele>
      </trkpt>
      <trkpt lat="45.958685874938965" lon="6.8764328956604">
        <ele>1873.2109375</ele>
      </trkpt>
      <trkpt lat="45.958642959594727" lon="6.876647472381592">
        <ele>1872.8828125</ele>
      </trkpt>
      <trkpt lat="45.958492755889893" lon="6.876990795135498">
        <ele>1860.90234375</ele>
      </trkpt>
      <trkpt lat="45.958385467529297" lon="6.877312660217285">
        <ele>1852.2421875</ele>
      </trkpt>
      <trkpt lat="45.958406925201416" lon="6.877377033233643">
        <ele>1852.32421875</ele>
      </trkpt>
      <trkpt lat="45.958600044250488" lon="6.877570152282715">
        <ele>1855.1640625</ele>
      </trkpt>
      <trkpt lat="45.958878993988037" lon="6.877741813659668">
        <ele>1862.19921875</ele>
      </trkpt>
      <trkpt lat="45.958943367004395" lon="6.877806186676025">
        <ele>1863.5</ele>
      </trkpt>
      <trkpt lat="45.958986282348633" lon="6.877892017364502">
        <ele>1863.21875</ele>
      </trkpt>
      <trkpt lat="45.959029197692871" lon="6.877999305725098">
        <ele>1862.4921875</ele>
      </trkpt>
      <trkpt lat="45.959136486053467" lon="6.878063678741455">
        <ele>1866.80859375</ele>
      </trkpt>
      <trkpt lat="45.959243774414062" lon="6.878235340118408">
        <ele>1868.90625</ele>
      </trkpt>
      <trkpt lat="45.959265232086182" lon="6.878342628479004">
        <ele>1868.62890625</ele>
      </trkpt>
      <trkpt lat="45.959222316741943" lon="6.878621578216553">
        <ele>1866.6015625</ele>
      </trkpt>
      <trkpt lat="45.959243774414062" lon="6.87894344329834">
        <ele>1869.02734375</ele>
      </trkpt>
      <trkpt lat="45.959200859069824" lon="6.879222393035889">
        <ele>1869.34765625</ele>
      </trkpt>
      <trkpt lat="45.95905065536499" lon="6.879673004150391">
        <ele>1873.51953125</ele>
      </trkpt>
      <trkpt lat="45.95881462097168" lon="6.879866123199463">
        <ele>1858.1484375</ele>
      </trkpt>
      <trkpt lat="45.958728790283203" lon="6.880252361297607">
        <ele>1864.54296875</ele>
      </trkpt>
      <trkpt lat="45.958578586578369" lon="6.880466938018799">
        <ele>1859.8515625</ele>
      </trkpt>
      <trkpt lat="45.958428382873535" lon="6.880638599395752">
        <ele>1853.3671875</ele>
      </trkpt>
      <trkpt lat="45.95829963684082" lon="6.880724430084229">
        <ele>1844.9296875</ele>
      </trkpt>
      <trkpt lat="45.958385467529297" lon="6.880745887756348">
        <ele>1853.375</ele>
      </trkpt>
      <trkpt lat="45.958364009857178" lon="6.88093900680542">
        <ele>1854.06640625</ele>
      </trkpt>
      <trkpt lat="45.958278179168701" lon="6.881260871887207">
        <ele>1848.19921875</ele>
      </trkpt>
      <trkpt lat="45.958321094512939" lon="6.881668567657471">
        <ele>1853.18359375</ele>
      </trkpt>
      <trkpt lat="45.958321094512939" lon="6.881775856018066">
        <ele>1852.19921875</ele>
      </trkpt>
      <trkpt lat="45.958385467529297" lon="6.882140636444092">
        <ele>1853.04296875</ele>
      </trkpt>
      <trkpt lat="45.958471298217773" lon="6.882505416870117">
        <ele>1854.19921875</ele>
      </trkpt>
      <trkpt lat="45.958578586578369" lon="6.882655620574951">
        <ele>1858.26171875</ele>
      </trkpt>
      <trkpt lat="45.958707332611084" lon="6.883106231689453">
        <ele>1858.31640625</ele>
      </trkpt>
      <trkpt lat="45.958707332611084" lon="6.883256435394287">
        <ele>1855.87109375</ele>
      </trkpt>
      <trkpt lat="45.958900451660156" lon="6.883728504180908">
        <ele>1860.05859375</ele>
      </trkpt>
      <trkpt lat="45.958857536315918" lon="6.8839430809021">
        <ele>1855.74609375</ele>
      </trkpt>
      <trkpt lat="45.958921909332275" lon="6.884136199951172">
        <ele>1857.01171875</ele>
      </trkpt>
      <trkpt lat="45.958943367004395" lon="6.884329319000244">
        <ele>1854.40625</ele>
      </trkpt>
      <trkpt lat="45.958943367004395" lon="6.884479522705078">
        <ele>1851.51953125</ele>
      </trkpt>
      <trkpt lat="45.958964824676514" lon="6.884608268737793">
        <ele>1850.0390625</ele>
      </trkpt>
      <trkpt lat="45.959007740020752" lon="6.884758472442627">
        <ele>1849.05859375</ele>
      </trkpt>
      <trkpt lat="45.959157943725586" lon="6.884951591491699">
        <ele>1851.7578125</ele>
      </trkpt>
      <trkpt lat="45.959179401397705" lon="6.885037422180176">
        <ele>1851.125</ele>
      </trkpt>
      <trkpt lat="45.959286689758301" lon="6.885080337524414">
        <ele>1855.0390625</ele>
      </trkpt>
      <trkpt lat="45.959351062774658" lon="6.885123252868652">
        <ele>1857.1015625</ele>
      </trkpt>
      <trkpt lat="45.959393978118896" lon="6.88518762588501">
        <ele>1857.875</ele>
      </trkpt>
      <trkpt lat="45.959630012512207" lon="6.885294914245605">
        <ele>1865.890625</ele>
      </trkpt>
      <trkpt lat="45.959737300872803" lon="6.885380744934082">
        <ele>1868.77734375</ele>
      </trkpt>
      <trkpt lat="45.959780216217041" lon="6.885509490966797">
        <ele>1868.390625</ele>
      </trkpt>
      <trkpt lat="45.959780216217041" lon="6.885552406311035">
        <ele>1867.6875</ele>
      </trkpt>
      <trkpt lat="45.959866046905518" lon="6.885766983032227">
        <ele>1867.66796875</ele>
      </trkpt>
      <trkpt lat="45.959994792938232" lon="6.885788440704346">
        <ele>1872.5703125</ele>
      </trkpt>
      <trkpt lat="45.960123538970947" lon="6.885852813720703">
        <ele>1877.37890625</ele>
      </trkpt>
      <trkpt lat="45.960230827331543" lon="6.885895729064941">
        <ele>1881.60546875</ele>
      </trkpt>
      <trkpt lat="45.96031665802002" lon="6.885960102081299">
        <ele>1884.890625</ele>
      </trkpt>
      <trkpt lat="45.960402488708496" lon="6.886045932769775">
        <ele>1886.83984375</ele>
      </trkpt>
      <trkpt lat="45.960445404052734" lon="6.886110305786133">
        <ele>1887.4609375</ele>
      </trkpt>
      <trkpt lat="45.960509777069092" lon="6.886303424835205">
        <ele>1887.44140625</ele>
      </trkpt>
      <trkpt lat="45.960531234741211" lon="6.88643217086792">
        <ele>1886.8046875</ele>
      </trkpt>
      <trkpt lat="45.960531234741211" lon="6.886539459228516">
        <ele>1885.953125</ele>
      </trkpt>
      <trkpt lat="45.960702896118164" lon="6.886818408966064">
        <ele>1882.40625</ele>
      </trkpt>
      <trkpt lat="45.960767269134521" lon="6.886839866638184">
        <ele>1882.2890625</ele>
      </trkpt>
      <trkpt lat="45.960981845855713" lon="6.886839866638184">
        <ele>1883.73046875</ele>
      </trkpt>
      <trkpt lat="45.961110591888428" lon="6.886882781982422">
        <ele>1883.1484375</ele>
      </trkpt>
      <trkpt lat="45.961239337921143" lon="6.886839866638184">
        <ele>1883.10546875</ele>
      </trkpt>
      <trkpt lat="45.961432456970215" lon="6.886754035949707">
        <ele>1881.03515625</ele>
      </trkpt>
      <trkpt lat="45.961904525756836" lon="6.886217594146729">
        <ele>1885.52734375</ele>
      </trkpt>
      <trkpt lat="45.961990356445312" lon="6.886239051818848">
        <ele>1882.984375</ele>
      </trkpt>
      <trkpt lat="45.961990356445312" lon="6.886346340179443">
        <ele>1879.2578125</ele>
      </trkpt>
      <trkpt lat="45.961904525756836" lon="6.886518001556396">
        <ele>1875.50390625</ele>
      </trkpt>
      <trkpt lat="45.961904525756836" lon="6.886904239654541">
        <ele>1865.6484375</ele>
      </trkpt>
      <trkpt lat="45.961925983428955" lon="6.88718318939209">
        <ele>1859.125</ele>
      </trkpt>
      <trkpt lat="45.961990356445312" lon="6.88744068145752">
        <ele>1852.67578125</ele>
      </trkpt>
      <trkpt lat="45.962140560150146" lon="6.887161731719971">
        <ele>1856.58984375</ele>
      </trkpt>
      <trkpt lat="45.962333679199219" lon="6.887011528015137">
        <ele>1856.4296875</ele>
      </trkpt>
      <trkpt lat="45.962569713592529" lon="6.88692569732666">
        <ele>1853.80859375</ele>
      </trkpt>
      <trkpt lat="45.962741374969482" lon="6.886882781982422">
        <ele>1851.3046875</ele>
      </trkpt>
      <trkpt lat="45.962848663330078" lon="6.886882781982422">
        <ele>1850.0390625</ele>
      </trkpt>
      <trkpt lat="45.962977409362793" lon="6.886904239654541">
        <ele>1851.28515625</ele>
      </trkpt>
      <trkpt lat="45.963342189788818" lon="6.887118816375732">
        <ele>1852.9765625</ele>
      </trkpt>
      <trkpt lat="45.963599681854248" lon="6.887354850769043">
        <ele>1852.15625</ele>
      </trkpt>
      <trkpt lat="45.963706970214844" lon="6.887397766113281">
        <ele>1853.484375</ele>
      </trkpt>
      <trkpt lat="45.963814258575439" lon="6.887462139129639">
        <ele>1856.24609375</ele>
      </trkpt>
      <trkpt lat="45.963943004608154" lon="6.887590885162354">
        <ele>1858.19140625</ele>
      </trkpt>
      <trkpt lat="45.963973514735699" lon="6.887631453573704">
        <ele>1858.37109375</ele>
      </trkpt>
      <trkpt lat="45.964007377624512" lon="6.88767671585083">
        <ele>1858.5234375</ele>
      </trkpt>
      <trkpt lat="45.964028835296631" lon="6.887805461883545">
        <ele>1856.5703125</ele>
      </trkpt>
      <trkpt lat="45.964179039001465" lon="6.888105869293213">
        <ele>1854.02734375</ele>
      </trkpt>
      <trkpt lat="45.964243412017822" lon="6.88817024230957">
        <ele>1854.01953125</ele>
      </trkpt>
      <trkpt lat="45.964372158050537" lon="6.888256072998047">
        <ele>1854.71484375</ele>
      </trkpt>
      <trkpt lat="45.964565277099609" lon="6.888470649719238">
        <ele>1852.09375</ele>
      </trkpt>
      <trkpt lat="45.964629650115967" lon="6.888599395751953">
        <ele>1849.390625</ele>
      </trkpt>
      <trkpt lat="45.964715480804443" lon="6.888620853424072">
        <ele>1851.1953125</ele>
      </trkpt>
      <trkpt lat="45.964758396148682" lon="6.888706684112549">
        <ele>1849.390625</ele>
      </trkpt>
      <trkpt lat="45.96480131149292" lon="6.888813972473145">
        <ele>1846.8125</ele>
      </trkpt>
      <trkpt lat="45.964865684509277" lon="6.88892126083374">
        <ele>1844.8828125</ele>
      </trkpt>
      <trkpt lat="45.964951515197754" lon="6.889157295227051">
        <ele>1839.24609375</ele>
      </trkpt>
      <trkpt lat="45.96505880355835" lon="6.889157295227051">
        <ele>1842.44921875</ele>
      </trkpt>
      <trkpt lat="45.965123176574707" lon="6.889200210571289">
        <ele>1843.3515625</ele>
      </trkpt>
      <trkpt lat="45.965209007263184" lon="6.889307498931885">
        <ele>1843.2734375</ele>
      </trkpt>
      <trkpt lat="45.965337753295898" lon="6.889393329620361">
        <ele>1844.8671875</ele>
      </trkpt>
      <trkpt lat="45.965487957000732" lon="6.889371871948242">
        <ele>1850.43359375</ele>
      </trkpt>
      <trkpt lat="45.96555233001709" lon="6.889371871948242">
        <ele>1852.5859375</ele>
      </trkpt>
      <trkpt lat="45.965573787689209" lon="6.889479160308838">
        <ele>1850.44921875</ele>
      </trkpt>
      <trkpt lat="45.965595245361328" lon="6.889522075653076">
        <ele>1850.00390625</ele>
      </trkpt>
      <trkpt lat="45.965681076049805" lon="6.889586448669434">
        <ele>1851.046875</ele>
      </trkpt>
      <trkpt lat="45.965766906738281" lon="6.88967227935791">
        <ele>1851.4296875</ele>
      </trkpt>
      <trkpt lat="45.965895652770996" lon="6.889693737030029">
        <ele>1854.90234375</ele>
      </trkpt>
      <trkpt lat="45.965981483459473" lon="6.889779567718506">
        <ele>1855.12890625</ele>
      </trkpt>
      <trkpt lat="45.966088771820068" lon="6.889843940734863">
        <ele>1856.55859375</ele>
      </trkpt>
      <trkpt lat="45.966389179229736" lon="6.890101432800293">
        <ele>1860.72265625</ele>
      </trkpt>
      <trkpt lat="45.966475009918213" lon="6.890122890472412">
        <ele>1863.50390625</ele>
      </trkpt>
      <trkpt lat="45.966517925262451" lon="6.890144348144531">
        <ele>1864.60546875</ele>
      </trkpt>
      <trkpt lat="45.966560840606689" lon="6.890337467193604">
        <ele>1861.1796875</ele>
      </trkpt>
      <trkpt lat="45.966689586639404" lon="6.89042329788208">
        <ele>1863.68359375</ele>
      </trkpt>
      <trkpt lat="45.966775417327881" lon="6.89068078994751">
        <ele>1859.76171875</ele>
      </trkpt>
      <trkpt lat="45.966882705688477" lon="6.890830993652344">
        <ele>1859.50390625</ele>
      </trkpt>
      <trkpt lat="45.966925621032715" lon="6.890830993652344">
        <ele>1860.99609375</ele>
      </trkpt>
      <trkpt lat="45.966968536376953" lon="6.890852451324463">
        <ele>1862</ele>
      </trkpt>
      <trkpt lat="45.967011451721191" lon="6.890938282012939">
        <ele>1861.74609375</ele>
      </trkpt>
      <trkpt lat="45.967075824737549" lon="6.891024112701416">
        <ele>1862.734375</ele>
      </trkpt>
      <trkpt lat="45.967097282409668" lon="6.891067028045654">
        <ele>1862.72265625</ele>
      </trkpt>
      <trkpt lat="45.967204570770264" lon="6.89117431640625">
        <ele>1865.07421875</ele>
      </trkpt>
      <trkpt lat="45.967247486114502" lon="6.891195774078369">
        <ele>1866.50390625</ele>
      </trkpt>
      <trkpt lat="45.967311859130859" lon="6.891260147094727">
        <ele>1867.8515625</ele>
      </trkpt>
      <trkpt lat="45.967376232147217" lon="6.891260147094727">
        <ele>1870.73828125</ele>
      </trkpt>
      <trkpt lat="45.967419147491455" lon="6.891324520111084">
        <ele>1871.07421875</ele>
      </trkpt>
      <trkpt lat="45.967462062835693" lon="6.891410350799561">
        <ele>1870.85546875</ele>
      </trkpt>
      <trkpt lat="45.967483520507812" lon="6.891517639160156">
        <ele>1869.12890625</ele>
      </trkpt>
      <trkpt lat="45.967504978179932" lon="6.891603469848633">
        <ele>1867.91796875</ele>
      </trkpt>
      <trkpt lat="45.967526435852051" lon="6.891646385192871">
        <ele>1867.75</ele>
      </trkpt>
      <trkpt lat="45.96754789352417" lon="6.891753673553467">
        <ele>1865.80078125</ele>
      </trkpt>
      <trkpt lat="45.967590808868408" lon="6.891860961914062">
        <ele>1864.75</ele>
      </trkpt>
      <trkpt lat="45.967676639556885" lon="6.891882419586182">
        <ele>1867.8203125</ele>
      </trkpt>
      <trkpt lat="45.967719554901123" lon="6.891946792602539">
        <ele>1867.88671875</ele>
      </trkpt>
      <trkpt lat="45.967762470245361" lon="6.891968250274658">
        <ele>1869.11328125</ele>
      </trkpt>
      <trkpt lat="45.967826843261719" lon="6.891968250274658">
        <ele>1871.83203125</ele>
      </trkpt>
      <trkpt lat="45.967891216278076" lon="6.892054080963135">
        <ele>1872.05078125</ele>
      </trkpt>
      <trkpt lat="45.967998504638672" lon="6.892096996307373">
        <ele>1875.1484375</ele>
      </trkpt>
      <trkpt lat="45.968127250671387" lon="6.892118453979492">
        <ele>1879.6796875</ele>
      </trkpt>
      <trkpt lat="45.968234539031982" lon="6.892118453979492">
        <ele>1883.96484375</ele>
      </trkpt>
      <trkpt lat="45.968620777130127" lon="6.892290115356445">
        <ele>1894.0546875</ele>
      </trkpt>
      <trkpt lat="45.968706607818604" lon="6.892268657684326">
        <ele>1898.41796875</ele>
      </trkpt>
      <trkpt lat="45.968749523162842" lon="6.892311573028564">
        <ele>1899.09375</ele>
      </trkpt>
      <trkpt lat="45.968835353851318" lon="6.892483234405518">
        <ele>1898.5546875</ele>
      </trkpt>
      <trkpt lat="45.968878269195557" lon="6.892611980438232">
        <ele>1901.05078125</ele>
      </trkpt>
      <trkpt lat="45.968985557556152" lon="6.892805099487305">
        <ele>1907.0078125</ele>
      </trkpt>
      <trkpt lat="45.969007015228271" lon="6.8929123878479">
        <ele>1908.48828125</ele>
      </trkpt>
      <trkpt lat="45.969007015228271" lon="6.893019676208496">
        <ele>1908.90625</ele>
      </trkpt>
      <trkpt lat="45.96904993057251" lon="6.893084049224854">
        <ele>1911.3359375</ele>
      </trkpt>
      <trkpt lat="45.969071388244629" lon="6.893191337585449">
        <ele>1912.87109375</ele>
      </trkpt>
      <trkpt lat="45.969114303588867" lon="6.893105506896973">
        <ele>1914.69140625</ele>
      </trkpt>
      <trkpt lat="45.969178676605225" lon="6.893041133880615">
        <ele>1917.6640625</ele>
      </trkpt>
      <trkpt lat="45.969178676605225" lon="6.893362998962402">
        <ele>1918.2890625</ele>
      </trkpt>
      <trkpt lat="45.969178676605225" lon="6.893556118011475">
        <ele>1916.51953125</ele>
      </trkpt>
      <trkpt lat="45.969157218933105" lon="6.893792152404785">
        <ele>1913.26953125</ele>
      </trkpt>
      <trkpt lat="45.969200134277344" lon="6.894028186798096">
        <ele>1913.28515625</ele>
      </trkpt>
      <trkpt lat="45.96928596496582" lon="6.893985271453857">
        <ele>1918.02734375</ele>
      </trkpt>
      <trkpt lat="45.969350337982178" lon="6.894092559814453">
        <ele>1920.27734375</ele>
      </trkpt>
      <trkpt lat="45.969564914703369" lon="6.894285678863525">
        <ele>1924.76953125</ele>
      </trkpt>
      <trkpt lat="45.969672203063965" lon="6.894285678863525">
        <ele>1929.53515625</ele>
      </trkpt>
      <trkpt lat="45.969736576080322" lon="6.894350051879883">
        <ele>1930.078125</ele>
      </trkpt>
      <trkpt lat="45.969843864440918" lon="6.894350051879883">
        <ele>1934.84375</ele>
      </trkpt>
      <trkpt lat="45.969929695129395" lon="6.89441442489624">
        <ele>1936.33984375</ele>
      </trkpt>
      <trkpt lat="45.969994068145752" lon="6.894478797912598">
        <ele>1936.87890625</ele>
      </trkpt>
      <trkpt lat="45.970208644866943" lon="6.894757747650146">
        <ele>1936.36328125</ele>
      </trkpt>
      <trkpt lat="45.970315933227539" lon="6.894822120666504">
        <ele>1938.8125</ele>
      </trkpt>
      <trkpt lat="45.970423221588135" lon="6.894843578338623">
        <ele>1941.62890625</ele>
      </trkpt>
      <trkpt lat="45.970487594604492" lon="6.89490795135498">
        <ele>1941.49609375</ele>
      </trkpt>
      <trkpt lat="45.970702171325684" lon="6.894993782043457">
        <ele>1945.7421875</ele>
      </trkpt>
      <trkpt lat="45.970830917358398" lon="6.89516544342041">
        <ele>1944.38671875</ele>
      </trkpt>
      <trkpt lat="45.970938205718994" lon="6.895229816436768">
        <ele>1946.13671875</ele>
      </trkpt>
      <trkpt lat="45.971002578735352" lon="6.895358562469482">
        <ele>1944.40625</ele>
      </trkpt>
      <trkpt lat="45.971109867095947" lon="6.895401477813721">
        <ele>1947.1328125</ele>
      </trkpt>
      <trkpt lat="45.971217155456543" lon="6.895530223846436">
        <ele>1947.08203125</ele>
      </trkpt>
      <trkpt lat="45.971324443817139" lon="6.89568042755127">
        <ele>1946.29296875</ele>
      </trkpt>
      <trkpt lat="45.971388816833496" lon="6.895723342895508">
        <ele>1947.2578125</ele>
      </trkpt>
      <trkpt lat="45.971474647521973" lon="6.895959377288818">
        <ele>1943.38671875</ele>
      </trkpt>
      <trkpt lat="45.971517562866211" lon="6.896023750305176">
        <ele>1943.03515625</ele>
      </trkpt>
      <trkpt lat="45.971646308898926" lon="6.896109580993652">
        <ele>1945.14453125</ele>
      </trkpt>
      <trkpt lat="45.971817970275879" lon="6.896281242370605">
        <ele>1946.44921875</ele>
      </trkpt>
      <trkpt lat="45.971946716308594" lon="6.896538734436035">
        <ele>1943.96875</ele>
      </trkpt>
      <trkpt lat="45.97203254699707" lon="6.896624565124512">
        <ele>1944.78515625</ele>
      </trkpt>
      <trkpt lat="45.972204208374023" lon="6.896731853485107">
        <ele>1948.51171875</ele>
      </trkpt>
      <trkpt lat="45.972461700439453" lon="6.897010803222656">
        <ele>1950.94140625</ele>
      </trkpt>
      <trkpt lat="45.972611904144287" lon="6.897289752960205">
        <ele>1949.16796875</ele>
      </trkpt>
      <trkpt lat="45.972633361816406" lon="6.897439956665039">
        <ele>1946.0390625</ele>
      </trkpt>
      <trkpt lat="45.97278356552124" lon="6.897547245025635">
        <ele>1947.96875</ele>
      </trkpt>
      <trkpt lat="45.972869396209717" lon="6.897718906402588">
        <ele>1944.15234375</ele>
      </trkpt>
      <trkpt lat="45.972890853881836" lon="6.897826194763184">
        <ele>1940.734375</ele>
      </trkpt>
      <trkpt lat="45.972976684570312" lon="6.897869110107422">
        <ele>1939.828125</ele>
      </trkpt>
      <trkpt lat="45.973255634307861" lon="6.897890567779541">
        <ele>1940.69921875</ele>
      </trkpt>
      <trkpt lat="45.9732985496521" lon="6.897826194763184">
        <ele>1943.56640625</ele>
      </trkpt>
      <trkpt lat="45.973427295684814" lon="6.897761821746826">
        <ele>1947.22265625</ele>
      </trkpt>
      <trkpt lat="45.973620414733887" lon="6.897890567779541">
        <ele>1942.82421875</ele>
      </trkpt>
      <trkpt lat="45.973749160766602" lon="6.897847652435303">
        <ele>1944.3359375</ele>
      </trkpt>
      <trkpt lat="45.973877906799316" lon="6.897761821746826">
        <ele>1947.2265625</ele>
      </trkpt>
      <trkpt lat="45.973963737487793" lon="6.897718906402588">
        <ele>1948.4140625</ele>
      </trkpt>
      <trkpt lat="45.97404956817627" lon="6.897761821746826">
        <ele>1945.8125</ele>
      </trkpt>
      <trkpt lat="45.974242687225342" lon="6.897783279418945">
        <ele>1943.328125</ele>
      </trkpt>
      <trkpt lat="45.974328517913818" lon="6.897826194763184">
        <ele>1940.87890625</ele>
      </trkpt>
      <trkpt lat="45.974607467651367" lon="6.898040771484375">
        <ele>1933.81640625</ele>
      </trkpt>
      <trkpt lat="45.974671840667725" lon="6.898083686828613">
        <ele>1933.68359375</ele>
      </trkpt>
      <trkpt lat="45.974693298339844" lon="6.898190975189209">
        <ele>1930.2734375</ele>
      </trkpt>
      <trkpt lat="45.97477912902832" lon="6.898190975189209">
        <ele>1932.3984375</ele>
      </trkpt>
      <trkpt lat="45.974843502044678" lon="6.898255348205566">
        <ele>1931.80078125</ele>
      </trkpt>
      <trkpt lat="45.974886417388916" lon="6.898384094238281">
        <ele>1928.54296875</ele>
      </trkpt>
      <trkpt lat="45.974993705749512" lon="6.89842700958252">
        <ele>1929.88671875</ele>
      </trkpt>
      <trkpt lat="45.975058078765869" lon="6.898469924926758">
        <ele>1930.09765625</ele>
      </trkpt>
      <trkpt lat="45.975122451782227" lon="6.898448467254639">
        <ele>1932.5234375</ele>
      </trkpt>
      <trkpt lat="45.975165367126465" lon="6.898491382598877">
        <ele>1932.1640625</ele>
      </trkpt>
      <trkpt lat="45.975272655487061" lon="6.898512840270996">
        <ele>1934.22265625</ele>
      </trkpt>
      <trkpt lat="45.975551605224609" lon="6.898684501647949">
        <ele>1934.93359375</ele>
      </trkpt>
      <trkpt lat="45.975916385650635" lon="6.898791790008545">
        <ele>1939.5078125</ele>
      </trkpt>
      <trkpt lat="45.976152420043945" lon="6.898813247680664">
        <ele>1944.12890625</ele>
      </trkpt>
      <trkpt lat="45.976345539093018" lon="6.898856163024902">
        <ele>1946.19140625</ele>
      </trkpt>
      <trkpt lat="45.976624488830566" lon="6.899006366729736">
        <ele>1945.15625</ele>
      </trkpt>
      <trkpt lat="45.976817607879639" lon="6.899070739746094">
        <ele>1945.765625</ele>
      </trkpt>
      <trkpt lat="45.976903438568115" lon="6.899135112762451">
        <ele>1944.4921875</ele>
      </trkpt>
      <trkpt lat="45.976967811584473" lon="6.89915657043457">
        <ele>1945.1640625</ele>
      </trkpt>
      <trkpt lat="45.977053642272949" lon="6.899113655090332">
        <ele>1947.87109375</ele>
      </trkpt>
      <trkpt lat="45.977332592010498" lon="6.899263858795166">
        <ele>1949.57421875</ele>
      </trkpt>
      <trkpt lat="45.977396965026855" lon="6.899263858795166">
        <ele>1950.71875</ele>
      </trkpt>
      <trkpt lat="45.977482795715332" lon="6.899242401123047">
        <ele>1952.58203125</ele>
      </trkpt>
      <trkpt lat="45.977547168731689" lon="6.899263858795166">
        <ele>1953.390625</ele>
      </trkpt>
      <trkpt lat="45.977590084075928" lon="6.899328231811523">
        <ele>1953.1953125</ele>
      </trkpt>
      <trkpt lat="45.977654457092285" lon="6.899306774139404">
        <ele>1954.6796875</ele>
      </trkpt>
      <trkpt lat="45.977761745452881" lon="6.899392604827881">
        <ele>1955.44921875</ele>
      </trkpt>
      <trkpt lat="45.977826118469238" lon="6.899607181549072">
        <ele>1953.92578125</ele>
      </trkpt>
      <trkpt lat="45.977869033813477" lon="6.899650096893311">
        <ele>1954.82421875</ele>
      </trkpt>
      <trkpt lat="45.97804069519043" lon="6.899735927581787">
        <ele>1959.45703125</ele>
      </trkpt>
      <trkpt lat="45.978062152862549" lon="6.899843215942383">
        <ele>1958.61328125</ele>
      </trkpt>
      <trkpt lat="45.978126525878906" lon="6.899950504302979">
        <ele>1959.13671875</ele>
      </trkpt>
      <trkpt lat="45.978233814239502" lon="6.900036334991455">
        <ele>1963.01171875</ele>
      </trkpt>
      <trkpt lat="45.978319644927979" lon="6.900186538696289">
        <ele>1966.61328125</ele>
      </trkpt>
      <trkpt lat="45.978426933288574" lon="6.900873184204102">
        <ele>1972.66015625</ele>
      </trkpt>
      <trkpt lat="45.97853422164917" lon="6.90115213394165">
        <ele>1975.91015625</ele>
      </trkpt>
      <trkpt lat="45.978577136993408" lon="6.901366710662842">
        <ele>1977.66796875</ele>
      </trkpt>
      <trkpt lat="45.978684425354004" lon="6.901710033416748">
        <ele>1981.96875</ele>
      </trkpt>
      <trkpt lat="45.978705883026123" lon="6.90190315246582">
        <ele>1984.5546875</ele>
      </trkpt>
      <trkpt lat="45.978748798370361" lon="6.902031898498535">
        <ele>1987.24609375</ele>
      </trkpt>
      <trkpt lat="45.978748798370361" lon="6.902246475219727">
        <ele>1989.1875</ele>
      </trkpt>
      <trkpt lat="45.978684425354004" lon="6.902396678924561">
        <ele>1988.4375</ele>
      </trkpt>
      <trkpt lat="45.978684425354004" lon="6.90265417098999">
        <ele>1988.78515625</ele>
      </trkpt>
      <trkpt lat="45.97877025604248" lon="6.902890205383301">
        <ele>1991.08984375</ele>
      </trkpt>
      <trkpt lat="45.9787917137146" lon="6.903061866760254">
        <ele>1991.4375</ele>
      </trkpt>
      <trkpt lat="45.978856086730957" lon="6.903190612792969">
        <ele>1993.08984375</ele>
      </trkpt>
      <trkpt lat="45.978941917419434" lon="6.903383731842041">
        <ele>1992.953125</ele>
      </trkpt>
      <trkpt lat="45.979070663452148" lon="6.903598308563232">
        <ele>1991.390625</ele>
      </trkpt>
      <trkpt lat="45.979113578796387" lon="6.903619766235352">
        <ele>1992.24609375</ele>
      </trkpt>
      <trkpt lat="45.979306697845459" lon="6.903619766235352">
        <ele>1998.5390625</ele>
      </trkpt>
      <trkpt lat="45.979435443878174" lon="6.903555393218994">
        <ele>2004.08203125</ele>
      </trkpt>
      <trkpt lat="45.97952127456665" lon="6.903533935546875">
        <ele>2007.1953125</ele>
      </trkpt>
      <trkpt lat="45.979585647583008" lon="6.903512477874756">
        <ele>2009.54296875</ele>
      </trkpt>
      <trkpt lat="45.979671478271484" lon="6.903512477874756">
        <ele>2012.109375</ele>
      </trkpt>
      <trkpt lat="45.979714393615723" lon="6.903491020202637">
        <ele>2013.75</ele>
      </trkpt>
      <trkpt lat="45.979757308959961" lon="6.903491020202637">
        <ele>2015.01953125</ele>
      </trkpt>
      <trkpt lat="45.979800224304199" lon="6.903512477874756">
        <ele>2015.95703125</ele>
      </trkpt>
      <trkpt lat="45.979907512664795" lon="6.903512477874756">
        <ele>2019.16015625</ele>
      </trkpt>
      <trkpt lat="45.979971885681152" lon="6.903491020202637">
        <ele>2021.359375</ele>
      </trkpt>
      <trkpt lat="45.980014801025391" lon="6.903512477874756">
        <ele>2022.3671875</ele>
      </trkpt>
      <trkpt lat="45.980229377746582" lon="6.903533935546875">
        <ele>2028.59375</ele>
      </trkpt>
      <trkpt lat="45.98027229309082" lon="6.903641223907471">
        <ele>2029.04296875</ele>
      </trkpt>
      <trkpt lat="45.98027229309082" lon="6.903855800628662">
        <ele>2027.33984375</ele>
      </trkpt>
      <trkpt lat="45.980250835418701" lon="6.904027462005615">
        <ele>2025.1640625</ele>
      </trkpt>
      <trkpt lat="45.980207920074463" lon="6.904113292694092">
        <ele>2022.76171875</ele>
      </trkpt>
      <trkpt lat="45.980186462402344" lon="6.904199123382568">
        <ele>2020.3359375</ele>
      </trkpt>
      <trkpt lat="45.980207920074463" lon="6.904242038726807">
        <ele>2020.36328125</ele>
      </trkpt>
      <trkpt lat="45.980250835418701" lon="6.904284954071045">
        <ele>2021.32421875</ele>
      </trkpt>
      <trkpt lat="45.980293750762939" lon="6.904263496398926">
        <ele>2023.52734375</ele>
      </trkpt>
      <trkpt lat="45.980336666107178" lon="6.904284954071045">
        <ele>2025.12109375</ele>
      </trkpt>
      <trkpt lat="45.980358123779297" lon="6.904242038726807">
        <ele>2026.9921875</ele>
      </trkpt>
      <trkpt lat="45.980401039123535" lon="6.904563903808594">
        <ele>2023.6328125</ele>
      </trkpt>
      <trkpt lat="45.980443954467773" lon="6.904628276824951">
        <ele>2024.87109375</ele>
      </trkpt>
      <trkpt lat="45.980486869812012" lon="6.904692649841309">
        <ele>2026.15625</ele>
      </trkpt>
      <trkpt lat="45.980551242828369" lon="6.904735565185547">
        <ele>2029.03125</ele>
      </trkpt>
      <trkpt lat="45.980594158172607" lon="6.904735565185547">
        <ele>2031.421875</ele>
      </trkpt>
      <trkpt lat="45.980658531188965" lon="6.904757022857666">
        <ele>2034.68359375</ele>
      </trkpt>
      <trkpt lat="45.980744361877441" lon="6.904757022857666">
        <ele>2039.48046875</ele>
      </trkpt>
      <trkpt lat="45.980830192565918" lon="6.904799938201904">
        <ele>2043.6953125</ele>
      </trkpt>
      <trkpt lat="45.980873107910156" lon="6.904864311218262">
        <ele>2045.2578125</ele>
      </trkpt>
      <trkpt lat="45.980894565582275" lon="6.904950141906738">
        <ele>2045.359375</ele>
      </trkpt>
      <trkpt lat="45.98102331161499" lon="6.904950141906738">
        <ele>2052.76953125</ele>
      </trkpt>
      <trkpt lat="45.981044769287109" lon="6.904885768890381">
        <ele>2054.7578125</ele>
      </trkpt>
      <trkpt lat="45.981066226959229" lon="6.904842853546143">
        <ele>2056.4765625</ele>
      </trkpt>
      <trkpt lat="45.981109142303467" lon="6.904885768890381">
        <ele>2058.4296875</ele>
      </trkpt>
      <trkpt lat="45.981173515319824" lon="6.904928684234619">
        <ele>2061.76953125</ele>
      </trkpt>
      <trkpt lat="45.981302261352539" lon="6.904928684234619">
        <ele>2069.86328125</ele>
      </trkpt>
      <trkpt lat="45.981366634368896" lon="6.904864311218262">
        <ele>2074.265625</ele>
      </trkpt>
      <trkpt lat="45.981388092041016" lon="6.9049072265625">
        <ele>2075.3671875</ele>
      </trkpt>
      <trkpt lat="45.981409549713135" lon="6.905057430267334">
        <ele>2074.6328125</ele>
      </trkpt>
      <trkpt lat="45.981409549713135" lon="6.905186176300049">
        <ele>2072.21484375</ele>
      </trkpt>
      <trkpt lat="45.981452465057373" lon="6.905143260955811">
        <ele>2075.91015625</ele>
      </trkpt>
      <trkpt lat="45.981495380401611" lon="6.905121803283691">
        <ele>2079.16796875</ele>
      </trkpt>
      <trkpt lat="45.98153829574585" lon="6.905100345611572">
        <ele>2082.38671875</ele>
      </trkpt>
      <trkpt lat="45.98153829574585" lon="6.905143260955811">
        <ele>2081.69140625</ele>
      </trkpt>
      <trkpt lat="45.981495380401611" lon="6.905186176300049">
        <ele>2078.06640625</ele>
      </trkpt>
      <trkpt lat="45.981581211090088" lon="6.905207633972168">
        <ele>2083.59375</ele>
      </trkpt>
      <trkpt lat="45.98153829574585" lon="6.905314922332764">
        <ele>2078.91015625</ele>
      </trkpt>
      <trkpt lat="45.98153829574585" lon="6.905379295349121">
        <ele>2077.87109375</ele>
      </trkpt>
      <trkpt lat="45.981581211090088" lon="6.905357837677002">
        <ele>2081.29296875</ele>
      </trkpt>
      <trkpt lat="45.981602668762207" lon="6.905465126037598">
        <ele>2081.234375</ele>
      </trkpt>
      <trkpt lat="45.981645584106445" lon="6.905443668365479">
        <ele>2084.703125</ele>
      </trkpt>
      <trkpt lat="45.981645584106445" lon="6.905486583709717">
        <ele>2084.1015625</ele>
      </trkpt>
      <trkpt lat="45.981667041778564" lon="6.905550956726074">
        <ele>2084.8203125</ele>
      </trkpt>
      <trkpt lat="45.981709957122803" lon="6.905550956726074">
        <ele>2088.0625</ele>
      </trkpt>
      <trkpt lat="45.981731414794922" lon="6.905615329742432">
        <ele>2088.89453125</ele>
      </trkpt>
      <trkpt lat="45.98177433013916" lon="6.905744075775146">
        <ele>2090.72265625</ele>
      </trkpt>
      <trkpt lat="45.98177433013916" lon="6.905786991119385">
        <ele>2090.23046875</ele>
      </trkpt>
      <trkpt lat="45.981817245483398" lon="6.90589427947998">
        <ele>2091.3203125</ele>
      </trkpt>
      <trkpt lat="45.981860160827637" lon="6.905958652496338">
        <ele>2093.36328125</ele>
      </trkpt>
      <trkpt lat="45.981881618499756" lon="6.906001567840576">
        <ele>2094.15625</ele>
      </trkpt>
      <trkpt lat="45.981945991516113" lon="6.906023025512695">
        <ele>2098.9453125</ele>
      </trkpt>
      <trkpt lat="45.98203182220459" lon="6.906173229217529">
        <ele>2101.09765625</ele>
      </trkpt>
      <trkpt lat="45.98203182220459" lon="6.906108856201172">
        <ele>2102.5078125</ele>
      </trkpt>
      <trkpt lat="45.982053279876709" lon="6.906087398529053">
        <ele>2104.0234375</ele>
      </trkpt>
      <trkpt lat="45.982074737548828" lon="6.906108856201172">
        <ele>2104.59375</ele>
      </trkpt>
      <trkpt lat="45.982117652893066" lon="6.906280517578125">
        <ele>2102.8359375</ele>
      </trkpt>
      <trkpt lat="45.982203483581543" lon="6.906387805938721">
        <ele>2104.46875</ele>
      </trkpt>
      <trkpt lat="45.982246398925781" lon="6.90640926361084">
        <ele>2105.98828125</ele>
      </trkpt>
      <trkpt lat="45.9822678565979" lon="6.906473636627197">
        <ele>2105.49609375</ele>
      </trkpt>
      <trkpt lat="45.982375144958496" lon="6.906580924987793">
        <ele>2107.92578125</ele>
      </trkpt>
      <trkpt lat="45.982460975646973" lon="6.906559467315674">
        <ele>2112.38671875</ele>
      </trkpt>
      <trkpt lat="45.982460975646973" lon="6.906602382659912">
        <ele>2111.33984375</ele>
      </trkpt>
      <trkpt lat="45.982503890991211" lon="6.906623840332031">
        <ele>2112.77734375</ele>
      </trkpt>
      <trkpt lat="45.982482433319092" lon="6.90666675567627">
        <ele>2110.265625</ele>
      </trkpt>
      <trkpt lat="45.982482433319092" lon="6.906774044036865">
        <ele>2106.40234375</ele>
      </trkpt>
      <trkpt lat="45.982396602630615" lon="6.906859874725342">
        <ele>2099.39453125</ele>
      </trkpt>
      <trkpt lat="45.982418060302734" lon="6.90690279006958">
        <ele>2098.828125</ele>
      </trkpt>
      <trkpt lat="45.982460975646973" lon="6.90690279006958">
        <ele>2100.78515625</ele>
      </trkpt>
      <trkpt lat="45.982482433319092" lon="6.906945705413818">
        <ele>2100.21875</ele>
      </trkpt>
      <trkpt lat="45.982460975646973" lon="6.906988620758057">
        <ele>2097.69140625</ele>
      </trkpt>
      <trkpt lat="45.982503890991211" lon="6.906988620758057">
        <ele>2099.65234375</ele>
      </trkpt>
      <trkpt lat="45.98252534866333" lon="6.907031536102295">
        <ele>2099.0859375</ele>
      </trkpt>
      <trkpt lat="45.982503890991211" lon="6.907074451446533">
        <ele>2096.55859375</ele>
      </trkpt>
      <trkpt lat="45.982546806335449" lon="6.907095909118652">
        <ele>2097.7421875</ele>
      </trkpt>
      <trkpt lat="45.982568264007568" lon="6.907203197479248">
        <ele>2094.859375</ele>
      </trkpt>
      <trkpt lat="45.98252534866333" lon="6.907289028167725">
        <ele>2089.80859375</ele>
      </trkpt>
      <trkpt lat="45.982460975646973" lon="6.907267570495605">
        <ele>2087.64453125</ele>
      </trkpt>
      <trkpt lat="45.982418060302734" lon="6.907267570495605">
        <ele>2085.6875</ele>
      </trkpt>
      <trkpt lat="45.982439517974854" lon="6.907374858856201">
        <ele>2082.80078125</ele>
      </trkpt>
      <trkpt lat="45.982482433319092" lon="6.907503604888916">
        <ele>2079.53125</ele>
      </trkpt>
      <trkpt lat="45.98252534866333" lon="6.907567977905273">
        <ele>2078.3828125</ele>
      </trkpt>
      <trkpt lat="45.982546806335449" lon="6.907610893249512">
        <ele>2077.30859375</ele>
      </trkpt>
      <trkpt lat="45.982482433319092" lon="6.907610893249512">
        <ele>2074.2734375</ele>
      </trkpt>
      <trkpt lat="45.98252534866333" lon="6.907696723937988">
        <ele>2072.12890625</ele>
      </trkpt>
      <trkpt lat="45.982482433319092" lon="6.907718181610107">
        <ele>2069.015625</ele>
      </trkpt>
      <trkpt lat="45.982439517974854" lon="6.907696723937988">
        <ele>2068.0078125</ele>
      </trkpt>
      <trkpt lat="45.982439517974854" lon="6.907761096954346">
        <ele>2064.82421875</ele>
      </trkpt>
      <trkpt lat="45.982503890991211" lon="6.907804012298584">
        <ele>2065.86328125</ele>
      </trkpt>
      <trkpt lat="45.982503890991211" lon="6.907846927642822">
        <ele>2063.76953125</ele>
      </trkpt>
      <trkpt lat="45.982460975646973" lon="6.907846927642822">
        <ele>2061.64453125</ele>
      </trkpt>
      <trkpt lat="45.982503890991211" lon="6.90791130065918">
        <ele>2060.62890625</ele>
      </trkpt>
      <trkpt lat="45.982439517974854" lon="6.907932758331299">
        <ele>2056.33984375</ele>
      </trkpt>
      <trkpt lat="45.982460975646973" lon="6.907975673675537">
        <ele>2055.30859375</ele>
      </trkpt>
      <trkpt lat="45.982396602630615" lon="6.907975673675537">
        <ele>2052.03515625</ele>
      </trkpt>
      <trkpt lat="45.982439517974854" lon="6.908082962036133">
        <ele>2048.9140625</ele>
      </trkpt>
      <trkpt lat="45.98252534866333" lon="6.908168792724609">
        <ele>2049.203125</ele>
      </trkpt>
      <trkpt lat="45.982546806335449" lon="6.908190250396729">
        <ele>2049.296875</ele>
      </trkpt>
      <trkpt lat="45.982503890991211" lon="6.908211708068848">
        <ele>2045.9765625</ele>
      </trkpt>
      <trkpt lat="45.982418060302734" lon="6.908254623413086">
        <ele>2039.27734375</ele>
      </trkpt>
      <trkpt lat="45.982396602630615" lon="6.908318996429443">
        <ele>2034.6640625</ele>
      </trkpt>
      <trkpt lat="45.982353687286377" lon="6.908340454101562">
        <ele>2031.109375</ele>
      </trkpt>
      <trkpt lat="45.982332229614258" lon="6.908383369445801">
        <ele>2027.46875</ele>
      </trkpt>
      <trkpt lat="45.982375144958496" lon="6.908426284790039">
        <ele>2027.23046875</ele>
      </trkpt>
      <trkpt lat="45.982375144958496" lon="6.908490657806396">
        <ele>2023.4609375</ele>
      </trkpt>
      <trkpt lat="45.982353687286377" lon="6.908533573150635">
        <ele>2019.84765625</ele>
      </trkpt>
      <trkpt lat="45.982332229614258" lon="6.908576488494873">
        <ele>2016.2578125</ele>
      </trkpt>
      <trkpt lat="45.982418060302734" lon="6.908576488494873">
        <ele>2020.61328125</ele>
      </trkpt>
      <trkpt lat="45.982460975646973" lon="6.908512115478516">
        <ele>2026.62109375</ele>
      </trkpt>
      <trkpt lat="45.982503890991211" lon="6.908490657806396">
        <ele>2030.12109375</ele>
      </trkpt>
      <trkpt lat="45.982503890991211" lon="6.908533573150635">
        <ele>2027.54296875</ele>
      </trkpt>
      <trkpt lat="45.982568264007568" lon="6.908469200134277">
        <ele>2034.75390625</ele>
      </trkpt>
      <trkpt lat="45.982611179351807" lon="6.908490657806396">
        <ele>2035.671875</ele>
      </trkpt>
      <trkpt lat="45.982589721679688" lon="6.908533573150635">
        <ele>2031.94140625</ele>
      </trkpt>
      <trkpt lat="45.982632637023926" lon="6.908533573150635">
        <ele>2034.140625</ele>
      </trkpt>
      <trkpt lat="45.982675552368164" lon="6.908555030822754">
        <ele>2035.0078125</ele>
      </trkpt>
      <trkpt lat="45.982761383056641" lon="6.908533573150635">
        <ele>2040.734375</ele>
      </trkpt>
      <trkpt lat="45.982825756072998" lon="6.908555030822754">
        <ele>2042.33203125</ele>
      </trkpt>
      <trkpt lat="45.982868671417236" lon="6.908576488494873">
        <ele>2041.64453125</ele>
      </trkpt>
      <trkpt lat="45.982911586761475" lon="6.908619403839111">
        <ele>2039.640625</ele>
      </trkpt>
      <trkpt lat="45.982933044433594" lon="6.90866231918335">
        <ele>2037.32421875</ele>
      </trkpt>
      <trkpt lat="45.982954502105713" lon="6.908726692199707">
        <ele>2033.703125</ele>
      </trkpt>
      <trkpt lat="45.982975959777832" lon="6.908769607543945">
        <ele>2031.44140625</ele>
      </trkpt>
      <trkpt lat="45.982890129089355" lon="6.908769607543945">
        <ele>2029.875</ele>
      </trkpt>
      <trkpt lat="45.982804298400879" lon="6.908769607543945">
        <ele>2027.9453125</ele>
      </trkpt>
      <trkpt lat="45.982761383056641" lon="6.908812522888184">
        <ele>2023.16015625</ele>
      </trkpt>
      <trkpt lat="45.982825756072998" lon="6.908876895904541">
        <ele>2021.88671875</ele>
      </trkpt>
      <trkpt lat="45.98278284072876" lon="6.908876895904541">
        <ele>2020.12109375</ele>
      </trkpt>
      <trkpt lat="45.982804298400879" lon="6.908919811248779">
        <ele>2018.41015625</ele>
      </trkpt>
      <trkpt lat="45.98278284072876" lon="6.908919811248779">
        <ele>2017.40625</ele>
      </trkpt>
      <trkpt lat="45.982761383056641" lon="6.908962726593018">
        <ele>2013.6953125</ele>
      </trkpt>
      <trkpt lat="45.982739925384521" lon="6.909005641937256">
        <ele>2010.01171875</ele>
      </trkpt>
      <trkpt lat="45.98278284072876" lon="6.909091472625732">
        <ele>2006.546875</ele>
      </trkpt>
      <trkpt lat="45.982825756072998" lon="6.909112930297852">
        <ele>2006.89453125</ele>
      </trkpt>
      <trkpt lat="45.982890129089355" lon="6.909177303314209">
        <ele>2003.953125</ele>
      </trkpt>
      <trkpt lat="45.982868671417236" lon="6.909241676330566">
        <ele>1998.94140625</ele>
      </trkpt>
      <trkpt lat="45.982890129089355" lon="6.909241676330566">
        <ele>1999.47265625</ele>
      </trkpt>
      <trkpt lat="45.982911586761475" lon="6.909284591674805">
        <ele>1997.0390625</ele>
      </trkpt>
      <trkpt lat="45.982933044433594" lon="6.909327507019043">
        <ele>1994.6328125</ele>
      </trkpt>
      <trkpt lat="45.982975959777832" lon="6.909327507019043">
        <ele>1995.76171875</ele>
      </trkpt>
      <trkpt lat="45.982997417449951" lon="6.9093918800354">
        <ele>1991.96875</ele>
      </trkpt>
      <trkpt lat="45.982975959777832" lon="6.90941333770752">
        <ele>1989.91796875</ele>
      </trkpt>
      <trkpt lat="45.982997417449951" lon="6.909456253051758">
        <ele>1987.609375</ele>
      </trkpt>
      <trkpt lat="45.98301887512207" lon="6.909499168395996">
        <ele>1985.33203125</ele>
      </trkpt>
      <trkpt lat="45.983040332794189" lon="6.909542083740234">
        <ele>1983.08984375</ele>
      </trkpt>
      <trkpt lat="45.983147621154785" lon="6.90964937210083">
        <ele>1979.328125</ele>
      </trkpt>
      <trkpt lat="45.983190536499023" lon="6.909735202789307">
        <ele>1975.171875</ele>
      </trkpt>
      <trkpt lat="45.983211994171143" lon="6.909799575805664">
        <ele>1971.76953125</ele>
      </trkpt>
      <trkpt lat="45.983254909515381" lon="6.909842491149902">
        <ele>1970.53515625</ele>
      </trkpt>
      <trkpt lat="45.983254909515381" lon="6.90990686416626">
        <ele>1966.46484375</ele>
      </trkpt>
      <trkpt lat="45.983233451843262" lon="6.909928321838379">
        <ele>1964.31640625</ele>
      </trkpt>
      <trkpt lat="45.983340740203857" lon="6.910057067871094">
        <ele>1957.3984375</ele>
      </trkpt>
      <trkpt lat="45.983448028564453" lon="6.910164356231689">
        <ele>1951.53515625</ele>
      </trkpt>
      <trkpt lat="45.983512401580811" lon="6.910271644592285">
        <ele>1944.01953125</ele>
      </trkpt>
      <trkpt lat="45.983555316925049" lon="6.910357475280762">
        <ele>1937.6484375</ele>
      </trkpt>
      <trkpt lat="45.983726978302002" lon="6.910550594329834">
        <ele>1929.0078125</ele>
      </trkpt>
      <trkpt lat="45.983834266662598" lon="6.91065788269043">
        <ele>1928.01953125</ele>
      </trkpt>
      <trkpt lat="45.983898639678955" lon="6.910679340362549">
        <ele>1931.40625</ele>
      </trkpt>
      <trkpt lat="45.983877182006836" lon="6.910700798034668">
        <ele>1927.86328125</ele>
      </trkpt>
      <trkpt lat="45.983898639678955" lon="6.910743713378906">
        <ele>1926.05859375</ele>
      </trkpt>
      <trkpt lat="45.98402738571167" lon="6.911001205444336">
        <ele>1917.14453125</ele>
      </trkpt>
      <trkpt lat="45.98402738571167" lon="6.911044120788574">
        <ele>1913.8828125</ele>
      </trkpt>
      <trkpt lat="45.984070301055908" lon="6.91115140914917">
        <ele>1909.28125</ele>
      </trkpt>
      <trkpt lat="45.984177589416504" lon="6.911344528198242">
        <ele>1903.265625</ele>
      </trkpt>
      <trkpt lat="45.984156131744385" lon="6.91138744354248">
        <ele>1898.22265625</ele>
      </trkpt>
      <trkpt lat="45.984156131744385" lon="6.911430358886719">
        <ele>1894.921875</ele>
      </trkpt>
      <trkpt lat="45.984199047088623" lon="6.911451816558838">
        <ele>1896.7265625</ele>
      </trkpt>
      <trkpt lat="45.984220504760742" lon="6.911494731903076">
        <ele>1895.1328125</ele>
      </trkpt>
      <trkpt lat="45.984306335449219" lon="6.911623477935791">
        <ele>1891.9609375</ele>
      </trkpt>
      <trkpt lat="45.9842848777771" lon="6.911666393280029">
        <ele>1886.55859375</ele>
      </trkpt>
      <trkpt lat="45.984306335449219" lon="6.911816596984863">
        <ele>1875.2421875</ele>
      </trkpt>
      <trkpt lat="45.984349250793457" lon="6.911838054656982">
        <ele>1876.66796875</ele>
      </trkpt>
      <trkpt lat="45.984370708465576" lon="6.911880970001221">
        <ele>1874.5546875</ele>
      </trkpt>
      <trkpt lat="45.984413623809814" lon="6.91190242767334">
        <ele>1875.92578125</ele>
      </trkpt>
      <trkpt lat="45.98452091217041" lon="6.91190242767334">
        <ele>1883.23046875</ele>
      </trkpt>
      <trkpt lat="45.984563827514648" lon="6.911988258361816">
        <ele>1878.0703125</ele>
      </trkpt>
      <trkpt lat="45.984606742858887" lon="6.911988258361816">
        <ele>1880.484375</ele>
      </trkpt>
      <trkpt lat="45.984714031219482" lon="6.912009716033936">
        <ele>1884.6875</ele>
      </trkpt>
      <trkpt lat="45.98477840423584" lon="6.912009716033936">
        <ele>1888.33203125</ele>
      </trkpt>
      <trkpt lat="45.984821319580078" lon="6.912009716033936">
        <ele>1890.7578125</ele>
      </trkpt>
      <trkpt lat="45.984821319580078" lon="6.912074089050293">
        <ele>1885.38671875</ele>
      </trkpt>
      <trkpt lat="45.984864234924316" lon="6.912117004394531">
        <ele>1884.3046875</ele>
      </trkpt>
      <trkpt lat="45.984971523284912" lon="6.912181377410889">
        <ele>1885.3359375</ele>
      </trkpt>
      <trkpt lat="45.985121726989746" lon="6.91239595413208">
        <ele>1877.35546875</ele>
      </trkpt>
      <trkpt lat="45.985186100006104" lon="6.912417411804199">
        <ele>1879.72265625</ele>
      </trkpt>
      <trkpt lat="45.985207557678223" lon="6.912503242492676">
        <ele>1875.1171875</ele>
      </trkpt>
      <trkpt lat="45.985250473022461" lon="6.912503242492676">
        <ele>1877.83984375</ele>
      </trkpt>
      <trkpt lat="45.985229015350342" lon="6.912589073181152">
        <ele>1871.03515625</ele>
      </trkpt>
      <trkpt lat="45.985250473022461" lon="6.912610530853271">
        <ele>1871.03515625</ele>
      </trkpt>
      <trkpt lat="45.98527193069458" lon="6.912610530853271">
        <ele>1872.390625</ele>
      </trkpt>
      <trkpt lat="45.985250473022461" lon="6.912674903869629">
        <ele>1866.94921875</ele>
      </trkpt>
      <trkpt lat="45.985293388366699" lon="6.912674903869629">
        <ele>1869.65234375</ele>
      </trkpt>
      <trkpt lat="45.985379219055176" lon="6.912739276885986">
        <ele>1870.27734375</ele>
      </trkpt>
      <trkpt lat="45.985336303710938" lon="6.912782192230225">
        <ele>1865.28515625</ele>
      </trkpt>
      <trkpt lat="45.985379219055176" lon="6.912803649902344">
        <ele>1866.12109375</ele>
      </trkpt>
      <trkpt lat="45.985422134399414" lon="6.912803649902344">
        <ele>1868.32421875</ele>
      </trkpt>
      <trkpt lat="45.985400676727295" lon="6.912825107574463">
        <ele>1865.83203125</ele>
      </trkpt>
      <trkpt lat="45.985443592071533" lon="6.912868022918701">
        <ele>1865.21484375</ele>
      </trkpt>
      <trkpt lat="45.985486507415771" lon="6.912868022918701">
        <ele>1867.37890625</ele>
      </trkpt>
      <trkpt lat="45.985572338104248" lon="6.912953853607178">
        <ele>1865.9296875</ele>
      </trkpt>
      <trkpt lat="45.985593795776367" lon="6.912996768951416">
        <ele>1864.08203125</ele>
      </trkpt>
      <trkpt lat="45.985679626464844" lon="6.913061141967773">
        <ele>1863.82421875</ele>
      </trkpt>
      <trkpt lat="45.985679626464844" lon="6.913125514984131">
        <ele>1859.38671875</ele>
      </trkpt>
      <trkpt lat="45.985743999481201" lon="6.91314697265625">
        <ele>1860.8984375</ele>
      </trkpt>
      <trkpt lat="45.985701084136963" lon="6.913189888000488">
        <ele>1855.93359375</ele>
      </trkpt>
      <trkpt lat="45.985786914825439" lon="6.913232803344727">
        <ele>1856.84765625</ele>
      </trkpt>
      <trkpt lat="45.985808372497559" lon="6.913275718688965">
        <ele>1854.78125</ele>
      </trkpt>
      <trkpt lat="45.985786914825439" lon="6.913318634033203">
        <ele>1850.8671875</ele>
      </trkpt>
      <trkpt lat="45.985829830169678" lon="6.913361549377441">
        <ele>1849.82421875</ele>
      </trkpt>
      <trkpt lat="45.985829830169678" lon="6.91340446472168">
        <ele>1846.8828125</ele>
      </trkpt>
      <trkpt lat="45.985894203186035" lon="6.913597583770752">
        <ele>1836.359375</ele>
      </trkpt>
      <trkpt lat="45.985980033874512" lon="6.91364049911499">
        <ele>1836.9921875</ele>
      </trkpt>
      <trkpt lat="45.985980033874512" lon="6.913683414459229">
        <ele>1834.00390625</ele>
      </trkpt>
      <trkpt lat="45.985937118530273" lon="6.913704872131348">
        <ele>1830.73046875</ele>
      </trkpt>
      <trkpt lat="45.985851287841797" lon="6.913683414459229">
        <ele>1828.65234375</ele>
      </trkpt>
      <trkpt lat="45.985894203186035" lon="6.913747787475586">
        <ele>1825.9921875</ele>
      </trkpt>
      <trkpt lat="45.98602294921875" lon="6.913855075836182">
        <ele>1823.78125</ele>
      </trkpt>
      <trkpt lat="45.986065864562988" lon="6.913876533508301">
        <ele>1824.00390625</ele>
      </trkpt>
      <trkpt lat="45.986130237579346" lon="6.913876533508301">
        <ele>1826.59375</ele>
      </trkpt>
      <trkpt lat="45.986216068267822" lon="6.913940906524658">
        <ele>1825.30078125</ele>
      </trkpt>
      <trkpt lat="45.986323356628418" lon="6.914048194885254">
        <ele>1821.5703125</ele>
      </trkpt>
      <trkpt lat="45.986430644989014" lon="6.91413402557373">
        <ele>1819.4296875</ele>
      </trkpt>
      <trkpt lat="45.986452102661133" lon="6.914176940917969">
        <ele>1817.7578125</ele>
      </trkpt>
      <trkpt lat="45.98651647567749" lon="6.914241313934326">
        <ele>1816.36328125</ele>
      </trkpt>
      <trkpt lat="45.986666679382324" lon="6.914370059967041">
        <ele>1814.171875</ele>
      </trkpt>
      <trkpt lat="45.986709594726562" lon="6.914434432983398">
        <ele>1811.890625</ele>
      </trkpt>
      <trkpt lat="45.986795425415039" lon="6.914498805999756">
        <ele>1811.03125</ele>
      </trkpt>
      <trkpt lat="45.986838340759277" lon="6.914541721343994">
        <ele>1809.94140625</ele>
      </trkpt>
      <trkpt lat="45.986881256103516" lon="6.914563179016113">
        <ele>1810.109375</ele>
      </trkpt>
      <trkpt lat="45.986988544464111" lon="6.914584636688232">
        <ele>1812.4921875</ele>
      </trkpt>
      <trkpt lat="45.98701000213623" lon="6.914670467376709">
        <ele>1808.21875</ele>
      </trkpt>
      <trkpt lat="45.987052917480469" lon="6.914713382720947">
        <ele>1807.37109375</ele>
      </trkpt>
      <trkpt lat="45.987095832824707" lon="6.914820671081543">
        <ele>1802.43359375</ele>
      </trkpt>
      <trkpt lat="45.987074375152588" lon="6.914842128753662">
        <ele>1800.27734375</ele>
      </trkpt>
      <trkpt lat="45.987117290496826" lon="6.9148850440979">
        <ele>1799.22265625</ele>
      </trkpt>
      <trkpt lat="45.987160205841064" lon="6.914970874786377">
        <ele>1795.69921875</ele>
      </trkpt>
      <trkpt lat="45.987246036529541" lon="6.915035247802734">
        <ele>1795.87109375</ele>
      </trkpt>
      <trkpt lat="45.98726749420166" lon="6.915078163146973">
        <ele>1794.69140625</ele>
      </trkpt>
      <trkpt lat="45.987310409545898" lon="6.915121078491211">
        <ele>1794.23828125</ele>
      </trkpt>
      <trkpt lat="45.987396240234375" lon="6.915163993835449">
        <ele>1795.2421875</ele>
      </trkpt>
      <trkpt lat="45.987439155578613" lon="6.915206909179688">
        <ele>1794.7265625</ele>
      </trkpt>
      <trkpt lat="45.987460613250732" lon="6.915292739868164">
        <ele>1791.453125</ele>
      </trkpt>
      <trkpt lat="45.987503528594971" lon="6.915314197540283">
        <ele>1791.88671875</ele>
      </trkpt>
      <trkpt lat="45.987632274627686" lon="6.915528774261475">
        <ele>1785.90625</ele>
      </trkpt>
      <trkpt lat="45.987632274627686" lon="6.915614604949951">
        <ele>1781.79296875</ele>
      </trkpt>
      <trkpt lat="45.987653732299805" lon="6.915657520294189">
        <ele>1780.3984375</ele>
      </trkpt>
      <trkpt lat="45.987632274627686" lon="6.915700435638428">
        <ele>1777.6796875</ele>
      </trkpt>
      <trkpt lat="45.987653732299805" lon="6.915743350982666">
        <ele>1776.2734375</ele>
      </trkpt>
      <trkpt lat="45.987718105316162" lon="6.915872097015381">
        <ele>1772.765625</ele>
      </trkpt>
      <trkpt lat="45.987803936004639" lon="6.915936470031738">
        <ele>1772.76953125</ele>
      </trkpt>
      <trkpt lat="45.987825393676758" lon="6.915979385375977">
        <ele>1771.70703125</ele>
      </trkpt>
      <trkpt lat="45.987889766693115" lon="6.916022300720215">
        <ele>1771.90625</ele>
      </trkpt>
      <trkpt lat="45.987932682037354" lon="6.916086673736572">
        <ele>1770.56640625</ele>
      </trkpt>
      <trkpt lat="45.987997055053711" lon="6.916129589080811">
        <ele>1770.6796875</ele>
      </trkpt>
      <trkpt lat="45.988061428070068" lon="6.916193962097168">
        <ele>1769.86328125</ele>
      </trkpt>
      <trkpt lat="45.988082885742188" lon="6.916258335113525">
        <ele>1767.79296875</ele>
      </trkpt>
      <trkpt lat="45.988211631774902" lon="6.916344165802002">
        <ele>1767.7265625</ele>
      </trkpt>
      <trkpt lat="45.988254547119141" lon="6.916429996490479">
        <ele>1765.21875</ele>
      </trkpt>
      <trkpt lat="45.988297462463379" lon="6.916451454162598">
        <ele>1765.4375</ele>
      </trkpt>
      <trkpt lat="45.988340377807617" lon="6.916494369506836">
        <ele>1764.70703125</ele>
      </trkpt>
      <trkpt lat="45.988318920135498" lon="6.916537284851074">
        <ele>1762.2890625</ele>
      </trkpt>
      <trkpt lat="45.988361835479736" lon="6.916601657867432">
        <ele>1760.58984375</ele>
      </trkpt>
      <trkpt lat="45.988383293151855" lon="6.916666030883789">
        <ele>1758.63671875</ele>
      </trkpt>
      <trkpt lat="45.988361835479736" lon="6.916708946228027">
        <ele>1756.52734375</ele>
      </trkpt>
      <trkpt lat="45.988297462463379" lon="6.916687488555908">
        <ele>1755.73828125</ele>
      </trkpt>
      <trkpt lat="45.988254547119141" lon="6.916687488555908">
        <ele>1754.6875</ele>
      </trkpt>
      <trkpt lat="45.988233089447021" lon="6.916730403900146">
        <ele>1752.63671875</ele>
      </trkpt>
      <trkpt lat="45.98827600479126" lon="6.916751861572266">
        <ele>1752.90234375</ele>
      </trkpt>
      <trkpt lat="45.98827600479126" lon="6.916816234588623">
        <ele>1750.58984375</ele>
      </trkpt>
      <trkpt lat="45.988318920135498" lon="6.91688060760498">
        <ele>1749.25</ele>
      </trkpt>
      <trkpt lat="45.988318920135498" lon="6.916944980621338">
        <ele>1746.9140625</ele>
      </trkpt>
      <trkpt lat="45.98827600479126" lon="6.916966438293457">
        <ele>1745.19921875</ele>
      </trkpt>
      <trkpt lat="45.988318920135498" lon="6.917009353637695">
        <ele>1744.57421875</ele>
      </trkpt>
      <trkpt lat="45.988297462463379" lon="6.917052268981934">
        <ele>1742.56640625</ele>
      </trkpt>
      <trkpt lat="45.988340377807617" lon="6.917159557342529">
        <ele>1739.54296875</ele>
      </trkpt>
      <trkpt lat="45.988340377807617" lon="6.917202472686768">
        <ele>1737.9765625</ele>
      </trkpt>
      <trkpt lat="45.98827600479126" lon="6.917223930358887">
        <ele>1735.9609375</ele>
      </trkpt>
      <trkpt lat="45.988233089447021" lon="6.917181015014648">
        <ele>1736.66015625</ele>
      </trkpt>
      <trkpt lat="45.988190174102783" lon="6.917181015014648">
        <ele>1735.82421875</ele>
      </trkpt>
      <trkpt lat="45.988147258758545" lon="6.917159557342529">
        <ele>1735.7265625</ele>
      </trkpt>
      <trkpt lat="45.98801851272583" lon="6.917159557342529">
        <ele>1733.18359375</ele>
      </trkpt>
      <trkpt lat="45.988039970397949" lon="6.917223930358887">
        <ele>1731.44921875</ele>
      </trkpt>
      <trkpt lat="45.98801851272583" lon="6.917245388031006">
        <ele>1730.32421875</ele>
      </trkpt>
      <trkpt lat="45.987954139709473" lon="6.917223930358887">
        <ele>1729.80859375</ele>
      </trkpt>
      <trkpt lat="45.987846851348877" lon="6.917245388031006">
        <ele>1727.08203125</ele>
      </trkpt>
      <trkpt lat="45.987825393676758" lon="6.917288303375244">
        <ele>1725.33203125</ele>
      </trkpt>
      <trkpt lat="45.987846851348877" lon="6.917352676391602">
        <ele>1723.6953125</ele>
      </trkpt>
      <trkpt lat="45.987868309020996" lon="6.91739559173584">
        <ele>1722.71484375</ele>
      </trkpt>
      <trkpt lat="45.987868309020996" lon="6.917438507080078">
        <ele>1721.3515625</ele>
      </trkpt>
      <trkpt lat="45.987825393676758" lon="6.917459964752197">
        <ele>1719.9609375</ele>
      </trkpt>
      <trkpt lat="45.987803936004639" lon="6.917502880096436">
        <ele>1718.41796875</ele>
      </trkpt>
      <trkpt lat="45.987803936004639" lon="6.917545795440674">
        <ele>1717.140625</ele>
      </trkpt>
      <trkpt lat="45.987825393676758" lon="6.917674541473389">
        <ele>1713.48046875</ele>
      </trkpt>
      <trkpt lat="45.987803936004639" lon="6.917738914489746">
        <ele>1711.39453125</ele>
      </trkpt>
      <trkpt lat="45.987739562988281" lon="6.917781829833984">
        <ele>1710.265625</ele>
      </trkpt>
      <trkpt lat="45.987675189971924" lon="6.917760372161865">
        <ele>1710.97265625</ele>
      </trkpt>
      <trkpt lat="45.987653732299805" lon="6.917803287506104">
        <ele>1709.91796875</ele>
      </trkpt>
      <trkpt lat="45.987696647644043" lon="6.918017864227295">
        <ele>1704.07421875</ele>
      </trkpt>
      <trkpt lat="45.987739562988281" lon="6.918082237243652">
        <ele>1701.88671875</ele>
      </trkpt>
      <trkpt lat="45.987696647644043" lon="6.91814661026001">
        <ele>1700.64453125</ele>
      </trkpt>
      <trkpt lat="45.987675189971924" lon="6.918210983276367">
        <ele>1699.2421875</ele>
      </trkpt>
      <trkpt lat="45.987825393676758" lon="6.918296813964844">
        <ele>1694.5234375</ele>
      </trkpt>
      <trkpt lat="45.987932682037354" lon="6.918404102325439">
        <ele>1690.3125</ele>
      </trkpt>
      <trkpt lat="45.988039970397949" lon="6.918489933013916">
        <ele>1687.10546875</ele>
      </trkpt>
      <trkpt lat="45.988061428070068" lon="6.918532848358154">
        <ele>1685.34765625</ele>
      </trkpt>
      <trkpt lat="45.988039970397949" lon="6.918597221374512">
        <ele>1682.41015625</ele>
      </trkpt>
      <trkpt lat="45.988061428070068" lon="6.91864013671875">
        <ele>1680.65625</ele>
      </trkpt>
      <trkpt lat="45.988125801086426" lon="6.91864013671875">
        <ele>1681.03125</ele>
      </trkpt>
      <trkpt lat="45.988233089447021" lon="6.91864013671875">
        <ele>1681.65625</ele>
      </trkpt>
      <trkpt lat="45.98827600479126" lon="6.918661594390869">
        <ele>1680.984375</ele>
      </trkpt>
      <trkpt lat="45.988404750823975" lon="6.919026374816895">
        <ele>1666.15625</ele>
      </trkpt>
      <trkpt lat="45.98851203918457" lon="6.919090747833252">
        <ele>1664.171875</ele>
      </trkpt>
      <trkpt lat="45.988554954528809" lon="6.919176578521729">
        <ele>1660.63671875</ele>
      </trkpt>
      <trkpt lat="45.988619327545166" lon="6.919219493865967">
        <ele>1659.1484375</ele>
      </trkpt>
      <trkpt lat="45.988640785217285" lon="6.919262409210205">
        <ele>1657.3515625</ele>
      </trkpt>
      <trkpt lat="45.988726615905762" lon="6.919326782226562">
        <ele>1655.12890625</ele>
      </trkpt>
      <trkpt lat="45.98876953125" lon="6.919412612915039">
        <ele>1651.57421875</ele>
      </trkpt>
      <trkpt lat="45.988855361938477" lon="6.919498443603516">
        <ele>1648.37890625</ele>
      </trkpt>
      <trkpt lat="45.988919734954834" lon="6.91962718963623">
        <ele>1643.046875</ele>
      </trkpt>
      <trkpt lat="45.988984107971191" lon="6.91964864730835">
        <ele>1642.609375</ele>
      </trkpt>
      <trkpt lat="45.989048480987549" lon="6.919691562652588">
        <ele>1641.19140625</ele>
      </trkpt>
      <trkpt lat="45.989048480987549" lon="6.919755935668945">
        <ele>1638.25390625</ele>
      </trkpt>
      <trkpt lat="45.989155769348145" lon="6.919820308685303">
        <ele>1636.21875</ele>
      </trkpt>
      <trkpt lat="45.989220142364502" lon="6.919820308685303">
        <ele>1636.76171875</ele>
      </trkpt>
      <trkpt lat="45.98926305770874" lon="6.919863224029541">
        <ele>1635.1640625</ele>
      </trkpt>
      <trkpt lat="45.989305973052979" lon="6.919863224029541">
        <ele>1635.5234375</ele>
      </trkpt>
      <trkpt lat="45.989305973052979" lon="6.919906139373779">
        <ele>1633.56640625</ele>
      </trkpt>
      <trkpt lat="45.989370346069336" lon="6.919927597045898">
        <ele>1633.12890625</ele>
      </trkpt>
      <trkpt lat="45.989413261413574" lon="6.919970512390137">
        <ele>1631.45703125</ele>
      </trkpt>
      <trkpt lat="45.989391803741455" lon="6.919991970062256">
        <ele>1630.22265625</ele>
      </trkpt>
      <trkpt lat="45.989370346069336" lon="6.920034885406494">
        <ele>1627.9296875</ele>
      </trkpt>
      <trkpt lat="45.989434719085693" lon="6.920034885406494">
        <ele>1628.46875</ele>
      </trkpt>
      <trkpt lat="45.989499092102051" lon="6.920056343078613">
        <ele>1627.66796875</ele>
      </trkpt>
      <trkpt lat="45.989499092102051" lon="6.920099258422852">
        <ele>1625.5546875</ele>
      </trkpt>
      <trkpt lat="45.989413261413574" lon="6.920120716094971">
        <ele>1624.0625</ele>
      </trkpt>
      <trkpt lat="45.989413261413574" lon="6.920163631439209">
        <ele>1621.94921875</ele>
      </trkpt>
      <trkpt lat="45.989456176757812" lon="6.920185089111328">
        <ele>1621.25390625</ele>
      </trkpt>
      <trkpt lat="45.989563465118408" lon="6.920228004455566">
        <ele>1618.859375</ele>
      </trkpt>
      <trkpt lat="45.989584922790527" lon="6.920270919799805">
        <ele>1616.6328125</ele>
      </trkpt>
      <trkpt lat="45.989649295806885" lon="6.920335292816162">
        <ele>1613.125</ele>
      </trkpt>
      <trkpt lat="45.989735126495361" lon="6.92039966583252">
        <ele>1609.51171875</ele>
      </trkpt>
      <trkpt lat="45.989799499511719" lon="6.92039966583252">
        <ele>1609.16796875</ele>
      </trkpt>
      <trkpt lat="45.989863872528076" lon="6.920464038848877">
        <ele>1605.6875</ele>
      </trkpt>
      <trkpt lat="45.989971160888672" lon="6.920528411865234">
        <ele>1602</ele>
      </trkpt>
      <trkpt lat="45.99001407623291" lon="6.920592784881592">
        <ele>1598.66015625</ele>
      </trkpt>
      <trkpt lat="45.990078449249268" lon="6.920614242553711">
        <ele>1597.29296875</ele>
      </trkpt>
      <trkpt lat="45.990121364593506" lon="6.920592784881592">
        <ele>1598.11328125</ele>
      </trkpt>
      <trkpt lat="45.990185737609863" lon="6.920614242553711">
        <ele>1596.75390625</ele>
      </trkpt>
      <trkpt lat="45.990314483642578" lon="6.920678615570068">
        <ele>1592.99609375</ele>
      </trkpt>
      <trkpt lat="45.99050760269165" lon="6.920700073242188">
        <ele>1590.04296875</ele>
      </trkpt>
      <trkpt lat="45.990486145019531" lon="6.920742988586426">
        <ele>1588.2265625</ele>
      </trkpt>
      <trkpt lat="45.990550518035889" lon="6.920764446258545">
        <ele>1586.58984375</ele>
      </trkpt>
      <trkpt lat="45.990593433380127" lon="6.920742988586426">
        <ele>1587.1796875</ele>
      </trkpt>
      <trkpt lat="45.990571975708008" lon="6.920785903930664">
        <ele>1585.37890625</ele>
      </trkpt>
      <trkpt lat="45.990657806396484" lon="6.920807361602783">
        <ele>1583.5703125</ele>
      </trkpt>
      <trkpt lat="45.990743637084961" lon="6.920742988586426">
        <ele>1585.7109375</ele>
      </trkpt>
      <trkpt lat="45.990829467773438" lon="6.920721530914307">
        <ele>1585.8515625</ele>
      </trkpt>
      <trkpt lat="45.990893840789795" lon="6.920721530914307">
        <ele>1585.21875</ele>
      </trkpt>
      <trkpt lat="45.990915298461914" lon="6.920764446258545">
        <ele>1583.0546875</ele>
      </trkpt>
      <trkpt lat="45.990979671478271" lon="6.920807361602783">
        <ele>1580.5</ele>
      </trkpt>
      <trkpt lat="45.991044044494629" lon="6.920828819274902">
        <ele>1578.92578125</ele>
      </trkpt>
      <trkpt lat="45.991129875183105" lon="6.921043395996094">
        <ele>1568.5703125</ele>
      </trkpt>
      <trkpt lat="45.991108417510986" lon="6.921107769012451">
        <ele>1565.89453125</ele>
      </trkpt>
      <trkpt lat="45.991172790527344" lon="6.921193599700928">
        <ele>1561.61328125</ele>
      </trkpt>
      <trkpt lat="45.991387367248535" lon="6.921257972717285">
        <ele>1557.66015625</ele>
      </trkpt>
      <trkpt lat="45.991408824920654" lon="6.921322345733643">
        <ele>1554.76171875</ele>
      </trkpt>
      <trkpt lat="45.991559028625488" lon="6.921451091766357">
        <ele>1548.5390625</ele>
      </trkpt>
      <trkpt lat="45.991623401641846" lon="6.921429634094238">
        <ele>1549.171875</ele>
      </trkpt>
      <trkpt lat="45.991666316986084" lon="6.921472549438477">
        <ele>1547.171875</ele>
      </trkpt>
      <trkpt lat="45.991752147674561" lon="6.921365261077881">
        <ele>1551.29296875</ele>
      </trkpt>
      <trkpt lat="45.991880893707275" lon="6.921365261077881">
        <ele>1550.69140625</ele>
      </trkpt>
      <trkpt lat="45.991966724395752" lon="6.92138671875">
        <ele>1549.41015625</ele>
      </trkpt>
      <trkpt lat="45.99200963973999" lon="6.921451091766357">
        <ele>1546.6796875</ele>
      </trkpt>
      <trkpt lat="45.992074012756348" lon="6.921601295471191">
        <ele>1540.375</ele>
      </trkpt>
      <trkpt lat="45.992202758789062" lon="6.921665668487549">
        <ele>1537.59765625</ele>
      </trkpt>
      <trkpt lat="45.992224216461182" lon="6.921708583831787">
        <ele>1535.9296875</ele>
      </trkpt>
      <trkpt lat="45.992116928100586" lon="6.921772956848145">
        <ele>1533.79296875</ele>
      </trkpt>
      <trkpt lat="45.992074012756348" lon="6.921815872192383">
        <ele>1532.30078125</ele>
      </trkpt>
      <trkpt lat="45.992095470428467" lon="6.92188024520874">
        <ele>1529.8359375</ele>
      </trkpt>
      <trkpt lat="45.992181301116943" lon="6.92188024520874">
        <ele>1529.59765625</ele>
      </trkpt>
      <trkpt lat="45.992245674133301" lon="6.922008991241455">
        <ele>1524.578125</ele>
      </trkpt>
      <trkpt lat="45.992331504821777" lon="6.922051906585693">
        <ele>1522.703125</ele>
      </trkpt>
      <trkpt lat="45.992374420166016" lon="6.922245025634766">
        <ele>1515.2734375</ele>
      </trkpt>
      <trkpt lat="45.992438793182373" lon="6.922330856323242">
        <ele>1511.80859375</ele>
      </trkpt>
      <trkpt lat="45.992567539215088" lon="6.922416687011719">
        <ele>1508.1015625</ele>
      </trkpt>
      <trkpt lat="45.992674827575684" lon="6.922438144683838">
        <ele>1506.8984375</ele>
      </trkpt>
      <trkpt lat="45.992696285247803" lon="6.922502517700195">
        <ele>1504.44140625</ele>
      </trkpt>
      <trkpt lat="45.992825031280518" lon="6.922502517700195">
        <ele>1504.13671875</ele>
      </trkpt>
      <trkpt lat="45.992910861968994" lon="6.922566890716553">
        <ele>1502.23046875</ele>
      </trkpt>
      <trkpt lat="45.993146896362305" lon="6.92263126373291">
        <ele>1501.046875</ele>
      </trkpt>
      <trkpt lat="45.993211269378662" lon="6.922695636749268">
        <ele>1499.0390625</ele>
      </trkpt>
      <trkpt lat="45.993318557739258" lon="6.922738552093506">
        <ele>1498.0078125</ele>
      </trkpt>
      <trkpt lat="45.993382930755615" lon="6.922760009765625">
        <ele>1497.54296875</ele>
      </trkpt>
      <trkpt lat="45.99351167678833" lon="6.922910213470459">
        <ele>1492.75</ele>
      </trkpt>
      <trkpt lat="45.993640422821045" lon="6.923017501831055">
        <ele>1489.50390625</ele>
      </trkpt>
      <trkpt lat="45.993726253509521" lon="6.92312479019165">
        <ele>1485.875</ele>
      </trkpt>
      <trkpt lat="45.99376916885376" lon="6.923232078552246">
        <ele>1482.20703125</ele>
      </trkpt>
      <trkpt lat="45.993812084197998" lon="6.923210620880127">
        <ele>1483.1015625</ele>
      </trkpt>
      <trkpt lat="45.993876457214355" lon="6.923296451568604">
        <ele>1480.4296875</ele>
      </trkpt>
      <trkpt lat="45.993983745574951" lon="6.923403739929199">
        <ele>1477.890625</ele>
      </trkpt>
      <trkpt lat="45.994091033935547" lon="6.923468112945557">
        <ele>1476.6015625</ele>
      </trkpt>
      <trkpt lat="45.994155406951904" lon="6.923553943634033">
        <ele>1474.6015625</ele>
      </trkpt>
      <trkpt lat="45.994155406951904" lon="6.923704147338867">
        <ele>1470.609375</ele>
      </trkpt>
      <trkpt lat="45.994176864624023" lon="6.923811435699463">
        <ele>1467.87890625</ele>
      </trkpt>
      <trkpt lat="45.994219779968262" lon="6.923854351043701">
        <ele>1467.00390625</ele>
      </trkpt>
      <trkpt lat="45.994241237640381" lon="6.923940181732178">
        <ele>1464.8828125</ele>
      </trkpt>
      <trkpt lat="45.994284152984619" lon="6.923961639404297">
        <ele>1464.6015625</ele>
      </trkpt>
      <trkpt lat="45.994327068328857" lon="6.923961639404297">
        <ele>1464.8828125</ele>
      </trkpt>
      <trkpt lat="45.994327068328857" lon="6.924047470092773">
        <ele>1462.66015625</ele>
      </trkpt>
      <trkpt lat="45.9942626953125" lon="6.924090385437012">
        <ele>1461.09375</ele>
      </trkpt>
      <trkpt lat="45.994391441345215" lon="6.924154758453369">
        <ele>1460.44921875</ele>
      </trkpt>
      <trkpt lat="45.994498729705811" lon="6.924326419830322">
        <ele>1457.4140625</ele>
      </trkpt>
      <trkpt lat="45.994541645050049" lon="6.92439079284668">
        <ele>1456.4609375</ele>
      </trkpt>
      <trkpt lat="45.994691848754883" lon="6.924583911895752">
        <ele>1454.27734375</ele>
      </trkpt>
      <trkpt lat="45.994713306427002" lon="6.924712657928467">
        <ele>1451.98828125</ele>
      </trkpt>
      <trkpt lat="45.994691848754883" lon="6.924798488616943">
        <ele>1449.9140625</ele>
      </trkpt>
      <trkpt lat="45.994670391082764" lon="6.924862861633301">
        <ele>1448.2421875</ele>
      </trkpt>
      <trkpt lat="45.994541645050049" lon="6.924905776977539">
        <ele>1445.1015625</ele>
      </trkpt>
      <trkpt lat="45.994498729705811" lon="6.924970149993896">
        <ele>1442.6953125</ele>
      </trkpt>
      <trkpt lat="45.99452018737793" lon="6.925034523010254">
        <ele>1441.046875</ele>
      </trkpt>
      <trkpt lat="45.994584560394287" lon="6.925206184387207">
        <ele>1436.67578125</ele>
      </trkpt>
      <trkpt lat="45.994627475738525" lon="6.925270557403564">
        <ele>1435.28515625</ele>
      </trkpt>
      <trkpt lat="45.994584560394287" lon="6.925334930419922">
        <ele>1432.5546875</ele>
      </trkpt>
      <trkpt lat="45.994563102722168" lon="6.925420761108398">
        <ele>1429.4921875</ele>
      </trkpt>
      <trkpt lat="45.994606018066406" lon="6.925528049468994">
        <ele>1426.671875</ele>
      </trkpt>
      <trkpt lat="45.994906425476074" lon="6.925935745239258">
        <ele>1417.765625</ele>
      </trkpt>
      <trkpt lat="45.99501371383667" lon="6.925978660583496">
        <ele>1417.68359375</ele>
      </trkpt>
      <trkpt lat="45.995056629180908" lon="6.926043033599854">
        <ele>1416.24609375</ele>
      </trkpt>
      <trkpt lat="45.995099544525146" lon="6.926064491271973">
        <ele>1416.04296875</ele>
      </trkpt>
      <trkpt lat="45.995378494262695" lon="6.926300525665283">
        <ele>1410.81640625</ele>
      </trkpt>
      <trkpt lat="45.995410932227969" lon="6.926311925053596">
        <ele>1410.5</ele>
      </trkpt>
      <trkpt lat="45.995378494262695" lon="6.926300525665283">
        <ele>1410.81640625</ele>
      </trkpt>
      <trkpt lat="45.995743274688721" lon="6.926429271697998">
        <ele>1407.609375</ele>
      </trkpt>
      <trkpt lat="45.995893478393555" lon="6.926407814025879">
        <ele>1408.47265625</ele>
      </trkpt>
      <trkpt lat="45.99602222442627" lon="6.926343441009521">
        <ele>1410.3203125</ele>
      </trkpt>
      <trkpt lat="45.99625825881958" lon="6.926150321960449">
        <ele>1414.64453125</ele>
      </trkpt>
      <trkpt lat="45.996344089508057" lon="6.926107406616211">
        <ele>1415.14453125</ele>
      </trkpt>
      <trkpt lat="45.996408462524414" lon="6.926150321960449">
        <ele>1414.04296875</ele>
      </trkpt>
      <trkpt lat="45.996623039245605" lon="6.926407814025879">
        <ele>1409.68359375</ele>
      </trkpt>
      <trkpt lat="45.996687412261963" lon="6.926429271697998">
        <ele>1409.51953125</ele>
      </trkpt>
      <trkpt lat="45.996717838570476" lon="6.92644938826561">
        <ele>1409.3515625</ele>
      </trkpt>
      <trkpt lat="45.99675178527832" lon="6.926472187042236">
        <ele>1409.1875</ele>
      </trkpt>
      <trkpt lat="45.99651575088501" lon="6.926536560058594">
        <ele>1407.46484375</ele>
      </trkpt>
      <trkpt lat="45.996429920196533" lon="6.926579475402832">
        <ele>1406.328125</ele>
      </trkpt>
      <trkpt lat="45.996365547180176" lon="6.92662239074707">
        <ele>1405.3203125</ele>
      </trkpt>
      <trkpt lat="45.996150970458984" lon="6.926836967468262">
        <ele>1403.2578125</ele>
      </trkpt>
      <trkpt lat="45.99602222442627" lon="6.9268798828125">
        <ele>1402.69921875</ele>
      </trkpt>
      <trkpt lat="45.995872020721436" lon="6.9268798828125">
        <ele>1402.2734375</ele>
      </trkpt>
      <trkpt lat="45.995442867279053" lon="6.926815509796143">
        <ele>1401.16015625</ele>
      </trkpt>
      <trkpt lat="45.995121002197266" lon="6.926836967468262">
        <ele>1399.60546875</ele>
      </trkpt>
      <trkpt lat="45.994884967803955" lon="6.926901340484619">
        <ele>1398.109375</ele>
      </trkpt>
      <trkpt lat="45.994767369702458" lon="6.926979795098305">
        <ele>1397.30859375</ele>
      </trkpt>
      <trkpt lat="45.994691848754883" lon="6.927030086517334">
        <ele>1396.796875</ele>
      </trkpt>
      <trkpt lat="45.99475622177124" lon="6.927094459533691">
        <ele>1397.10546875</ele>
      </trkpt>
      <trkpt lat="45.994820594787598" lon="6.927115917205811">
        <ele>1397.46484375</ele>
      </trkpt>
      <trkpt lat="45.994927883148193" lon="6.927180290222168">
        <ele>1398.03125</ele>
      </trkpt>
      <trkpt lat="45.994992256164551" lon="6.927266120910645">
        <ele>1398.31640625</ele>
      </trkpt>
      <trkpt lat="45.995035171508789" lon="6.92737340927124">
        <ele>1398.4453125</ele>
      </trkpt>
      <trkpt lat="45.995056629180908" lon="6.927459239959717">
        <ele>1398.453125</ele>
      </trkpt>
      <trkpt lat="45.995035171508789" lon="6.927545070648193">
        <ele>1398.12109375</ele>
      </trkpt>
      <trkpt lat="45.99501371383667" lon="6.927609443664551">
        <ele>1397.8359375</ele>
      </trkpt>
      <trkpt lat="45.99501371383667" lon="6.927609443664551">
        <ele>1397.8359375</ele>
      </trkpt>
    </trkseg>
  </trk>
</gpx>
