<?xml version="1.0"?>
<gpx xmlns="http://www.topografix.com/GPX/1/1" xmlns:xsi="http://www.w3.org/2001/XMLSchema-instance" xmlns:wptx1="http://www.garmin.com/xmlschemas/WaypointExtension/v1" xmlns:gpxtrx="http://www.garmin.com/xmlschemas/GpxExtensions/v3" xmlns:gpxtpx="http://www.garmin.com/xmlschemas/TrackPointExtension/v1" xmlns:gpxx="http://www.garmin.com/xmlschemas/GpxExtensions/v3" xmlns:trp="http://www.garmin.com/xmlschemas/TripExtensions/v1" xmlns:adv="http://www.garmin.com/xmlschemas/AdventuresExtensions/v1" xmlns:prs="http://www.garmin.com/xmlschemas/PressureExtension/v1" xmlns:tmd="http://www.garmin.com/xmlschemas/TripMetaDataExtensions/v1" xmlns:vptm="http://www.garmin.com/xmlschemas/ViaPointTransportationModeExtensions/v1" xmlns:ctx="http://www.garmin.com/xmlschemas/CreationTimeExtension/v1" xmlns:gpxacc="http://www.garmin.com/xmlschemas/AccelerationExtension/v1" xmlns:gpxpx="http://www.garmin.com/xmlschemas/PowerExtension/v1" xmlns:vidx1="http://www.garmin.com/xmlschemas/VideoExtension/v1" creator="Garmin Desktop App" version="1.1" xsi:schemaLocation="http://www.topografix.com/GPX/1/1 http://www.topografix.com/GPX/1/1/gpx.xsd http://www.garmin.com/xmlschemas/WaypointExtension/v1 http://www8.garmin.com/xmlschemas/WaypointExtensionv1.xsd http://www.garmin.com/xmlschemas/TrackPointExtension/v1 http://www.garmin.com/xmlschemas/TrackPointExtensionv1.xsd http://www.garmin.com/xmlschemas/GpxExtensions/v3 http://www8.garmin.com/xmlschemas/GpxExtensionsv3.xsd http://www.garmin.com/xmlschemas/ActivityExtension/v1 http://www8.garmin.com/xmlschemas/ActivityExtensionv1.xsd http://www.garmin.com/xmlschemas/AdventuresExtensions/v1 http://www8.garmin.com/xmlschemas/AdventuresExtensionv1.xsd http://www.garmin.com/xmlschemas/PressureExtension/v1 http://www.garmin.com/xmlschemas/PressureExtensionv1.xsd http://www.garmin.com/xmlschemas/TripExtensions/v1 http://www.garmin.com/xmlschemas/TripExtensionsv1.xsd http://www.garmin.com/xmlschemas/TripMetaDataExtensions/v1 http://www.garmin.com/xmlschemas/TripMetaDataExtensionsv1.xsd http://www.garmin.com/xmlschemas/ViaPointTransportationModeExtensions/v1 http://www.garmin.com/xmlschemas/ViaPointTransportationModeExtensionsv1.xsd http://www.garmin.com/xmlschemas/CreationTimeExtension/v1 http://www.garmin.com/xmlschemas/CreationTimeExtensionsv1.xsd http://www.garmin.com/xmlschemas/AccelerationExtension/v1 http://www.garmin.com/xmlschemas/AccelerationExtensionv1.xsd http://www.garmin.com/xmlschemas/PowerExtension/v1 http://www.garmin.com/xmlschemas/PowerExtensionv1.xsd http://www.garmin.com/xmlschemas/VideoExtension/v1 http://www.garmin.com/xmlschemas/VideoExtensionv1.xsd">
  <metadata>
    <link href="http://www.garmin.com">
      <text>Garmin International</text>
    </link>
    <time>2026-03-04T12:11:35Z</time>
    <bounds maxlat="45.757627487182617" maxlon="6.779165267944336" minlat="45.696172714233398" minlon="6.706595420837402"/>
  </metadata>
  <trk>
    <name>TMB Etappe 08</name>
    <extensions>
      <gpxx:TrackExtension>
        <gpxx:DisplayColor>Red</gpxx:DisplayColor>
      </gpxx:TrackExtension>
    </extensions>
    <trkseg>
      <trkpt lat="45.73707103729248" lon="6.779165267944336">
        <ele>1875.765625</ele>
        <time>2025-08-29T08:36:12Z</time>
      </trkpt>
      <trkpt lat="45.736899375915527" lon="6.779036521911621">
        <ele>1877.19921875</ele>
      </trkpt>
      <trkpt lat="45.736813545227051" lon="6.778950691223145">
        <ele>1877.3359375</ele>
      </trkpt>
      <trkpt lat="45.736277103424072" lon="6.778542995452881">
        <ele>1877.35546875</ele>
      </trkpt>
      <trkpt lat="45.736041069030762" lon="6.778392791748047">
        <ele>1876.0078125</ele>
      </trkpt>
      <trkpt lat="45.735841663554311" lon="6.778229512274265">
        <ele>1874.88671875</ele>
      </trkpt>
      <trkpt lat="45.735805034637451" lon="6.778199672698975">
        <ele>1874.72265625</ele>
      </trkpt>
      <trkpt lat="45.735719203948975" lon="6.778178215026855">
        <ele>1875.21484375</ele>
      </trkpt>
      <trkpt lat="45.735569000244141" lon="6.778199672698975">
        <ele>1877.109375</ele>
      </trkpt>
      <trkpt lat="45.735461711883545" lon="6.778264045715332">
        <ele>1879.26953125</ele>
      </trkpt>
      <trkpt lat="45.735375881195068" lon="6.778371334075928">
        <ele>1881.90234375</ele>
      </trkpt>
      <trkpt lat="45.735204219818115" lon="6.778521537780762">
        <ele>1886.38671875</ele>
      </trkpt>
      <trkpt lat="45.735139846801758" lon="6.778457164764404">
        <ele>1885.7578125</ele>
      </trkpt>
      <trkpt lat="45.735054016113281" lon="6.778371334075928">
        <ele>1884.9921875</ele>
      </trkpt>
      <trkpt lat="45.735032558441162" lon="6.77807092666626">
        <ele>1879.9609375</ele>
      </trkpt>
      <trkpt lat="45.735011100769043" lon="6.778028011322021">
        <ele>1879.40625</ele>
      </trkpt>
      <trkpt lat="45.734817981719971" lon="6.777856349945068">
        <ele>1878.12109375</ele>
      </trkpt>
      <trkpt lat="45.734710693359375" lon="6.777770519256592">
        <ele>1877.53515625</ele>
      </trkpt>
      <trkpt lat="45.734453201293945" lon="6.777620315551758">
        <ele>1876.71484375</ele>
      </trkpt>
      <trkpt lat="45.734410285949707" lon="6.777534484863281">
        <ele>1875.28515625</ele>
      </trkpt>
      <trkpt lat="45.73434591293335" lon="6.777470111846924">
        <ele>1874.25390625</ele>
      </trkpt>
      <trkpt lat="45.734217166900635" lon="6.777427196502686">
        <ele>1874.0625</ele>
      </trkpt>
      <trkpt lat="45.734152793884277" lon="6.777427196502686">
        <ele>1874.4375</ele>
      </trkpt>
      <trkpt lat="45.734045505523682" lon="6.777362823486328">
        <ele>1873.6171875</ele>
      </trkpt>
      <trkpt lat="45.733938217163086" lon="6.77731990814209">
        <ele>1873.265625</ele>
      </trkpt>
      <trkpt lat="45.733809471130371" lon="6.777234077453613">
        <ele>1872.0390625</ele>
      </trkpt>
      <trkpt lat="45.73359489440918" lon="6.777212619781494">
        <ele>1874.66796875</ele>
      </trkpt>
      <trkpt lat="45.733530521392822" lon="6.777169704437256">
        <ele>1874.6640625</ele>
      </trkpt>
      <trkpt lat="45.733444690704346" lon="6.777083873748779">
        <ele>1874.03125</ele>
      </trkpt>
      <trkpt lat="45.733358860015869" lon="6.776955127716064">
        <ele>1872.46875</ele>
      </trkpt>
      <trkpt lat="45.733315944671631" lon="6.77682638168335">
        <ele>1870.27734375</ele>
      </trkpt>
      <trkpt lat="45.733230113983154" lon="6.776740550994873">
        <ele>1869.71484375</ele>
      </trkpt>
      <trkpt lat="45.733122825622559" lon="6.776654720306396">
        <ele>1869.7109375</ele>
      </trkpt>
      <trkpt lat="45.732758045196533" lon="6.776096820831299">
        <ele>1864.9296875</ele>
      </trkpt>
      <trkpt lat="45.732715129852295" lon="6.77607536315918">
        <ele>1865.0859375</ele>
      </trkpt>
      <trkpt lat="45.732672214508057" lon="6.776010990142822">
        <ele>1864.3671875</ele>
      </trkpt>
      <trkpt lat="45.732629299163818" lon="6.775796413421631">
        <ele>1860.80859375</ele>
      </trkpt>
      <trkpt lat="45.73258638381958" lon="6.775710582733154">
        <ele>1859.828125</ele>
      </trkpt>
      <trkpt lat="45.732200145721436" lon="6.77506685256958">
        <ele>1851.17578125</ele>
      </trkpt>
      <trkpt lat="45.732114315032959" lon="6.774981021881104">
        <ele>1850.24609375</ele>
      </trkpt>
      <trkpt lat="45.73157787322998" lon="6.774702072143555">
        <ele>1848.68359375</ele>
      </trkpt>
      <trkpt lat="45.731470584869385" lon="6.774594783782959">
        <ele>1847.16015625</ele>
      </trkpt>
      <trkpt lat="45.731363296508789" lon="6.774466037750244">
        <ele>1845.07421875</ele>
      </trkpt>
      <trkpt lat="45.731277465820312" lon="6.774272918701172">
        <ele>1841.74609375</ele>
      </trkpt>
      <trkpt lat="45.730998516082764" lon="6.773843765258789">
        <ele>1838.53125</ele>
      </trkpt>
      <trkpt lat="45.730891227722168" lon="6.773629188537598">
        <ele>1836.25390625</ele>
      </trkpt>
      <trkpt lat="45.730826854705811" lon="6.773521900177002">
        <ele>1835.125</ele>
      </trkpt>
      <trkpt lat="45.730698108673096" lon="6.773371696472168">
        <ele>1833.78515625</ele>
      </trkpt>
      <trkpt lat="45.730547904968262" lon="6.773285865783691">
        <ele>1833.84375</ele>
      </trkpt>
      <trkpt lat="45.730419158935547" lon="6.7730712890625">
        <ele>1832.0859375</ele>
      </trkpt>
      <trkpt lat="45.730247497558594" lon="6.772878170013428">
        <ele>1831.75</ele>
      </trkpt>
      <trkpt lat="45.730204582214355" lon="6.772749423980713">
        <ele>1830.41015625</ele>
      </trkpt>
      <trkpt lat="45.730118751525879" lon="6.772620677947998">
        <ele>1829.7421875</ele>
      </trkpt>
      <trkpt lat="45.730075836181641" lon="6.772556304931641">
        <ele>1829.40625</ele>
      </trkpt>
      <trkpt lat="45.730054378509521" lon="6.772470474243164">
        <ele>1828.31640625</ele>
      </trkpt>
      <trkpt lat="45.730032920837402" lon="6.772341728210449">
        <ele>1826.51171875</ele>
      </trkpt>
      <trkpt lat="45.730032920837402" lon="6.771547794342041">
        <ele>1813.32421875</ele>
      </trkpt>
      <trkpt lat="45.729990005493164" lon="6.771461963653564">
        <ele>1812.75390625</ele>
      </trkpt>
      <trkpt lat="45.729904174804688" lon="6.77133321762085">
        <ele>1812.24609375</ele>
      </trkpt>
      <trkpt lat="45.729796886444092" lon="6.771268844604492">
        <ele>1813.14453125</ele>
      </trkpt>
      <trkpt lat="45.729711055755615" lon="6.771097183227539">
        <ele>1811.69921875</ele>
      </trkpt>
      <trkpt lat="45.729625225067139" lon="6.770968437194824">
        <ele>1810.75</ele>
      </trkpt>
      <trkpt lat="45.729496479034424" lon="6.77081823348999">
        <ele>1808.42578125</ele>
      </trkpt>
      <trkpt lat="45.729303359985352" lon="6.770668029785156">
        <ele>1806.19140625</ele>
      </trkpt>
      <trkpt lat="45.729217529296875" lon="6.770560741424561">
        <ele>1804.42578125</ele>
      </trkpt>
      <trkpt lat="45.728981494903564" lon="6.770174503326416">
        <ele>1798.1640625</ele>
      </trkpt>
      <trkpt lat="45.728788375854492" lon="6.769917011260986">
        <ele>1794.37890625</ele>
      </trkpt>
      <trkpt lat="45.728702545166016" lon="6.76983118057251">
        <ele>1792.90625</ele>
      </trkpt>
      <trkpt lat="45.728616714477539" lon="6.769788265228271">
        <ele>1792.35546875</ele>
      </trkpt>
      <trkpt lat="45.728466510772705" lon="6.769766807556152">
        <ele>1792.546875</ele>
      </trkpt>
      <trkpt lat="45.728380680084229" lon="6.769723892211914">
        <ele>1791.97265625</ele>
      </trkpt>
      <trkpt lat="45.728294849395752" lon="6.769659519195557">
        <ele>1790.90625</ele>
      </trkpt>
      <trkpt lat="45.728166103363037" lon="6.769595146179199">
        <ele>1790.00390625</ele>
      </trkpt>
      <trkpt lat="45.72810173034668" lon="6.769595146179199">
        <ele>1790.26953125</ele>
      </trkpt>
      <trkpt lat="45.727972984313965" lon="6.769638061523438">
        <ele>1791.78515625</ele>
      </trkpt>
      <trkpt lat="45.727715492248535" lon="6.76931619644165">
        <ele>1787.4140625</ele>
      </trkpt>
      <trkpt lat="45.727436542510986" lon="6.76908016204834">
        <ele>1786.08203125</ele>
      </trkpt>
      <trkpt lat="45.727372169494629" lon="6.769037246704102">
        <ele>1785.98828125</ele>
      </trkpt>
      <trkpt lat="45.727307796478271" lon="6.769037246704102">
        <ele>1786.4609375</ele>
      </trkpt>
      <trkpt lat="45.727264881134033" lon="6.769058704376221">
        <ele>1787.1328125</ele>
      </trkpt>
      <trkpt lat="45.727221965789795" lon="6.769123077392578">
        <ele>1788.59765625</ele>
      </trkpt>
      <trkpt lat="45.727157592773438" lon="6.769165992736816">
        <ele>1789.98828125</ele>
      </trkpt>
      <trkpt lat="45.727050304412842" lon="6.769187450408936">
        <ele>1792.26953125</ele>
      </trkpt>
      <trkpt lat="45.726900100708008" lon="6.769208908081055">
        <ele>1795.5859375</ele>
      </trkpt>
      <trkpt lat="45.726814270019531" lon="6.769187450408936">
        <ele>1796.75390625</ele>
      </trkpt>
      <trkpt lat="45.726728439331055" lon="6.769144535064697">
        <ele>1797.37890625</ele>
      </trkpt>
      <trkpt lat="45.726578235626221" lon="6.769037246704102">
        <ele>1797.5</ele>
      </trkpt>
      <trkpt lat="45.726449489593506" lon="6.768994331359863">
        <ele>1798.62890625</ele>
      </trkpt>
      <trkpt lat="45.726277828216553" lon="6.768951416015625">
        <ele>1800.31640625</ele>
      </trkpt>
      <trkpt lat="45.726041793823242" lon="6.768844127655029">
        <ele>1800.91015625</ele>
      </trkpt>
      <trkpt lat="45.725955963134766" lon="6.768844127655029">
        <ele>1802.20703125</ele>
      </trkpt>
      <trkpt lat="45.725569725036621" lon="6.768758296966553">
        <ele>1805.5703125</ele>
      </trkpt>
      <trkpt lat="45.725440979003906" lon="6.768758296966553">
        <ele>1807.3125</ele>
      </trkpt>
      <trkpt lat="45.725312232971191" lon="6.768801212310791">
        <ele>1809.80859375</ele>
      </trkpt>
      <trkpt lat="45.725226402282715" lon="6.768887042999268">
        <ele>1813.296875</ele>
      </trkpt>
      <trkpt lat="45.725162029266357" lon="6.768972873687744">
        <ele>1816.671875</ele>
      </trkpt>
      <trkpt lat="45.725076198577881" lon="6.769015789031982">
        <ele>1819.015625</ele>
      </trkpt>
      <trkpt lat="45.724990367889404" lon="6.769015789031982">
        <ele>1820.00390625</ele>
      </trkpt>
      <trkpt lat="45.724904537200928" lon="6.769058704376221">
        <ele>1822.44140625</ele>
      </trkpt>
      <trkpt lat="45.724732875823975" lon="6.76908016204834">
        <ele>1825.2421875</ele>
      </trkpt>
      <trkpt lat="45.724325180053711" lon="6.769144535064697">
        <ele>1835.5234375</ele>
      </trkpt>
      <trkpt lat="45.723638534545898" lon="6.769144535064697">
        <ele>1850.00390625</ele>
      </trkpt>
      <trkpt lat="45.723295211791992" lon="6.768908500671387">
        <ele>1848.3828125</ele>
      </trkpt>
      <trkpt lat="45.722994804382324" lon="6.768543720245361">
        <ele>1841.44921875</ele>
      </trkpt>
      <trkpt lat="45.722823143005371" lon="6.768500804901123">
        <ele>1838.77734375</ele>
      </trkpt>
      <trkpt lat="45.722630023956299" lon="6.768543720245361">
        <ele>1838.19140625</ele>
      </trkpt>
      <trkpt lat="45.722501277923584" lon="6.768436431884766">
        <ele>1833.390625</ele>
      </trkpt>
      <trkpt lat="45.722393989562988" lon="6.768372058868408">
        <ele>1830.26171875</ele>
      </trkpt>
      <trkpt lat="45.722179412841797" lon="6.768500804901123">
        <ele>1832.1328125</ele>
      </trkpt>
      <trkpt lat="45.722050666809082" lon="6.768522262573242">
        <ele>1833.53515625</ele>
      </trkpt>
      <trkpt lat="45.721836090087891" lon="6.7685866355896">
        <ele>1838.08203125</ele>
      </trkpt>
      <trkpt lat="45.721685886383057" lon="6.768651008605957">
        <ele>1841.734375</ele>
      </trkpt>
      <trkpt lat="45.72160005569458" lon="6.768736839294434">
        <ele>1845.140625</ele>
      </trkpt>
      <trkpt lat="45.721321105957031" lon="6.768736839294434">
        <ele>1848.390625</ele>
      </trkpt>
      <trkpt lat="45.721235275268555" lon="6.768693923950195">
        <ele>1851.921875</ele>
      </trkpt>
      <trkpt lat="45.721192359924316" lon="6.768629550933838">
        <ele>1852.68359375</ele>
      </trkpt>
      <trkpt lat="45.721213817596436" lon="6.768350601196289">
        <ele>1843.79296875</ele>
      </trkpt>
      <trkpt lat="45.721235275268555" lon="6.768136024475098">
        <ele>1839.828125</ele>
      </trkpt>
      <trkpt lat="45.721235275268555" lon="6.767942905426025">
        <ele>1837.2890625</ele>
      </trkpt>
      <trkpt lat="45.721299648284912" lon="6.767621040344238">
        <ele>1831.12109375</ele>
      </trkpt>
      <trkpt lat="45.721256732940674" lon="6.767578125">
        <ele>1831.87890625</ele>
      </trkpt>
      <trkpt lat="45.720977783203125" lon="6.767427921295166">
        <ele>1835.6875</ele>
      </trkpt>
      <trkpt lat="45.720505714416504" lon="6.76708459854126">
        <ele>1838.41796875</ele>
      </trkpt>
      <trkpt lat="45.720376968383789" lon="6.766955852508545">
        <ele>1837.3984375</ele>
      </trkpt>
      <trkpt lat="45.720269680023193" lon="6.766612529754639">
        <ele>1828.1328125</ele>
      </trkpt>
      <trkpt lat="45.720140933990479" lon="6.766526699066162">
        <ele>1827.375</ele>
      </trkpt>
      <trkpt lat="45.72009801864624" lon="6.766440868377686">
        <ele>1825.0703125</ele>
      </trkpt>
      <trkpt lat="45.719990730285645" lon="6.766376495361328">
        <ele>1824.78125</ele>
      </trkpt>
      <trkpt lat="45.719883441925049" lon="6.766269207000732">
        <ele>1823.0078125</ele>
      </trkpt>
      <trkpt lat="45.719754695892334" lon="6.766204833984375">
        <ele>1823.2265625</ele>
      </trkpt>
      <trkpt lat="45.719690322875977" lon="6.766204833984375">
        <ele>1824.48046875</ele>
      </trkpt>
      <trkpt lat="45.719561576843262" lon="6.766054630279541">
        <ele>1823.390625</ele>
      </trkpt>
      <trkpt lat="45.719497203826904" lon="6.76607608795166">
        <ele>1826.6953125</ele>
      </trkpt>
      <trkpt lat="45.719454288482666" lon="6.766011714935303">
        <ele>1826.08203125</ele>
      </trkpt>
      <trkpt lat="45.719454288482666" lon="6.765882968902588">
        <ele>1821.45703125</ele>
      </trkpt>
      <trkpt lat="45.719432830810547" lon="6.765797138214111">
        <ele>1819.67578125</ele>
      </trkpt>
      <trkpt lat="45.719389915466309" lon="6.765689849853516">
        <ele>1818.1015625</ele>
      </trkpt>
      <trkpt lat="45.719325542449951" lon="6.765668392181396">
        <ele>1819.93359375</ele>
      </trkpt>
      <trkpt lat="45.719325542449951" lon="6.765604019165039">
        <ele>1818</ele>
      </trkpt>
      <trkpt lat="45.719239711761475" lon="6.765432357788086">
        <ele>1816.14453125</ele>
      </trkpt>
      <trkpt lat="45.719153881072998" lon="6.765067577362061">
        <ele>1808.4921875</ele>
      </trkpt>
      <trkpt lat="45.719132423400879" lon="6.764788627624512">
        <ele>1799.90234375</ele>
      </trkpt>
      <trkpt lat="45.719025135040283" lon="6.764552593231201">
        <ele>1796.0546875</ele>
      </trkpt>
      <trkpt lat="45.718982219696045" lon="6.764402389526367">
        <ele>1792.6484375</ele>
      </trkpt>
      <trkpt lat="45.718982219696045" lon="6.764209270477295">
        <ele>1786.11328125</ele>
      </trkpt>
      <trkpt lat="45.719025135040283" lon="6.763930320739746">
        <ele>1775.6953125</ele>
      </trkpt>
      <trkpt lat="45.718982219696045" lon="6.76382303237915">
        <ele>1774.13671875</ele>
      </trkpt>
      <trkpt lat="45.718767642974854" lon="6.763350963592529">
        <ele>1767.69921875</ele>
      </trkpt>
      <trkpt lat="45.718724727630615" lon="6.763286590576172">
        <ele>1765.921875</ele>
      </trkpt>
      <trkpt lat="45.718660354614258" lon="6.763179302215576">
        <ele>1762.8828125</ele>
      </trkpt>
      <trkpt lat="45.7185959815979" lon="6.763136386871338">
        <ele>1762.5546875</ele>
      </trkpt>
      <trkpt lat="45.718510150909424" lon="6.762964725494385">
        <ele>1757.61328125</ele>
      </trkpt>
      <trkpt lat="45.718381404876709" lon="6.762943267822266">
        <ele>1759.7890625</ele>
      </trkpt>
      <trkpt lat="45.718295574188232" lon="6.762771606445312">
        <ele>1755.234375</ele>
      </trkpt>
      <trkpt lat="45.71810245513916" lon="6.762492656707764">
        <ele>1749.7734375</ele>
      </trkpt>
      <trkpt lat="45.717995166778564" lon="6.762428283691406">
        <ele>1750.2890625</ele>
      </trkpt>
      <trkpt lat="45.717909336090088" lon="6.762320995330811">
        <ele>1748.53125</ele>
      </trkpt>
      <trkpt lat="45.717823505401611" lon="6.762256622314453">
        <ele>1748.33984375</ele>
      </trkpt>
      <trkpt lat="45.717630386352539" lon="6.762042045593262">
        <ele>1745.76953125</ele>
      </trkpt>
      <trkpt lat="45.717480182647705" lon="6.761806011199951">
        <ele>1741.80859375</ele>
      </trkpt>
      <trkpt lat="45.717308521270752" lon="6.761634349822998">
        <ele>1741.0859375</ele>
      </trkpt>
      <trkpt lat="45.717222690582275" lon="6.761505603790283">
        <ele>1739.58984375</ele>
      </trkpt>
      <trkpt lat="45.716965198516846" lon="6.760990619659424">
        <ele>1728.9453125</ele>
      </trkpt>
      <trkpt lat="45.716879367828369" lon="6.76084041595459">
        <ele>1725.29296875</ele>
      </trkpt>
      <trkpt lat="45.716793537139893" lon="6.760754585266113">
        <ele>1723.36328125</ele>
      </trkpt>
      <trkpt lat="45.716686248779297" lon="6.760604381561279">
        <ele>1719.609375</ele>
      </trkpt>
      <trkpt lat="45.716621875762939" lon="6.76058292388916">
        <ele>1719.953125</ele>
      </trkpt>
      <trkpt lat="45.716514587402344" lon="6.76058292388916">
        <ele>1721.8203125</ele>
      </trkpt>
      <trkpt lat="45.716450214385986" lon="6.760518550872803">
        <ele>1720.765625</ele>
      </trkpt>
      <trkpt lat="45.71636438369751" lon="6.760303974151611">
        <ele>1715.24609375</ele>
      </trkpt>
      <trkpt lat="45.716300010681152" lon="6.760218143463135">
        <ele>1713.7109375</ele>
      </trkpt>
      <trkpt lat="45.716214179992676" lon="6.760132312774658">
        <ele>1712.265625</ele>
      </trkpt>
      <trkpt lat="45.716149806976318" lon="6.76008939743042">
        <ele>1711.87890625</ele>
      </trkpt>
      <trkpt lat="45.715935230255127" lon="6.759874820709229">
        <ele>1708.80078125</ele>
      </trkpt>
      <trkpt lat="45.71587085723877" lon="6.75983190536499">
        <ele>1708.52734375</ele>
      </trkpt>
      <trkpt lat="45.71535587310791" lon="6.759359836578369">
        <ele>1702.0234375</ele>
      </trkpt>
      <trkpt lat="45.715291500091553" lon="6.759274005889893">
        <ele>1700.4140625</ele>
      </trkpt>
      <trkpt lat="45.715141296386719" lon="6.759059429168701">
        <ele>1697.578125</ele>
      </trkpt>
      <trkpt lat="45.715076923370361" lon="6.758952140808105">
        <ele>1696.13671875</ele>
      </trkpt>
      <trkpt lat="45.715034008026123" lon="6.758866310119629">
        <ele>1694.8203125</ele>
      </trkpt>
      <trkpt lat="45.714926719665527" lon="6.758801937103271">
        <ele>1694.7109375</ele>
      </trkpt>
      <trkpt lat="45.71460485458374" lon="6.758394241333008">
        <ele>1688.69140625</ele>
      </trkpt>
      <trkpt lat="45.714540481567383" lon="6.75832986831665">
        <ele>1687.3984375</ele>
      </trkpt>
      <trkpt lat="45.714497566223145" lon="6.758265495300293">
        <ele>1685.77734375</ele>
      </trkpt>
      <trkpt lat="45.714476108551025" lon="6.758179664611816">
        <ele>1683.2578125</ele>
      </trkpt>
      <trkpt lat="45.714476108551025" lon="6.758050918579102">
        <ele>1679.203125</ele>
      </trkpt>
      <trkpt lat="45.714433193206787" lon="6.757686138153076">
        <ele>1667.87109375</ele>
      </trkpt>
      <trkpt lat="45.714454650878906" lon="6.757557392120361">
        <ele>1663.71484375</ele>
      </trkpt>
      <trkpt lat="45.714454650878906" lon="6.757493019104004">
        <ele>1664.12109375</ele>
      </trkpt>
      <trkpt lat="45.714433193206787" lon="6.757450103759766">
        <ele>1664.6328125</ele>
      </trkpt>
      <trkpt lat="45.714390277862549" lon="6.757428646087646">
        <ele>1664.875</ele>
      </trkpt>
      <trkpt lat="45.714304447174072" lon="6.75757884979248">
        <ele>1664.79296875</ele>
      </trkpt>
      <trkpt lat="45.714240074157715" lon="6.757621765136719">
        <ele>1666.40234375</ele>
      </trkpt>
      <trkpt lat="45.714004039764404" lon="6.757664680480957">
        <ele>1668.64453125</ele>
      </trkpt>
      <trkpt lat="45.713918209075928" lon="6.757643222808838">
        <ele>1668.15625</ele>
      </trkpt>
      <trkpt lat="45.713725090026855" lon="6.757535934448242">
        <ele>1666.234375</ele>
      </trkpt>
      <trkpt lat="45.713510513305664" lon="6.757471561431885">
        <ele>1668.765625</ele>
      </trkpt>
      <trkpt lat="45.713381767272949" lon="6.757385730743408">
        <ele>1669.49609375</ele>
      </trkpt>
      <trkpt lat="45.713210105895996" lon="6.75734281539917">
        <ele>1670.75</ele>
      </trkpt>
      <trkpt lat="45.713145732879639" lon="6.757299900054932">
        <ele>1670.71875</ele>
      </trkpt>
      <trkpt lat="45.7131028175354" lon="6.757256984710693">
        <ele>1670.39453125</ele>
      </trkpt>
      <trkpt lat="45.7131028175354" lon="6.757171154022217">
        <ele>1668.97265625</ele>
      </trkpt>
      <trkpt lat="45.713081359863281" lon="6.757063865661621">
        <ele>1667.28125</ele>
      </trkpt>
      <trkpt lat="45.713038444519043" lon="6.757020950317383">
        <ele>1666.67578125</ele>
      </trkpt>
      <trkpt lat="45.712995529174805" lon="6.756999492645264">
        <ele>1666.3984375</ele>
      </trkpt>
      <trkpt lat="45.712802410125732" lon="6.756935119628906">
        <ele>1666.08984375</ele>
      </trkpt>
      <trkpt lat="45.712695121765137" lon="6.756870746612549">
        <ele>1665.06640625</ele>
      </trkpt>
      <trkpt lat="45.712630748748779" lon="6.756806373596191">
        <ele>1663.69140625</ele>
      </trkpt>
      <trkpt lat="45.71260929107666" lon="6.756742000579834">
        <ele>1662.09765625</ele>
      </trkpt>
      <trkpt lat="45.712459087371826" lon="6.756527423858643">
        <ele>1661.625</ele>
      </trkpt>
      <trkpt lat="45.712394714355469" lon="6.756484508514404">
        <ele>1661.52734375</ele>
      </trkpt>
      <trkpt lat="45.71235179901123" lon="6.756398677825928">
        <ele>1661.359375</ele>
      </trkpt>
      <trkpt lat="45.712265968322754" lon="6.756312847137451">
        <ele>1660.953125</ele>
      </trkpt>
      <trkpt lat="45.712137222290039" lon="6.756248474121094">
        <ele>1660.359375</ele>
      </trkpt>
      <trkpt lat="45.711944103240967" lon="6.756076812744141">
        <ele>1660.28125</ele>
      </trkpt>
      <trkpt lat="45.711836814880371" lon="6.756055355072021">
        <ele>1660.453125</ele>
      </trkpt>
      <trkpt lat="45.711600780487061" lon="6.756033897399902">
        <ele>1660.91015625</ele>
      </trkpt>
      <trkpt lat="45.711214542388916" lon="6.755819320678711">
        <ele>1660.76953125</ele>
      </trkpt>
      <trkpt lat="45.710978507995605" lon="6.755712032318115">
        <ele>1662.1640625</ele>
      </trkpt>
      <trkpt lat="45.710527896881104" lon="6.755411624908447">
        <ele>1662.33203125</ele>
      </trkpt>
      <trkpt lat="45.710281636565924" lon="6.755146337673068">
        <ele>1662.796875</ele>
      </trkpt>
      <trkpt lat="45.710248947143555" lon="6.755111217498779">
        <ele>1662.7265625</ele>
      </trkpt>
      <trkpt lat="45.710184574127197" lon="6.75508975982666">
        <ele>1663.23046875</ele>
      </trkpt>
      <trkpt lat="45.710077285766602" lon="6.755046844482422">
        <ele>1663.84375</ele>
      </trkpt>
      <trkpt lat="45.709948539733887" lon="6.754961013793945">
        <ele>1664.7578125</ele>
      </trkpt>
      <trkpt lat="45.709927082061768" lon="6.754896640777588">
        <ele>1664.4921875</ele>
      </trkpt>
      <trkpt lat="45.70986270904541" lon="6.754810810089111">
        <ele>1664.3671875</ele>
      </trkpt>
      <trkpt lat="45.70960521697998" lon="6.754660606384277">
        <ele>1665.6484375</ele>
      </trkpt>
      <trkpt lat="45.709476470947266" lon="6.754403114318848">
        <ele>1665.21484375</ele>
      </trkpt>
      <trkpt lat="45.709455013275146" lon="6.754295825958252">
        <ele>1663.8515625</ele>
      </trkpt>
      <trkpt lat="45.709347724914551" lon="6.754016876220703">
        <ele>1663.12109375</ele>
      </trkpt>
      <trkpt lat="45.709240436553955" lon="6.753909587860107">
        <ele>1663.63671875</ele>
      </trkpt>
      <trkpt lat="45.709197521209717" lon="6.753802299499512">
        <ele>1663.078125</ele>
      </trkpt>
      <trkpt lat="45.709176063537598" lon="6.753716468811035">
        <ele>1662.390625</ele>
      </trkpt>
      <trkpt lat="45.709176063537598" lon="6.753652095794678">
        <ele>1661.73046875</ele>
      </trkpt>
      <trkpt lat="45.709261894226074" lon="6.753523349761963">
        <ele>1660.15625</ele>
      </trkpt>
      <trkpt lat="45.709261894226074" lon="6.753480434417725">
        <ele>1659.796875</ele>
      </trkpt>
      <trkpt lat="45.709261894226074" lon="6.753308773040771">
        <ele>1659.05078125</ele>
      </trkpt>
      <trkpt lat="45.709218978881836" lon="6.753244400024414">
        <ele>1658.953125</ele>
      </trkpt>
      <trkpt lat="45.709197521209717" lon="6.753201484680176">
        <ele>1658.84765625</ele>
      </trkpt>
      <trkpt lat="45.709197521209717" lon="6.752986907958984">
        <ele>1658.671875</ele>
      </trkpt>
      <trkpt lat="45.709090232849121" lon="6.752922534942627">
        <ele>1657.4765625</ele>
      </trkpt>
      <trkpt lat="45.708982944488525" lon="6.752750873565674">
        <ele>1655.33984375</ele>
      </trkpt>
      <trkpt lat="45.708982944488525" lon="6.752686500549316">
        <ele>1654.96875</ele>
      </trkpt>
      <trkpt lat="45.708961486816406" lon="6.752622127532959">
        <ele>1654.21875</ele>
      </trkpt>
      <trkpt lat="45.708918571472168" lon="6.75260066986084">
        <ele>1653.30859375</ele>
      </trkpt>
      <trkpt lat="45.70887565612793" lon="6.75260066986084">
        <ele>1652.53125</ele>
      </trkpt>
      <trkpt lat="45.708832740783691" lon="6.752557754516602">
        <ele>1651.359375</ele>
      </trkpt>
      <trkpt lat="45.708811283111572" lon="6.752450466156006">
        <ele>1652.73828125</ele>
      </trkpt>
      <trkpt lat="45.708746910095215" lon="6.752407550811768">
        <ele>1653.671875</ele>
      </trkpt>
      <trkpt lat="45.708789825439453" lon="6.752300262451172">
        <ele>1655.23046875</ele>
      </trkpt>
      <trkpt lat="45.708768367767334" lon="6.752214431762695">
        <ele>1656.5234375</ele>
      </trkpt>
      <trkpt lat="45.708682537078857" lon="6.752150058746338">
        <ele>1657.0234375</ele>
      </trkpt>
      <trkpt lat="45.708639621734619" lon="6.75208568572998">
        <ele>1657.4765625</ele>
      </trkpt>
      <trkpt lat="45.708339214324951" lon="6.751785278320312">
        <ele>1655.234375</ele>
      </trkpt>
      <trkpt lat="45.708296298980713" lon="6.751720905303955">
        <ele>1654.37890625</ele>
      </trkpt>
      <trkpt lat="45.708231925964355" lon="6.75159215927124">
        <ele>1655.328125</ele>
      </trkpt>
      <trkpt lat="45.70812463760376" lon="6.751463413238525">
        <ele>1655.18359375</ele>
      </trkpt>
      <trkpt lat="45.708081722259521" lon="6.751420497894287">
        <ele>1654.921875</ele>
      </trkpt>
      <trkpt lat="45.708017349243164" lon="6.751441955566406">
        <ele>1653.09765625</ele>
      </trkpt>
      <trkpt lat="45.707974433898926" lon="6.751441955566406">
        <ele>1652.36328125</ele>
      </trkpt>
      <trkpt lat="45.707931518554688" lon="6.75135612487793">
        <ele>1653.6796875</ele>
      </trkpt>
      <trkpt lat="45.707888603210449" lon="6.751313209533691">
        <ele>1654.20703125</ele>
      </trkpt>
      <trkpt lat="45.707824230194092" lon="6.751291751861572">
        <ele>1654.32421875</ele>
      </trkpt>
      <trkpt lat="45.707781314849854" lon="6.751270294189453">
        <ele>1654.41015625</ele>
      </trkpt>
      <trkpt lat="45.707738399505615" lon="6.751227378845215">
        <ele>1654.5703125</ele>
      </trkpt>
      <trkpt lat="45.707716941833496" lon="6.751141548156738">
        <ele>1654.98828125</ele>
      </trkpt>
      <trkpt lat="45.707652568817139" lon="6.751055717468262">
        <ele>1654.8125</ele>
      </trkpt>
      <trkpt lat="45.707480907440186" lon="6.750948429107666">
        <ele>1652.703125</ele>
      </trkpt>
      <trkpt lat="45.707416534423828" lon="6.750926971435547">
        <ele>1651.66015625</ele>
      </trkpt>
      <trkpt lat="45.707330703735352" lon="6.750776767730713">
        <ele>1650.59765625</ele>
      </trkpt>
      <trkpt lat="45.707244873046875" lon="6.750648021697998">
        <ele>1649.5078125</ele>
      </trkpt>
      <trkpt lat="45.707180500030518" lon="6.750648021697998">
        <ele>1648.1796875</ele>
      </trkpt>
      <trkpt lat="45.707137584686279" lon="6.750583648681641">
        <ele>1647.83203125</ele>
      </trkpt>
      <trkpt lat="45.707094669342041" lon="6.750519275665283">
        <ele>1648.203125</ele>
      </trkpt>
      <trkpt lat="45.707008838653564" lon="6.750476360321045">
        <ele>1648.609375</ele>
      </trkpt>
      <trkpt lat="45.706944465637207" lon="6.750411987304688">
        <ele>1648.64453125</ele>
      </trkpt>
      <trkpt lat="45.706923007965088" lon="6.750326156616211">
        <ele>1648.30859375</ele>
      </trkpt>
      <trkpt lat="45.706901550292969" lon="6.750197410583496">
        <ele>1647.640625</ele>
      </trkpt>
      <trkpt lat="45.706815719604492" lon="6.749982833862305">
        <ele>1646.46875</ele>
      </trkpt>
      <trkpt lat="45.706751346588135" lon="6.749918460845947">
        <ele>1646.078125</ele>
      </trkpt>
      <trkpt lat="45.706644058227539" lon="6.74985408782959">
        <ele>1645.10546875</ele>
      </trkpt>
      <trkpt lat="45.706493854522705" lon="6.749489307403564">
        <ele>1643.40625</ele>
      </trkpt>
      <trkpt lat="45.706322193145752" lon="6.749188899993896">
        <ele>1640.42578125</ele>
      </trkpt>
      <trkpt lat="45.706257820129395" lon="6.749017238616943">
        <ele>1642.39453125</ele>
      </trkpt>
      <trkpt lat="45.706236362457275" lon="6.748952865600586">
        <ele>1642.9609375</ele>
      </trkpt>
      <trkpt lat="45.706193447113037" lon="6.748867034912109">
        <ele>1643.51953125</ele>
      </trkpt>
      <trkpt lat="45.706107616424561" lon="6.748759746551514">
        <ele>1643.62109375</ele>
      </trkpt>
      <trkpt lat="45.706064701080322" lon="6.748673915863037">
        <ele>1643.453125</ele>
      </trkpt>
      <trkpt lat="45.705978870391846" lon="6.748631000518799">
        <ele>1642.5390625</ele>
      </trkpt>
      <trkpt lat="45.705764293670654" lon="6.748480796813965">
        <ele>1638.6171875</ele>
      </trkpt>
      <trkpt lat="45.70537805557251" lon="6.748223304748535">
        <ele>1634.94140625</ele>
      </trkpt>
      <trkpt lat="45.705142021179199" lon="6.747837066650391">
        <ele>1636.80859375</ele>
      </trkpt>
      <trkpt lat="45.705013275146484" lon="6.747686862945557">
        <ele>1635.0703125</ele>
      </trkpt>
      <trkpt lat="45.704905986785889" lon="6.747643947601318">
        <ele>1633.01953125</ele>
      </trkpt>
      <trkpt lat="45.704755783081055" lon="6.747515201568604">
        <ele>1629.58203125</ele>
      </trkpt>
      <trkpt lat="45.704433917999268" lon="6.747043132781982">
        <ele>1631.1484375</ele>
      </trkpt>
      <trkpt lat="45.704069137573242" lon="6.746292114257812">
        <ele>1627.953125</ele>
      </trkpt>
      <trkpt lat="45.703940391540527" lon="6.746141910552979">
        <ele>1624.52734375</ele>
      </trkpt>
      <trkpt lat="45.703790187835693" lon="6.74586296081543">
        <ele>1619.578125</ele>
      </trkpt>
      <trkpt lat="45.703704357147217" lon="6.745541095733643">
        <ele>1621.65625</ele>
      </trkpt>
      <trkpt lat="45.703639984130859" lon="6.745412349700928">
        <ele>1621.55078125</ele>
      </trkpt>
      <trkpt lat="45.703425407409668" lon="6.745219230651855">
        <ele>1618.02734375</ele>
      </trkpt>
      <trkpt lat="45.70338249206543" lon="6.745026111602783">
        <ele>1616.5546875</ele>
      </trkpt>
      <trkpt lat="45.703296661376953" lon="6.744918823242188">
        <ele>1617.4609375</ele>
      </trkpt>
      <trkpt lat="45.703082084655762" lon="6.744747161865234">
        <ele>1613.37890625</ele>
      </trkpt>
      <trkpt lat="45.702588558197021" lon="6.744296550750732">
        <ele>1609.62109375</ele>
      </trkpt>
      <trkpt lat="45.702395439147949" lon="6.744253635406494">
        <ele>1606.4296875</ele>
      </trkpt>
      <trkpt lat="45.702309608459473" lon="6.744146347045898">
        <ele>1604.83984375</ele>
      </trkpt>
      <trkpt lat="45.702202320098877" lon="6.743931770324707">
        <ele>1602.9921875</ele>
      </trkpt>
      <trkpt lat="45.702095031738281" lon="6.743781566619873">
        <ele>1603.68359375</ele>
      </trkpt>
      <trkpt lat="45.702009201049805" lon="6.743695735931396">
        <ele>1606.37109375</ele>
      </trkpt>
      <trkpt lat="45.701966285705566" lon="6.743631362915039">
        <ele>1607.35546875</ele>
      </trkpt>
      <trkpt lat="45.701730251312256" lon="6.742773056030273">
        <ele>1605.43359375</ele>
      </trkpt>
      <trkpt lat="45.701665878295898" lon="6.74260139465332">
        <ele>1603.40234375</ele>
      </trkpt>
      <trkpt lat="45.70162296295166" lon="6.742429733276367">
        <ele>1600.93359375</ele>
      </trkpt>
      <trkpt lat="45.701558589935303" lon="6.742258071899414">
        <ele>1597.97265625</ele>
      </trkpt>
      <trkpt lat="45.701472759246826" lon="6.742064952850342">
        <ele>1594.0546875</ele>
      </trkpt>
      <trkpt lat="45.701301097869873" lon="6.741399765014648">
        <ele>1582.875</ele>
      </trkpt>
      <trkpt lat="45.701279640197754" lon="6.741013526916504">
        <ele>1578.828125</ele>
      </trkpt>
      <trkpt lat="45.701236724853516" lon="6.740734577178955">
        <ele>1578.13671875</ele>
      </trkpt>
      <trkpt lat="45.701172351837158" lon="6.740412712097168">
        <ele>1577.96875</ele>
      </trkpt>
      <trkpt lat="45.701043605804443" lon="6.740133762359619">
        <ele>1576.765625</ele>
      </trkpt>
      <trkpt lat="45.700957775115967" lon="6.740047931671143">
        <ele>1576.16796875</ele>
      </trkpt>
      <trkpt lat="45.700571537017822" lon="6.739768981933594">
        <ele>1575.859375</ele>
      </trkpt>
      <trkpt lat="45.700206756591797" lon="6.739404201507568">
        <ele>1575.23828125</ele>
      </trkpt>
      <trkpt lat="45.700045069679618" lon="6.739161629229784">
        <ele>1572.11328125</ele>
      </trkpt>
      <trkpt lat="45.699992179870605" lon="6.739082336425781">
        <ele>1571.44140625</ele>
      </trkpt>
      <trkpt lat="45.699863433837891" lon="6.738932132720947">
        <ele>1569.4140625</ele>
      </trkpt>
      <trkpt lat="45.699799060821533" lon="6.738781929016113">
        <ele>1567.23046875</ele>
      </trkpt>
      <trkpt lat="45.699820518493652" lon="6.738631725311279">
        <ele>1565.8828125</ele>
      </trkpt>
      <trkpt lat="45.699799060821533" lon="6.738417148590088">
        <ele>1563.18359375</ele>
      </trkpt>
      <trkpt lat="45.699713230133057" lon="6.738245487213135">
        <ele>1561.3515625</ele>
      </trkpt>
      <trkpt lat="45.699412822723389" lon="6.737751960754395">
        <ele>1560.93359375</ele>
      </trkpt>
      <trkpt lat="45.699284076690674" lon="6.737601757049561">
        <ele>1560.30078125</ele>
      </trkpt>
      <trkpt lat="45.698854923248291" lon="6.737258434295654">
        <ele>1559.2734375</ele>
      </trkpt>
      <trkpt lat="45.698683261871338" lon="6.737151145935059">
        <ele>1558.53515625</ele>
      </trkpt>
      <trkpt lat="45.6986403465271" lon="6.737000942230225">
        <ele>1557.6015625</ele>
      </trkpt>
      <trkpt lat="45.698554515838623" lon="6.73687219619751">
        <ele>1556.4609375</ele>
      </trkpt>
      <trkpt lat="45.698425769805908" lon="6.736764907836914">
        <ele>1554.953125</ele>
      </trkpt>
      <trkpt lat="45.698297023773193" lon="6.736571788787842">
        <ele>1553.93359375</ele>
      </trkpt>
      <trkpt lat="45.698232650756836" lon="6.736507415771484">
        <ele>1553.5</ele>
      </trkpt>
      <trkpt lat="45.698103904724121" lon="6.73635721206665">
        <ele>1552.484375</ele>
      </trkpt>
      <trkpt lat="45.698018074035645" lon="6.736185550689697">
        <ele>1551.60546875</ele>
      </trkpt>
      <trkpt lat="45.697846412658691" lon="6.735928058624268">
        <ele>1550.52734375</ele>
      </trkpt>
      <trkpt lat="45.6976318359375" lon="6.735498905181885">
        <ele>1550.73046875</ele>
      </trkpt>
      <trkpt lat="45.697352886199951" lon="6.734983921051025">
        <ele>1550.41015625</ele>
      </trkpt>
      <trkpt lat="45.697309970855713" lon="6.734833717346191">
        <ele>1550.5703125</ele>
      </trkpt>
      <trkpt lat="45.697288513183594" lon="6.734662055969238">
        <ele>1550.90234375</ele>
      </trkpt>
      <trkpt lat="45.697288513183594" lon="6.734597682952881">
        <ele>1551.08203125</ele>
      </trkpt>
      <trkpt lat="45.697245597839355" lon="6.734426021575928">
        <ele>1551.22265625</ele>
      </trkpt>
      <trkpt lat="45.697159767150879" lon="6.734211444854736">
        <ele>1551.24609375</ele>
      </trkpt>
      <trkpt lat="45.697073936462402" lon="6.734061241149902">
        <ele>1552.5859375</ele>
      </trkpt>
      <trkpt lat="45.697031021118164" lon="6.733996868133545">
        <ele>1553.05078125</ele>
      </trkpt>
      <trkpt lat="45.696966648101807" lon="6.733889579772949">
        <ele>1553.75</ele>
      </trkpt>
      <trkpt lat="45.696794986724854" lon="6.733782291412354">
        <ele>1553.4375</ele>
      </trkpt>
      <trkpt lat="45.696730613708496" lon="6.733696460723877">
        <ele>1553.57421875</ele>
      </trkpt>
      <trkpt lat="45.696666240692139" lon="6.733653545379639">
        <ele>1553.30078125</ele>
      </trkpt>
      <trkpt lat="45.696558952331543" lon="6.733653545379639">
        <ele>1552.2890625</ele>
      </trkpt>
      <trkpt lat="45.696430206298828" lon="6.733696460723877">
        <ele>1550.875</ele>
      </trkpt>
      <trkpt lat="45.696386536583304" lon="6.733434358611703">
        <ele>1551.58984375</ele>
      </trkpt>
      <trkpt lat="45.696365833282471" lon="6.733310222625732">
        <ele>1552.30859375</ele>
      </trkpt>
      <trkpt lat="45.69638729095459" lon="6.733074188232422">
        <ele>1554.9140625</ele>
      </trkpt>
      <trkpt lat="45.696451663970947" lon="6.733074188232422">
        <ele>1556.13671875</ele>
      </trkpt>
      <trkpt lat="45.696494579315186" lon="6.733138561248779">
        <ele>1556.17578125</ele>
      </trkpt>
      <trkpt lat="45.696666240692139" lon="6.733310222625732">
        <ele>1556.484375</ele>
      </trkpt>
      <trkpt lat="45.696816444396973" lon="6.733396053314209">
        <ele>1556.93359375</ele>
      </trkpt>
      <trkpt lat="45.696988105773926" lon="6.733353137969971">
        <ele>1559.9765625</ele>
      </trkpt>
      <trkpt lat="45.697009563446045" lon="6.733288764953613">
        <ele>1561.75390625</ele>
      </trkpt>
      <trkpt lat="45.69690378382802" lon="6.733182901516557">
        <ele>1562.44921875</ele>
      </trkpt>
      <trkpt lat="45.696859359741211" lon="6.733138561248779">
        <ele>1562.59765625</ele>
      </trkpt>
      <trkpt lat="45.696709156036377" lon="6.732945442199707">
        <ele>1563.18359375</ele>
      </trkpt>
      <trkpt lat="45.696687698364258" lon="6.732902526855469">
        <ele>1563.4140625</ele>
      </trkpt>
      <trkpt lat="45.696687698364258" lon="6.73285961151123">
        <ele>1564.109375</ele>
      </trkpt>
      <trkpt lat="45.696730613708496" lon="6.732795238494873">
        <ele>1566.234375</ele>
      </trkpt>
      <trkpt lat="45.696705970913172" lon="6.732832118868828">
        <ele>1565</ele>
      </trkpt>
      <trkpt lat="45.696730613708496" lon="6.732795238494873">
        <ele>1566.234375</ele>
      </trkpt>
      <trkpt lat="45.696773529052734" lon="6.732773780822754">
        <ele>1567.6953125</ele>
      </trkpt>
      <trkpt lat="45.696966648101807" lon="6.732838153839111">
        <ele>1571.18359375</ele>
      </trkpt>
      <trkpt lat="45.697073936462402" lon="6.732816696166992">
        <ele>1574.296875</ele>
      </trkpt>
      <trkpt lat="45.697116851806641" lon="6.732752323150635">
        <ele>1576.99609375</ele>
      </trkpt>
      <trkpt lat="45.697095394134521" lon="6.732666492462158">
        <ele>1578.59375</ele>
      </trkpt>
      <trkpt lat="45.697009563446045" lon="6.732580661773682">
        <ele>1578.19921875</ele>
      </trkpt>
      <trkpt lat="45.696859359741211" lon="6.732409000396729">
        <ele>1578.734375</ele>
      </trkpt>
      <trkpt lat="45.696773529052734" lon="6.732301712036133">
        <ele>1579.37890625</ele>
      </trkpt>
      <trkpt lat="45.696773529052734" lon="6.732224682345986">
        <ele>1581.69140625</ele>
      </trkpt>
      <trkpt lat="45.696816444396973" lon="6.732151508331299">
        <ele>1585.17578125</ele>
      </trkpt>
      <trkpt lat="45.696902275085449" lon="6.732151508331299">
        <ele>1587.75</ele>
      </trkpt>
      <trkpt lat="45.697073936462402" lon="6.732172966003418">
        <ele>1592.2578125</ele>
      </trkpt>
      <trkpt lat="45.697202682495117" lon="6.732172966003418">
        <ele>1594.90625</ele>
      </trkpt>
      <trkpt lat="45.697245597839355" lon="6.732151508331299">
        <ele>1595.71484375</ele>
      </trkpt>
      <trkpt lat="45.697267055511475" lon="6.732108592987061">
        <ele>1597.1328125</ele>
      </trkpt>
      <trkpt lat="45.697267055511475" lon="6.732065677642822">
        <ele>1598.4765625</ele>
      </trkpt>
      <trkpt lat="45.697224140167236" lon="6.732001304626465">
        <ele>1600.26171875</ele>
      </trkpt>
      <trkpt lat="45.697159767150879" lon="6.731936931610107">
        <ele>1601.85546875</ele>
      </trkpt>
      <trkpt lat="45.696966648101807" lon="6.731829643249512">
        <ele>1599.34375</ele>
      </trkpt>
      <trkpt lat="45.696923732757568" lon="6.731743812561035">
        <ele>1600.6328125</ele>
      </trkpt>
      <trkpt lat="45.696966648101807" lon="6.731700897216797">
        <ele>1603.14453125</ele>
      </trkpt>
      <trkpt lat="45.697095394134521" lon="6.731700897216797">
        <ele>1607.00390625</ele>
      </trkpt>
      <trkpt lat="45.697181224822998" lon="6.731657981872559">
        <ele>1610.24609375</ele>
      </trkpt>
      <trkpt lat="45.697224140167236" lon="6.73161506652832">
        <ele>1611.8203125</ele>
      </trkpt>
      <trkpt lat="45.697267055511475" lon="6.731507778167725">
        <ele>1615.21484375</ele>
      </trkpt>
      <trkpt lat="45.697288513183594" lon="6.731421947479248">
        <ele>1617.8359375</ele>
      </trkpt>
      <trkpt lat="45.697276024147868" lon="6.731371991336346">
        <ele>1619.12109375</ele>
      </trkpt>
      <trkpt lat="45.697031021118164" lon="6.731228828430176">
        <ele>1618.1953125</ele>
      </trkpt>
      <trkpt lat="45.696988105773926" lon="6.731207370758057">
        <ele>1617.53515625</ele>
      </trkpt>
      <trkpt lat="45.696945190429688" lon="6.731142997741699">
        <ele>1618.078125</ele>
      </trkpt>
      <trkpt lat="45.696925241500139" lon="6.731063118204474">
        <ele>1619.73046875</ele>
      </trkpt>
      <trkpt lat="45.696988105773926" lon="6.731014251708984">
        <ele>1622.91796875</ele>
      </trkpt>
      <trkpt lat="45.697159767150879" lon="6.731035709381104">
        <ele>1627.25390625</ele>
      </trkpt>
      <trkpt lat="45.697224140167236" lon="6.730992794036865">
        <ele>1629.18359375</ele>
      </trkpt>
      <trkpt lat="45.697245597839355" lon="6.73086404800415">
        <ele>1632.84375</ele>
      </trkpt>
      <trkpt lat="45.697224140167236" lon="6.730756759643555">
        <ele>1635.0078125</ele>
      </trkpt>
      <trkpt lat="45.697181224822998" lon="6.730670928955078">
        <ele>1636.46875</ele>
      </trkpt>
      <trkpt lat="45.697095394134521" lon="6.730563640594482">
        <ele>1636.87109375</ele>
      </trkpt>
      <trkpt lat="45.697052478790283" lon="6.730477809906006">
        <ele>1637.59375</ele>
      </trkpt>
      <trkpt lat="45.697031021118164" lon="6.73037052154541">
        <ele>1639.421875</ele>
      </trkpt>
      <trkpt lat="45.697009563446045" lon="6.730327606201172">
        <ele>1639.78125</ele>
      </trkpt>
      <trkpt lat="45.696966648101807" lon="6.730306148529053">
        <ele>1639.03515625</ele>
      </trkpt>
      <trkpt lat="45.696859359741211" lon="6.730306148529053">
        <ele>1635.9453125</ele>
      </trkpt>
      <trkpt lat="45.696773529052734" lon="6.730284690856934">
        <ele>1633.9609375</ele>
      </trkpt>
      <trkpt lat="45.696558952331543" lon="6.730263233184814">
        <ele>1628.265625</ele>
      </trkpt>
      <trkpt lat="45.696430206298828" lon="6.730241775512695">
        <ele>1625.046875</ele>
      </trkpt>
      <trkpt lat="45.696388129144907" lon="6.730199782177806">
        <ele>1624.79296875</ele>
      </trkpt>
      <trkpt lat="45.696301460266113" lon="6.73011302947998">
        <ele>1624.03125</ele>
      </trkpt>
      <trkpt lat="45.696258544921875" lon="6.730048656463623">
        <ele>1623.7265625</ele>
      </trkpt>
      <trkpt lat="45.696258544921875" lon="6.729984283447266">
        <ele>1624.9453125</ele>
      </trkpt>
      <trkpt lat="45.696280002593994" lon="6.729941368103027">
        <ele>1626.6171875</ele>
      </trkpt>
      <trkpt lat="45.696430206298828" lon="6.729941368103027">
        <ele>1631.390625</ele>
      </trkpt>
      <trkpt lat="45.696494579315186" lon="6.729919910430908">
        <ele>1633.609375</ele>
      </trkpt>
      <trkpt lat="45.696516036987305" lon="6.72987699508667">
        <ele>1635.00390625</ele>
      </trkpt>
      <trkpt lat="45.696516036987305" lon="6.729791164398193">
        <ele>1636.58203125</ele>
      </trkpt>
      <trkpt lat="45.696494579315186" lon="6.729705333709717">
        <ele>1637.57421875</ele>
      </trkpt>
      <trkpt lat="45.696408748626709" lon="6.729469299316406">
        <ele>1639.68359375</ele>
      </trkpt>
      <trkpt lat="45.69638729095459" lon="6.729319095611572">
        <ele>1641.96484375</ele>
      </trkpt>
      <trkpt lat="45.696408748626709" lon="6.729168891906738">
        <ele>1644.91796875</ele>
      </trkpt>
      <trkpt lat="45.696451663970947" lon="6.728997230529785">
        <ele>1648.1328125</ele>
      </trkpt>
      <trkpt lat="45.696473121643066" lon="6.728889942169189">
        <ele>1650.0234375</ele>
      </trkpt>
      <trkpt lat="45.696451663970947" lon="6.728782653808594">
        <ele>1650.7890625</ele>
      </trkpt>
      <trkpt lat="45.69638729095459" lon="6.72863245010376">
        <ele>1650.9140625</ele>
      </trkpt>
      <trkpt lat="45.696215629577637" lon="6.728396415710449">
        <ele>1647.37890625</ele>
      </trkpt>
      <trkpt lat="45.696172714233398" lon="6.728289127349854">
        <ele>1647.4921875</ele>
      </trkpt>
      <trkpt lat="45.696172714233398" lon="6.728224754333496">
        <ele>1648.671875</ele>
      </trkpt>
      <trkpt lat="45.696215629577637" lon="6.728181838989258">
        <ele>1651.3671875</ele>
      </trkpt>
      <trkpt lat="45.696280002593994" lon="6.728160381317139">
        <ele>1654.63671875</ele>
      </trkpt>
      <trkpt lat="45.69638729095459" lon="6.7281174659729">
        <ele>1659.125</ele>
      </trkpt>
      <trkpt lat="45.696558952331543" lon="6.728010177612305">
        <ele>1665.71484375</ele>
      </trkpt>
      <trkpt lat="45.69664478302002" lon="6.727967262268066">
        <ele>1668.7734375</ele>
      </trkpt>
      <trkpt lat="45.696752071380615" lon="6.727988719940186">
        <ele>1671.21875</ele>
      </trkpt>
      <trkpt lat="45.696855084970593" lon="6.728121070191264">
        <ele>1671.59765625</ele>
      </trkpt>
      <trkpt lat="45.696902275085449" lon="6.728181838989258">
        <ele>1671.796875</ele>
      </trkpt>
      <trkpt lat="45.697009563446045" lon="6.728246212005615">
        <ele>1673.5859375</ele>
      </trkpt>
      <trkpt lat="45.697181224822998" lon="6.728289127349854">
        <ele>1677.1015625</ele>
      </trkpt>
      <trkpt lat="45.697460174560547" lon="6.728160381317139">
        <ele>1681.9453125</ele>
      </trkpt>
      <trkpt lat="45.697503089904785" lon="6.728096008300781">
        <ele>1683.44140625</ele>
      </trkpt>
      <trkpt lat="45.697567462921143" lon="6.728074550628662">
        <ele>1684.421875</ele>
      </trkpt>
      <trkpt lat="45.6976318359375" lon="6.7281174659729">
        <ele>1684.31640625</ele>
      </trkpt>
      <trkpt lat="45.697782039642334" lon="6.728267669677734">
        <ele>1683.234375</ele>
      </trkpt>
      <trkpt lat="45.697953701019287" lon="6.728353500366211">
        <ele>1683.44140625</ele>
      </trkpt>
      <trkpt lat="45.698168277740479" lon="6.728503704071045">
        <ele>1686.546875</ele>
      </trkpt>
      <trkpt lat="45.698425769805908" lon="6.72886848449707">
        <ele>1687.640625</ele>
      </trkpt>
      <trkpt lat="45.6986403465271" lon="6.729061603546143">
        <ele>1689.73828125</ele>
      </trkpt>
      <trkpt lat="45.698790550231934" lon="6.729297637939453">
        <ele>1688.40234375</ele>
      </trkpt>
      <trkpt lat="45.698854923248291" lon="6.729362010955811">
        <ele>1687.77734375</ele>
      </trkpt>
      <trkpt lat="45.698896246030927" lon="6.729282718151808">
        <ele>1690.765625</ele>
      </trkpt>
      <trkpt lat="45.698833465576172" lon="6.729168891906738">
        <ele>1692.42578125</ele>
      </trkpt>
      <trkpt lat="45.698747634887695" lon="6.728847026824951">
        <ele>1696.44921875</ele>
      </trkpt>
      <trkpt lat="45.698683261871338" lon="6.728739738464355">
        <ele>1696.734375</ele>
      </trkpt>
      <trkpt lat="45.69861888885498" lon="6.728610992431641">
        <ele>1697.328125</ele>
      </trkpt>
      <trkpt lat="45.698533058166504" lon="6.728310585021973">
        <ele>1700.234375</ele>
      </trkpt>
      <trkpt lat="45.698468685150146" lon="6.728031635284424">
        <ele>1703.25</ele>
      </trkpt>
      <trkpt lat="45.698297023773193" lon="6.727516651153564">
        <ele>1707.375</ele>
      </trkpt>
      <trkpt lat="45.698254108428955" lon="6.727344989776611">
        <ele>1710.0234375</ele>
      </trkpt>
      <trkpt lat="45.698238853365183" lon="6.727207778021693">
        <ele>1712.7265625</ele>
      </trkpt>
      <trkpt lat="45.698232650756836" lon="6.727151870727539">
        <ele>1713.8359375</ele>
      </trkpt>
      <trkpt lat="45.698254108428955" lon="6.727087497711182">
        <ele>1715.9140625</ele>
      </trkpt>
      <trkpt lat="45.698318481445312" lon="6.727151870727539">
        <ele>1716.2578125</ele>
      </trkpt>
      <trkpt lat="45.698554515838623" lon="6.727559566497803">
        <ele>1714.12109375</ele>
      </trkpt>
      <trkpt lat="45.698704719543457" lon="6.727688312530518">
        <ele>1716.3046875</ele>
      </trkpt>
      <trkpt lat="45.69887638092041" lon="6.727795600891113">
        <ele>1719.24609375</ele>
      </trkpt>
      <trkpt lat="45.699112415313721" lon="6.727774143218994">
        <ele>1725.5859375</ele>
      </trkpt>
      <trkpt lat="45.699284076690674" lon="6.727795600891113">
        <ele>1729.52734375</ele>
      </trkpt>
      <trkpt lat="45.699326992034912" lon="6.727795600891113">
        <ele>1730.609375</ele>
      </trkpt>
      <trkpt lat="45.699348449707031" lon="6.727752685546875">
        <ele>1731.921875</ele>
      </trkpt>
      <trkpt lat="45.699337301775813" lon="6.727708177641034">
        <ele>1732.4453125</ele>
      </trkpt>
      <trkpt lat="45.699326992034912" lon="6.727666854858398">
        <ele>1732.9296875</ele>
      </trkpt>
      <trkpt lat="45.699069499969482" lon="6.727280616760254">
        <ele>1734.08203125</ele>
      </trkpt>
      <trkpt lat="45.699048042297363" lon="6.727237701416016">
        <ele>1734.4140625</ele>
      </trkpt>
      <trkpt lat="45.699005126953125" lon="6.72713041305542">
        <ele>1735.5234375</ele>
      </trkpt>
      <trkpt lat="45.699005126953125" lon="6.727044582366943">
        <ele>1737.27734375</ele>
      </trkpt>
      <trkpt lat="45.699112415313721" lon="6.727044582366943">
        <ele>1739.98046875</ele>
      </trkpt>
      <trkpt lat="45.699219703674316" lon="6.727023124694824">
        <ele>1743.125</ele>
      </trkpt>
      <trkpt lat="45.699241161346436" lon="6.727066040039062">
        <ele>1742.7890625</ele>
      </trkpt>
      <trkpt lat="45.699284076690674" lon="6.727108955383301">
        <ele>1742.99609375</ele>
      </trkpt>
      <trkpt lat="45.699348449707031" lon="6.72713041305542">
        <ele>1744.1796875</ele>
      </trkpt>
      <trkpt lat="45.699495384469628" lon="6.72713041305542">
        <ele>1747.88671875</ele>
      </trkpt>
      <trkpt lat="45.699563026428223" lon="6.72713041305542">
        <ele>1749.58984375</ele>
      </trkpt>
      <trkpt lat="45.699670314788818" lon="6.727151870727539">
        <ele>1751.8515625</ele>
      </trkpt>
      <trkpt lat="45.699756145477295" lon="6.727173328399658">
        <ele>1753.51953125</ele>
      </trkpt>
      <trkpt lat="45.699970722198486" lon="6.727302074432373">
        <ele>1756.109375</ele>
      </trkpt>
      <trkpt lat="45.700056552886963" lon="6.727344989776611">
        <ele>1757.3046875</ele>
      </trkpt>
      <trkpt lat="45.700206756591797" lon="6.72736644744873">
        <ele>1760.50390625</ele>
      </trkpt>
      <trkpt lat="45.700249671936035" lon="6.727409362792969">
        <ele>1760.6328125</ele>
      </trkpt>
      <trkpt lat="45.700249671936035" lon="6.727452278137207">
        <ele>1759.71875</ele>
      </trkpt>
      <trkpt lat="45.700185298919678" lon="6.72762393951416">
        <ele>1755.0078125</ele>
      </trkpt>
      <trkpt lat="45.700163841247559" lon="6.727817058563232">
        <ele>1751.9921875</ele>
      </trkpt>
      <trkpt lat="45.700206756591797" lon="6.728010177612305">
        <ele>1750.7265625</ele>
      </trkpt>
      <trkpt lat="45.700271129608154" lon="6.72813892364502">
        <ele>1751.04296875</ele>
      </trkpt>
      <trkpt lat="45.700829029083252" lon="6.728889942169189">
        <ele>1757.0625</ele>
      </trkpt>
      <trkpt lat="45.701000690460205" lon="6.729168891906738">
        <ele>1758.40625</ele>
      </trkpt>
      <trkpt lat="45.701301097869873" lon="6.729469299316406">
        <ele>1765.98828125</ele>
      </trkpt>
      <trkpt lat="45.70138692855835" lon="6.729490756988525">
        <ele>1768.7109375</ele>
      </trkpt>
      <trkpt lat="45.701537132263184" lon="6.729512214660645">
        <ele>1773.3203125</ele>
      </trkpt>
      <trkpt lat="45.701601505279541" lon="6.729490756988525">
        <ele>1775.9140625</ele>
      </trkpt>
      <trkpt lat="45.70162296295166" lon="6.729533672332764">
        <ele>1775.8515625</ele>
      </trkpt>
      <trkpt lat="45.701665878295898" lon="6.729662418365479">
        <ele>1775.109375</ele>
      </trkpt>
      <trkpt lat="45.701773166656494" lon="6.729791164398193">
        <ele>1777.23046875</ele>
      </trkpt>
      <trkpt lat="45.701841982081532" lon="6.729777250438929">
        <ele>1780.19921875</ele>
      </trkpt>
      <trkpt lat="45.70188045501709" lon="6.729769706726074">
        <ele>1781.83984375</ele>
      </trkpt>
      <trkpt lat="45.702052116394043" lon="6.729812622070312">
        <ele>1788.34375</ele>
      </trkpt>
      <trkpt lat="45.702245235443115" lon="6.72987699508667">
        <ele>1794.79296875</ele>
      </trkpt>
      <trkpt lat="45.702352523803711" lon="6.729962825775146">
        <ele>1797.69921875</ele>
      </trkpt>
      <trkpt lat="45.702481269836426" lon="6.730027198791504">
        <ele>1801.62109375</ele>
      </trkpt>
      <trkpt lat="45.702803134918213" lon="6.730091571807861">
        <ele>1812.05859375</ele>
      </trkpt>
      <trkpt lat="45.703146457672119" lon="6.730048656463623">
        <ele>1822.46875</ele>
      </trkpt>
      <trkpt lat="45.703232288360596" lon="6.7301344871521">
        <ele>1825.09765625</ele>
      </trkpt>
      <trkpt lat="45.70338249206543" lon="6.730220317840576">
        <ele>1829.48828125</ele>
      </trkpt>
      <trkpt lat="45.703511238098145" lon="6.730241775512695">
        <ele>1833.24609375</ele>
      </trkpt>
      <trkpt lat="45.703575611114502" lon="6.730263233184814">
        <ele>1835.1328125</ele>
      </trkpt>
      <trkpt lat="45.703918933868408" lon="6.730284690856934">
        <ele>1845.03515625</ele>
      </trkpt>
      <trkpt lat="45.704004764556885" lon="6.730263233184814">
        <ele>1847.40234375</ele>
      </trkpt>
      <trkpt lat="45.704326629638672" lon="6.730263233184814">
        <ele>1856.3828125</ele>
      </trkpt>
      <trkpt lat="45.704412460327148" lon="6.730220317840576">
        <ele>1858.6875</ele>
      </trkpt>
      <trkpt lat="45.704498291015625" lon="6.7301344871521">
        <ele>1860.890625</ele>
      </trkpt>
      <trkpt lat="45.704691410064697" lon="6.730048656463623">
        <ele>1866.3046875</ele>
      </trkpt>
      <trkpt lat="45.704777240753174" lon="6.730027198791504">
        <ele>1869.15234375</ele>
      </trkpt>
      <trkpt lat="45.704927444458008" lon="6.729941368103027">
        <ele>1874.3125</ele>
      </trkpt>
      <trkpt lat="45.705077648162842" lon="6.729791164398193">
        <ele>1879.78125</ele>
      </trkpt>
      <trkpt lat="45.705099105834961" lon="6.729726791381836">
        <ele>1880.73046875</ele>
      </trkpt>
      <trkpt lat="45.705163478851318" lon="6.729340553283691">
        <ele>1884.37890625</ele>
      </trkpt>
      <trkpt lat="45.705184936523438" lon="6.729276180267334">
        <ele>1885.37109375</ele>
      </trkpt>
      <trkpt lat="45.705206394195557" lon="6.729190349578857">
        <ele>1886.25390625</ele>
      </trkpt>
      <trkpt lat="45.705270767211914" lon="6.7291259765625">
        <ele>1888.4921875</ele>
      </trkpt>
      <trkpt lat="45.705313682556152" lon="6.729147434234619">
        <ele>1890.01953125</ele>
      </trkpt>
      <trkpt lat="45.705335140228271" lon="6.729319095611572">
        <ele>1890.39453125</ele>
      </trkpt>
      <trkpt lat="45.705356597900391" lon="6.729362010955811">
        <ele>1890.9453125</ele>
      </trkpt>
      <trkpt lat="45.705399513244629" lon="6.729362010955811">
        <ele>1892.42578125</ele>
      </trkpt>
      <trkpt lat="45.705442428588867" lon="6.729233264923096">
        <ele>1894.50390625</ele>
      </trkpt>
      <trkpt lat="45.705485343933105" lon="6.729297637939453">
        <ele>1895.69140625</ele>
      </trkpt>
      <trkpt lat="45.705485343933105" lon="6.72938346862793">
        <ele>1895.27734375</ele>
      </trkpt>
      <trkpt lat="45.705528259277344" lon="6.729533672332764">
        <ele>1896.171875</ele>
      </trkpt>
      <trkpt lat="45.705528259277344" lon="6.729683876037598">
        <ele>1895.4609375</ele>
      </trkpt>
      <trkpt lat="45.705592632293701" lon="6.729683876037598">
        <ele>1897.8984375</ele>
      </trkpt>
      <trkpt lat="45.705635547637939" lon="6.729683876037598">
        <ele>1899.5234375</ele>
      </trkpt>
      <trkpt lat="45.705678462982178" lon="6.729662418365479">
        <ele>1901.24609375</ele>
      </trkpt>
      <trkpt lat="45.705699920654297" lon="6.729834079742432">
        <ele>1901.2890625</ele>
      </trkpt>
      <trkpt lat="45.705764293670654" lon="6.729791164398193">
        <ele>1903.9296875</ele>
      </trkpt>
      <trkpt lat="45.705807209014893" lon="6.729769706726074">
        <ele>1905.65234375</ele>
      </trkpt>
      <trkpt lat="45.706021785736084" lon="6.729726791381836">
        <ele>1913.98046875</ele>
      </trkpt>
      <trkpt lat="45.70612907409668" lon="6.729598045349121">
        <ele>1918.546875</ele>
      </trkpt>
      <trkpt lat="45.706214904785156" lon="6.729598045349121">
        <ele>1921.7890625</ele>
      </trkpt>
      <trkpt lat="45.706257820129395" lon="6.729598045349121">
        <ele>1923.41015625</ele>
      </trkpt>
      <trkpt lat="45.706300735473633" lon="6.729555130004883">
        <ele>1925.18359375</ele>
      </trkpt>
      <trkpt lat="45.706386566162109" lon="6.729512214660645">
        <ele>1928.734375</ele>
      </trkpt>
      <trkpt lat="45.706408023834229" lon="6.72938346862793">
        <ele>1930.08984375</ele>
      </trkpt>
      <trkpt lat="45.706472396850586" lon="6.72938346862793">
        <ele>1932.6875</ele>
      </trkpt>
      <trkpt lat="45.706493854522705" lon="6.729512214660645">
        <ele>1933.02734375</ele>
      </trkpt>
      <trkpt lat="45.706708431243896" lon="6.729855537414551">
        <ele>1939.9921875</ele>
      </trkpt>
      <trkpt lat="45.706772804260254" lon="6.729919910430908">
        <ele>1942.1875</ele>
      </trkpt>
      <trkpt lat="45.706837177276611" lon="6.729834079742432">
        <ele>1945.125</ele>
      </trkpt>
      <trkpt lat="45.70688009262085" lon="6.729640960693359">
        <ele>1947.8125</ele>
      </trkpt>
      <trkpt lat="45.706901550292969" lon="6.729404926300049">
        <ele>1949.91015625</ele>
      </trkpt>
      <trkpt lat="45.707008838653564" lon="6.729104518890381">
        <ele>1954.8125</ele>
      </trkpt>
      <trkpt lat="45.707287788391113" lon="6.728546619415283">
        <ele>1963.6953125</ele>
      </trkpt>
      <trkpt lat="45.707330703735352" lon="6.728589534759521">
        <ele>1965.4375</ele>
      </trkpt>
      <trkpt lat="45.707309246063232" lon="6.728653907775879">
        <ele>1964.8203125</ele>
      </trkpt>
      <trkpt lat="45.707309246063232" lon="6.728804111480713">
        <ele>1965.2578125</ele>
      </trkpt>
      <trkpt lat="45.70737361907959" lon="6.729018688201904">
        <ele>1968.1875</ele>
      </trkpt>
      <trkpt lat="45.707480907440186" lon="6.729083061218262">
        <ele>1972.16015625</ele>
      </trkpt>
      <trkpt lat="45.707652568817139" lon="6.728911399841309">
        <ele>1978.00390625</ele>
      </trkpt>
      <trkpt lat="45.707716941833496" lon="6.728804111480713">
        <ele>1980.2109375</ele>
      </trkpt>
      <trkpt lat="45.707781314849854" lon="6.728718280792236">
        <ele>1982.49609375</ele>
      </trkpt>
      <trkpt lat="45.707910060882568" lon="6.728610992431641">
        <ele>1987.234375</ele>
      </trkpt>
      <trkpt lat="45.707974433898926" lon="6.728589534759521">
        <ele>1989.6484375</ele>
      </trkpt>
      <trkpt lat="45.708017349243164" lon="6.728610992431641">
        <ele>1990.92578125</ele>
      </trkpt>
      <trkpt lat="45.708146095275879" lon="6.728482246398926">
        <ele>1994.36328125</ele>
      </trkpt>
      <trkpt lat="45.708210468292236" lon="6.728310585021973">
        <ele>1994.7421875</ele>
      </trkpt>
      <trkpt lat="45.70836067199707" lon="6.728181838989258">
        <ele>1996.83203125</ele>
      </trkpt>
      <trkpt lat="45.708425045013428" lon="6.728160381317139">
        <ele>1998.1796875</ele>
      </trkpt>
      <trkpt lat="45.708553791046143" lon="6.728203296661377">
        <ele>2002.12890625</ele>
      </trkpt>
      <trkpt lat="45.708789825439453" lon="6.728289127349854">
        <ele>2009.5625</ele>
      </trkpt>
      <trkpt lat="45.70887565612793" lon="6.728289127349854">
        <ele>2011.6328125</ele>
      </trkpt>
      <trkpt lat="45.709090232849121" lon="6.728203296661377">
        <ele>2015.10546875</ele>
      </trkpt>
      <trkpt lat="45.709176063537598" lon="6.72813892364502">
        <ele>2015.87109375</ele>
      </trkpt>
      <trkpt lat="45.709583759307861" lon="6.727817058563232">
        <ele>2018.08984375</ele>
      </trkpt>
      <trkpt lat="45.709841251373291" lon="6.727709770202637">
        <ele>2023.2578125</ele>
      </trkpt>
      <trkpt lat="45.709969997406006" lon="6.727538108825684">
        <ele>2023.55859375</ele>
      </trkpt>
      <trkpt lat="45.710206031799316" lon="6.72736644744873">
        <ele>2028.3984375</ele>
      </trkpt>
      <trkpt lat="45.71035623550415" lon="6.727280616760254">
        <ele>2031.875</ele>
      </trkpt>
      <trkpt lat="45.710527896881104" lon="6.727001667022705">
        <ele>2033.72265625</ele>
      </trkpt>
      <trkpt lat="45.710656642913818" lon="6.726894378662109">
        <ele>2037.3671875</ele>
      </trkpt>
      <trkpt lat="45.711171627044678" lon="6.726186275482178">
        <ele>2053.01953125</ele>
      </trkpt>
      <trkpt lat="45.711300373077393" lon="6.726057529449463">
        <ele>2057.20703125</ele>
      </trkpt>
      <trkpt lat="45.711493492126465" lon="6.725757122039795">
        <ele>2059.96484375</ele>
      </trkpt>
      <trkpt lat="45.711665153503418" lon="6.725606918334961">
        <ele>2063.16796875</ele>
      </trkpt>
      <trkpt lat="45.71185827255249" lon="6.725606918334961">
        <ele>2069.30859375</ele>
      </trkpt>
      <trkpt lat="45.711836814880371" lon="6.72539234161377">
        <ele>2066.1484375</ele>
      </trkpt>
      <trkpt lat="45.711879730224609" lon="6.72537088394165">
        <ele>2067.37109375</ele>
      </trkpt>
      <trkpt lat="45.711987018585205" lon="6.725456714630127">
        <ele>2071.8984375</ele>
      </trkpt>
      <trkpt lat="45.712008476257324" lon="6.725413799285889">
        <ele>2072.19140625</ele>
      </trkpt>
      <trkpt lat="45.711965560913086" lon="6.725327968597412">
        <ele>2069.86328125</ele>
      </trkpt>
      <trkpt lat="45.711987018585205" lon="6.725285053253174">
        <ele>2070.17578125</ele>
      </trkpt>
      <trkpt lat="45.712158679962158" lon="6.725070476531982">
        <ele>2074.34765625</ele>
      </trkpt>
      <trkpt lat="45.712180137634277" lon="6.724941730499268">
        <ele>2072.94140625</ele>
      </trkpt>
      <trkpt lat="45.712223052978516" lon="6.724812984466553">
        <ele>2072.3984375</ele>
      </trkpt>
      <trkpt lat="45.712265968322754" lon="6.724791526794434">
        <ele>2073.6328125</ele>
      </trkpt>
      <trkpt lat="45.712308883666992" lon="6.72487735748291">
        <ele>2076.37890625</ele>
      </trkpt>
      <trkpt lat="45.712523460388184" lon="6.724963188171387">
        <ele>2084.6875</ele>
      </trkpt>
      <trkpt lat="45.712566375732422" lon="6.724963188171387">
        <ele>2086.11328125</ele>
      </trkpt>
      <trkpt lat="45.712587833404541" lon="6.724920272827148">
        <ele>2086.45703125</ele>
      </trkpt>
      <trkpt lat="45.712523460388184" lon="6.724748611450195">
        <ele>2082.58984375</ele>
      </trkpt>
      <trkpt lat="45.712523460388184" lon="6.724684238433838">
        <ele>2081.9609375</ele>
      </trkpt>
      <trkpt lat="45.712587833404541" lon="6.724576950073242">
        <ele>2083.515625</ele>
      </trkpt>
      <trkpt lat="45.712652206420898" lon="6.724512577056885">
        <ele>2085.6484375</ele>
      </trkpt>
      <trkpt lat="45.712716579437256" lon="6.724534034729004">
        <ele>2088.4609375</ele>
      </trkpt>
      <trkpt lat="45.712823867797852" lon="6.724662780761719">
        <ele>2093.41796875</ele>
      </trkpt>
      <trkpt lat="45.713038444519043" lon="6.72487735748291">
        <ele>2102.43359375</ele>
      </trkpt>
      <trkpt lat="45.7131028175354" lon="6.724791526794434">
        <ele>2105.13671875</ele>
      </trkpt>
      <trkpt lat="45.713145732879639" lon="6.724684238433838">
        <ele>2106.65234375</ele>
      </trkpt>
      <trkpt lat="45.713253021240234" lon="6.724512577056885">
        <ele>2110.33203125</ele>
      </trkpt>
      <trkpt lat="45.713424682617188" lon="6.724405288696289">
        <ele>2116.3828125</ele>
      </trkpt>
      <trkpt lat="45.713467597961426" lon="6.724426746368408">
        <ele>2118.234375</ele>
      </trkpt>
      <trkpt lat="45.713467597961426" lon="6.724469661712646">
        <ele>2118.6171875</ele>
      </trkpt>
      <trkpt lat="45.713403224945068" lon="6.7246413230896">
        <ele>2117.41796875</ele>
      </trkpt>
      <trkpt lat="45.713381767272949" lon="6.724791526794434">
        <ele>2117.640625</ele>
      </trkpt>
      <trkpt lat="45.713510513305664" lon="6.724684238433838">
        <ele>2122.3828125</ele>
      </trkpt>
      <trkpt lat="45.713510513305664" lon="6.724791526794434">
        <ele>2123.4140625</ele>
      </trkpt>
      <trkpt lat="45.71361780166626" lon="6.725049018859863">
        <ele>2131.1328125</ele>
      </trkpt>
      <trkpt lat="45.713639259338379" lon="6.72513484954834">
        <ele>2133.234375</ele>
      </trkpt>
      <trkpt lat="45.713574886322021" lon="6.725242137908936">
        <ele>2131.35546875</ele>
      </trkpt>
      <trkpt lat="45.713596343994141" lon="6.725285053253174">
        <ele>2132.953125</ele>
      </trkpt>
      <trkpt lat="45.713660717010498" lon="6.725285053253174">
        <ele>2136.18359375</ele>
      </trkpt>
      <trkpt lat="45.713875293731689" lon="6.725306510925293">
        <ele>2147.234375</ele>
      </trkpt>
      <trkpt lat="45.714004039764404" lon="6.725285053253174">
        <ele>2153.44921875</ele>
      </trkpt>
      <trkpt lat="45.714004039764404" lon="6.725199222564697">
        <ele>2152.40625</ele>
      </trkpt>
      <trkpt lat="45.714068412780762" lon="6.725220680236816">
        <ele>2155.9375</ele>
      </trkpt>
      <trkpt lat="45.714175701141357" lon="6.725327968597412">
        <ele>2162.57421875</ele>
      </trkpt>
      <trkpt lat="45.714175701141357" lon="6.725113391876221">
        <ele>2160.1875</ele>
      </trkpt>
      <trkpt lat="45.714240074157715" lon="6.725220680236816">
        <ele>2164.6484375</ele>
      </trkpt>
      <trkpt lat="45.714304447174072" lon="6.725285053253174">
        <ele>2168.5859375</ele>
      </trkpt>
      <trkpt lat="45.714390277862549" lon="6.725306510925293">
        <ele>2173.12109375</ele>
      </trkpt>
      <trkpt lat="45.714390277862549" lon="6.725091934204102">
        <ele>2171</ele>
      </trkpt>
      <trkpt lat="45.714433193206787" lon="6.725091934204102">
        <ele>2173.2109375</ele>
      </trkpt>
      <trkpt lat="45.714476108551025" lon="6.725156307220459">
        <ele>2176.0234375</ele>
      </trkpt>
      <trkpt lat="45.714561939239502" lon="6.725091934204102">
        <ele>2179.83984375</ele>
      </trkpt>
      <trkpt lat="45.714626312255859" lon="6.725177764892578">
        <ele>2183.88671875</ele>
      </trkpt>
      <trkpt lat="45.714712142944336" lon="6.725242137908936">
        <ele>2187.71484375</ele>
      </trkpt>
      <trkpt lat="45.714797973632812" lon="6.72537088394165">
        <ele>2191.828125</ele>
      </trkpt>
      <trkpt lat="45.71486234664917" lon="6.725456714630127">
        <ele>2194.87890625</ele>
      </trkpt>
      <trkpt lat="45.714926719665527" lon="6.725242137908936">
        <ele>2195.0859375</ele>
      </trkpt>
      <trkpt lat="45.714969635009766" lon="6.725177764892578">
        <ele>2195.9296875</ele>
      </trkpt>
      <trkpt lat="45.714991092681885" lon="6.725263595581055">
        <ele>2197.51171875</ele>
      </trkpt>
      <trkpt lat="45.715076923370361" lon="6.725242137908936">
        <ele>2200.25</ele>
      </trkpt>
      <trkpt lat="45.715162754058838" lon="6.725306510925293">
        <ele>2203.8828125</ele>
      </trkpt>
      <trkpt lat="45.715205669403076" lon="6.72537088394165">
        <ele>2206.06640625</ele>
      </trkpt>
      <trkpt lat="45.715184211730957" lon="6.725456714630127">
        <ele>2206.23828125</ele>
      </trkpt>
      <trkpt lat="45.715205669403076" lon="6.725542545318604">
        <ele>2207.92578125</ele>
      </trkpt>
      <trkpt lat="45.715291500091553" lon="6.725542545318604">
        <ele>2210.98828125</ele>
      </trkpt>
      <trkpt lat="45.715591907501221" lon="6.72539234161377">
        <ele>2218.796875</ele>
      </trkpt>
      <trkpt lat="45.715699195861816" lon="6.725413799285889">
        <ele>2221.859375</ele>
      </trkpt>
      <trkpt lat="45.71561336517334" lon="6.725564002990723">
        <ele>2221.546875</ele>
      </trkpt>
      <trkpt lat="45.71561336517334" lon="6.725649833679199">
        <ele>2222.640625</ele>
      </trkpt>
      <trkpt lat="45.715677738189697" lon="6.725757122039795">
        <ele>2225.81640625</ele>
      </trkpt>
      <trkpt lat="45.715806484222412" lon="6.725800037384033">
        <ele>2230.015625</ele>
      </trkpt>
      <trkpt lat="45.715913772583008" lon="6.725757122039795">
        <ele>2232.41796875</ele>
      </trkpt>
      <trkpt lat="45.716235637664795" lon="6.725757122039795">
        <ele>2241.42578125</ele>
      </trkpt>
      <trkpt lat="45.716385841369629" lon="6.725714206695557">
        <ele>2244.8828125</ele>
      </trkpt>
      <trkpt lat="45.716814994812012" lon="6.725757122039795">
        <ele>2257.19140625</ele>
      </trkpt>
      <trkpt lat="45.71711540222168" lon="6.725842952728271">
        <ele>2265.87890625</ele>
      </trkpt>
      <trkpt lat="45.717158317565918" lon="6.725971698760986">
        <ele>2268.32421875</ele>
      </trkpt>
      <trkpt lat="45.71735143661499" lon="6.726036071777344">
        <ele>2274.9296875</ele>
      </trkpt>
      <trkpt lat="45.717415809631348" lon="6.726100444793701">
        <ele>2277.67578125</ele>
      </trkpt>
      <trkpt lat="45.717437267303467" lon="6.726014614105225">
        <ele>2277.21484375</ele>
      </trkpt>
      <trkpt lat="45.717437267303467" lon="6.72588586807251">
        <ele>2275.76171875</ele>
      </trkpt>
      <trkpt lat="45.717523097991943" lon="6.725971698760986">
        <ele>2279.234375</ele>
      </trkpt>
      <trkpt lat="45.717566013336182" lon="6.725950241088867">
        <ele>2280.25</ele>
      </trkpt>
      <trkpt lat="45.717566013336182" lon="6.725714206695557">
        <ele>2279.8828125</ele>
      </trkpt>
      <trkpt lat="45.717587471008301" lon="6.72562837600708">
        <ele>2280.73828125</ele>
      </trkpt>
      <trkpt lat="45.717651844024658" lon="6.725649833679199">
        <ele>2282.9140625</ele>
      </trkpt>
      <trkpt lat="45.717780590057373" lon="6.725842952728271">
        <ele>2286.37890625</ele>
      </trkpt>
      <trkpt lat="45.717802047729492" lon="6.725971698760986">
        <ele>2287.58203125</ele>
      </trkpt>
      <trkpt lat="45.71786642074585" lon="6.72588586807251">
        <ele>2288.76171875</ele>
      </trkpt>
      <trkpt lat="45.71786642074585" lon="6.725714206695557">
        <ele>2289.875</ele>
      </trkpt>
      <trkpt lat="45.717909336090088" lon="6.725649833679199">
        <ele>2291.76953125</ele>
      </trkpt>
      <trkpt lat="45.717973709106445" lon="6.725671291351318">
        <ele>2293.80078125</ele>
      </trkpt>
      <trkpt lat="45.718038082122803" lon="6.725649833679199">
        <ele>2296.18359375</ele>
      </trkpt>
      <trkpt lat="45.718274116516113" lon="6.725478172302246">
        <ele>2305.33203125</ele>
      </trkpt>
      <trkpt lat="45.718467235565186" lon="6.725456714630127">
        <ele>2311.8046875</ele>
      </trkpt>
      <trkpt lat="45.7185959815979" lon="6.725456714630127">
        <ele>2316.02734375</ele>
      </trkpt>
      <trkpt lat="45.718681812286377" lon="6.725413799285889">
        <ele>2318.98828125</ele>
      </trkpt>
      <trkpt lat="45.718724727630615" lon="6.72537088394165">
        <ele>2320.51171875</ele>
      </trkpt>
      <trkpt lat="45.718681812286377" lon="6.725177764892578">
        <ele>2319.7734375</ele>
      </trkpt>
      <trkpt lat="45.718703269958496" lon="6.725027561187744">
        <ele>2320.98046875</ele>
      </trkpt>
      <trkpt lat="45.718810558319092" lon="6.724834442138672">
        <ele>2325.12890625</ele>
      </trkpt>
      <trkpt lat="45.718789100646973" lon="6.724662780761719">
        <ele>2325.30859375</ele>
      </trkpt>
      <trkpt lat="45.718832015991211" lon="6.724405288696289">
        <ele>2327.71875</ele>
      </trkpt>
      <trkpt lat="45.718896389007568" lon="6.724255084991455">
        <ele>2329.9765625</ele>
      </trkpt>
      <trkpt lat="45.718917846679688" lon="6.724147796630859">
        <ele>2330.00390625</ele>
      </trkpt>
      <trkpt lat="45.719046592712402" lon="6.723868846893311">
        <ele>2331.0859375</ele>
      </trkpt>
      <trkpt lat="45.719153881072998" lon="6.723783016204834">
        <ele>2332.8515625</ele>
      </trkpt>
      <trkpt lat="45.719475746154785" lon="6.723504066467285">
        <ele>2337.47265625</ele>
      </trkpt>
      <trkpt lat="45.719540119171143" lon="6.723289489746094">
        <ele>2338.046875</ele>
      </trkpt>
      <trkpt lat="45.719690322875977" lon="6.722946166992188">
        <ele>2341.609375</ele>
      </trkpt>
      <trkpt lat="45.71986198425293" lon="6.722795963287354">
        <ele>2345.4765625</ele>
      </trkpt>
      <trkpt lat="45.719754695892334" lon="6.722667217254639">
        <ele>2343.21875</ele>
      </trkpt>
      <trkpt lat="45.719690322875977" lon="6.722602844238281">
        <ele>2341.9296875</ele>
      </trkpt>
      <trkpt lat="45.719690322875977" lon="6.722517013549805">
        <ele>2341.96875</ele>
      </trkpt>
      <trkpt lat="45.719819068908691" lon="6.72238826751709">
        <ele>2344.7265625</ele>
      </trkpt>
      <trkpt lat="45.719840526580811" lon="6.722323894500732">
        <ele>2345.234375</ele>
      </trkpt>
      <trkpt lat="45.719883441925049" lon="6.722238063812256">
        <ele>2346.24609375</ele>
      </trkpt>
      <trkpt lat="45.720055103302002" lon="6.722087860107422">
        <ele>2350.265625</ele>
      </trkpt>
      <trkpt lat="45.720162391662598" lon="6.721959114074707">
        <ele>2352.96875</ele>
      </trkpt>
      <trkpt lat="45.720205307006836" lon="6.721830368041992">
        <ele>2354.26953125</ele>
      </trkpt>
      <trkpt lat="45.720269680023193" lon="6.721723079681396">
        <ele>2356.0625</ele>
      </trkpt>
      <trkpt lat="45.720334053039551" lon="6.721680164337158">
        <ele>2357.66796875</ele>
      </trkpt>
      <trkpt lat="45.720462799072266" lon="6.721615791320801">
        <ele>2360.828125</ele>
      </trkpt>
      <trkpt lat="45.720527172088623" lon="6.721572875976562">
        <ele>2362.88671875</ele>
      </trkpt>
      <trkpt lat="45.720548629760742" lon="6.721508502960205">
        <ele>2363.6953125</ele>
      </trkpt>
      <trkpt lat="45.720484256744385" lon="6.721208095550537">
        <ele>2361.9140625</ele>
      </trkpt>
      <trkpt lat="45.720462799072266" lon="6.721165180206299">
        <ele>2361.375</ele>
      </trkpt>
      <trkpt lat="45.720505714416504" lon="6.721100807189941">
        <ele>2362.8046875</ele>
      </trkpt>
      <trkpt lat="45.720548629760742" lon="6.721100807189941">
        <ele>2364.3125</ele>
      </trkpt>
      <trkpt lat="45.7206130027771" lon="6.721186637878418">
        <ele>2366.421875</ele>
      </trkpt>
      <trkpt lat="45.720698833465576" lon="6.721229553222656">
        <ele>2369.31640625</ele>
      </trkpt>
      <trkpt lat="45.720784664154053" lon="6.721186637878418">
        <ele>2372.3984375</ele>
      </trkpt>
      <trkpt lat="45.720870494842529" lon="6.721100807189941">
        <ele>2375.6328125</ele>
      </trkpt>
      <trkpt lat="45.720913410186768" lon="6.720907688140869">
        <ele>2377.7421875</ele>
      </trkpt>
      <trkpt lat="45.720999240875244" lon="6.720736026763916">
        <ele>2381.5</ele>
      </trkpt>
      <trkpt lat="45.720999240875244" lon="6.72062873840332">
        <ele>2381.921875</ele>
      </trkpt>
      <trkpt lat="45.720956325531006" lon="6.720521450042725">
        <ele>2380.74609375</ele>
      </trkpt>
      <trkpt lat="45.720913410186768" lon="6.720521450042725">
        <ele>2379.15234375</ele>
      </trkpt>
      <trkpt lat="45.720891952514648" lon="6.720478534698486">
        <ele>2378.51171875</ele>
      </trkpt>
      <trkpt lat="45.720913410186768" lon="6.720435619354248">
        <ele>2379.46875</ele>
      </trkpt>
      <trkpt lat="45.720977783203125" lon="6.72039270401001">
        <ele>2382.0390625</ele>
      </trkpt>
      <trkpt lat="45.72110652923584" lon="6.72039270401001">
        <ele>2386.8671875</ele>
      </trkpt>
      <trkpt lat="45.721170902252197" lon="6.720349788665771">
        <ele>2389.46875</ele>
      </trkpt>
      <trkpt lat="45.721256732940674" lon="6.720349788665771">
        <ele>2392.69921875</ele>
      </trkpt>
      <trkpt lat="45.721299648284912" lon="6.720242500305176">
        <ele>2394.828125</ele>
      </trkpt>
      <trkpt lat="45.72136402130127" lon="6.720178127288818">
        <ele>2397.34765625</ele>
      </trkpt>
      <trkpt lat="45.721385478973389" lon="6.720113754272461">
        <ele>2398.375</ele>
      </trkpt>
      <trkpt lat="45.721321105957031" lon="6.720049381256104">
        <ele>2396.67578125</ele>
      </trkpt>
      <trkpt lat="45.721299648284912" lon="6.720006465911865">
        <ele>2396.42578125</ele>
      </trkpt>
      <trkpt lat="45.721278190612793" lon="6.719920635223389">
        <ele>2396.609375</ele>
      </trkpt>
      <trkpt lat="45.721406936645508" lon="6.719942092895508">
        <ele>2400.671875</ele>
      </trkpt>
      <trkpt lat="45.721449851989746" lon="6.719834804534912">
        <ele>2403.1015625</ele>
      </trkpt>
      <trkpt lat="45.721578598022461" lon="6.719663143157959">
        <ele>2408.38671875</ele>
      </trkpt>
      <trkpt lat="45.72160005569458" lon="6.719555854797363">
        <ele>2409.81640625</ele>
      </trkpt>
      <trkpt lat="45.721557140350342" lon="6.719362735748291">
        <ele>2410.32421875</ele>
      </trkpt>
      <trkpt lat="45.72160005569458" lon="6.719169616699219">
        <ele>2412.15625</ele>
      </trkpt>
      <trkpt lat="45.721750259399414" lon="6.718976497650146">
        <ele>2415.2578125</ele>
      </trkpt>
      <trkpt lat="45.721814632415771" lon="6.718912124633789">
        <ele>2416.703125</ele>
      </trkpt>
      <trkpt lat="45.722072124481201" lon="6.718804836273193">
        <ele>2422.83984375</ele>
      </trkpt>
      <trkpt lat="45.722157955169678" lon="6.718719005584717">
        <ele>2424.98046875</ele>
      </trkpt>
      <trkpt lat="45.722200870513916" lon="6.718611717224121">
        <ele>2426.12109375</ele>
      </trkpt>
      <trkpt lat="45.722157955169678" lon="6.718482971191406">
        <ele>2425.30078125</ele>
      </trkpt>
      <trkpt lat="45.722115039825439" lon="6.71839714050293">
        <ele>2424.32421875</ele>
      </trkpt>
      <trkpt lat="45.72209358215332" lon="6.718204021453857">
        <ele>2424.37109375</ele>
      </trkpt>
      <trkpt lat="45.722050666809082" lon="6.718096733093262">
        <ele>2423.4609375</ele>
      </trkpt>
      <trkpt lat="45.722029209136963" lon="6.717989444732666">
        <ele>2423.12109375</ele>
      </trkpt>
      <trkpt lat="45.722007751464844" lon="6.717860698699951">
        <ele>2422.7890625</ele>
      </trkpt>
      <trkpt lat="45.722029209136963" lon="6.717753410339355">
        <ele>2423.7421875</ele>
      </trkpt>
      <trkpt lat="45.72209358215332" lon="6.71764612197876">
        <ele>2426.14453125</ele>
      </trkpt>
      <trkpt lat="45.722157955169678" lon="6.717581748962402">
        <ele>2428.53125</ele>
      </trkpt>
      <trkpt lat="45.722222328186035" lon="6.717560291290283">
        <ele>2430.7890625</ele>
      </trkpt>
      <trkpt lat="45.722372531890869" lon="6.71738862991333">
        <ele>2435.4765625</ele>
      </trkpt>
      <trkpt lat="45.722487447783351" lon="6.717302463948727">
        <ele>2438.81640625</ele>
      </trkpt>
      <trkpt lat="45.722544193267822" lon="6.717259883880615">
        <ele>2440.37109375</ele>
      </trkpt>
      <trkpt lat="45.722951889038086" lon="6.717109680175781">
        <ele>2451.328125</ele>
      </trkpt>
      <trkpt lat="45.723209381103516" lon="6.7171311378479">
        <ele>2457.44140625</ele>
      </trkpt>
      <trkpt lat="45.723381042480469" lon="6.717088222503662">
        <ele>2460.8203125</ele>
      </trkpt>
      <trkpt lat="45.723509788513184" lon="6.717088222503662">
        <ele>2463.6953125</ele>
      </trkpt>
      <trkpt lat="45.723810195922852" lon="6.716852188110352">
        <ele>2468.12109375</ele>
      </trkpt>
      <trkpt lat="45.723981857299805" lon="6.716508865356445">
        <ele>2468.15234375</ele>
      </trkpt>
      <trkpt lat="45.724153518676758" lon="6.71638011932373">
        <ele>2469.4296875</ele>
      </trkpt>
      <trkpt lat="45.72434663772583" lon="6.716337203979492">
        <ele>2471.625</ele>
      </trkpt>
      <trkpt lat="45.72443556971848" lon="6.71625941991806">
        <ele>2471.671875</ele>
      </trkpt>
      <trkpt lat="45.724518299102783" lon="6.716187000274658">
        <ele>2471.5546875</ele>
      </trkpt>
      <trkpt lat="45.724689960479736" lon="6.716165542602539">
        <ele>2472.45703125</ele>
      </trkpt>
      <trkpt lat="45.724883079528809" lon="6.716229915618896">
        <ele>2472.921875</ele>
      </trkpt>
      <trkpt lat="45.725011825561523" lon="6.716337203979492">
        <ele>2474.390625</ele>
      </trkpt>
      <trkpt lat="45.725140571594238" lon="6.716122627258301">
        <ele>2470.0625</ele>
      </trkpt>
      <trkpt lat="45.725269317626953" lon="6.716101169586182">
        <ele>2469.2109375</ele>
      </trkpt>
      <trkpt lat="45.725333690643311" lon="6.716079711914062">
        <ele>2468.59375</ele>
      </trkpt>
      <trkpt lat="45.725440979003906" lon="6.716165542602539">
        <ele>2469.75390625</ele>
      </trkpt>
      <trkpt lat="45.725483894348145" lon="6.716079711914062">
        <ele>2468.3359375</ele>
      </trkpt>
      <trkpt lat="45.725462436676025" lon="6.715950965881348">
        <ele>2465.8125</ele>
      </trkpt>
      <trkpt lat="45.725505352020264" lon="6.715822219848633">
        <ele>2464.234375</ele>
      </trkpt>
      <trkpt lat="45.725505352020264" lon="6.715629100799561">
        <ele>2460.7734375</ele>
      </trkpt>
      <trkpt lat="45.725483894348145" lon="6.715414524078369">
        <ele>2456.3828125</ele>
      </trkpt>
      <trkpt lat="45.725398063659668" lon="6.715178489685059">
        <ele>2451.33984375</ele>
      </trkpt>
      <trkpt lat="45.725376605987549" lon="6.714985370635986">
        <ele>2446.85546875</ele>
      </trkpt>
      <trkpt lat="45.725376605987549" lon="6.714620590209961">
        <ele>2437.3828125</ele>
      </trkpt>
      <trkpt lat="45.725440979003906" lon="6.714513301849365">
        <ele>2435.87109375</ele>
      </trkpt>
      <trkpt lat="45.725483894348145" lon="6.714513301849365">
        <ele>2436.82421875</ele>
      </trkpt>
      <trkpt lat="45.725526809692383" lon="6.71438455581665">
        <ele>2435.04296875</ele>
      </trkpt>
      <trkpt lat="45.725548267364502" lon="6.714041233062744">
        <ele>2428.39453125</ele>
      </trkpt>
      <trkpt lat="45.725505352020264" lon="6.713826656341553">
        <ele>2422.94140625</ele>
      </trkpt>
      <trkpt lat="45.725526809692383" lon="6.713762283325195">
        <ele>2422.30078125</ele>
      </trkpt>
      <trkpt lat="45.725634098052979" lon="6.713569164276123">
        <ele>2421.46484375</ele>
      </trkpt>
      <trkpt lat="45.725655555725098" lon="6.713440418243408">
        <ele>2419.44140625</ele>
      </trkpt>
      <trkpt lat="45.725634098052979" lon="6.713311672210693">
        <ele>2415.94921875</ele>
      </trkpt>
      <trkpt lat="45.725719928741455" lon="6.713225841522217">
        <ele>2416.12890625</ele>
      </trkpt>
      <trkpt lat="45.725805759429932" lon="6.713097095489502">
        <ele>2415.20703125</ele>
      </trkpt>
      <trkpt lat="45.725805759429932" lon="6.712796688079834">
        <ele>2407.921875</ele>
      </trkpt>
      <trkpt lat="45.725913047790527" lon="6.712689399719238">
        <ele>2407.8203125</ele>
      </trkpt>
      <trkpt lat="45.725998878479004" lon="6.712625026702881">
        <ele>2408.203125</ele>
      </trkpt>
      <trkpt lat="45.726149082183838" lon="6.712560653686523">
        <ele>2409.984375</ele>
      </trkpt>
      <trkpt lat="45.726234912872314" lon="6.712324619293213">
        <ele>2405.640625</ele>
      </trkpt>
      <trkpt lat="45.726299285888672" lon="6.712303161621094">
        <ele>2406.61328125</ele>
      </trkpt>
      <trkpt lat="45.726492404937744" lon="6.712324619293213">
        <ele>2412.7578125</ele>
      </trkpt>
      <trkpt lat="45.726535320281982" lon="6.712260246276855">
        <ele>2412.390625</ele>
      </trkpt>
      <trkpt lat="45.726664066314697" lon="6.712195873260498">
        <ele>2414.61328125</ele>
      </trkpt>
      <trkpt lat="45.726749897003174" lon="6.711981296539307">
        <ele>2412.0546875</ele>
      </trkpt>
      <trkpt lat="45.72685718536377" lon="6.711788177490234">
        <ele>2410.8984375</ele>
      </trkpt>
      <trkpt lat="45.726985931396484" lon="6.711487770080566">
        <ele>2408.00390625</ele>
      </trkpt>
      <trkpt lat="45.726964473724365" lon="6.711423397064209">
        <ele>2405.8125</ele>
      </trkpt>
      <trkpt lat="45.727071762084961" lon="6.711316108703613">
        <ele>2406.63671875</ele>
      </trkpt>
      <trkpt lat="45.727286338806152" lon="6.711251735687256">
        <ele>2410.48046875</ele>
      </trkpt>
      <trkpt lat="45.727415084838867" lon="6.711230278015137">
        <ele>2412.8125</ele>
      </trkpt>
      <trkpt lat="45.727565288543701" lon="6.711080074310303">
        <ele>2412.1796875</ele>
      </trkpt>
      <trkpt lat="45.727865695953369" lon="6.710951328277588">
        <ele>2414.97265625</ele>
      </trkpt>
      <trkpt lat="45.727930068969727" lon="6.710822582244873">
        <ele>2412.29296875</ele>
      </trkpt>
      <trkpt lat="45.728015899658203" lon="6.710758209228516">
        <ele>2411.9453125</ele>
      </trkpt>
      <trkpt lat="45.728037357330322" lon="6.710522174835205">
        <ele>2404.734375</ele>
      </trkpt>
      <trkpt lat="45.728080272674561" lon="6.71039342880249">
        <ele>2401.43359375</ele>
      </trkpt>
      <trkpt lat="45.728166103363037" lon="6.710350513458252">
        <ele>2401.796875</ele>
      </trkpt>
      <trkpt lat="45.728251934051514" lon="6.710350513458252">
        <ele>2403.546875</ele>
      </trkpt>
      <trkpt lat="45.72833776473999" lon="6.710264682769775">
        <ele>2402.515625</ele>
      </trkpt>
      <trkpt lat="45.728423595428467" lon="6.710243225097656">
        <ele>2403.57421875</ele>
      </trkpt>
      <trkpt lat="45.728681087493896" lon="6.710307598114014">
        <ele>2410.91796875</ele>
      </trkpt>
      <trkpt lat="45.728809833526611" lon="6.710243225097656">
        <ele>2411.41796875</ele>
      </trkpt>
      <trkpt lat="45.728874206542969" lon="6.710221767425537">
        <ele>2411.57421875</ele>
      </trkpt>
      <trkpt lat="45.729367733001709" lon="6.710264682769775">
        <ele>2419.484375</ele>
      </trkpt>
      <trkpt lat="45.729410648345947" lon="6.710264682769775">
        <ele>2420.05078125</ele>
      </trkpt>
      <trkpt lat="45.729453563690186" lon="6.71015739440918">
        <ele>2417.13671875</ele>
      </trkpt>
      <trkpt lat="45.729560852050781" lon="6.710028648376465">
        <ele>2414.90625</ele>
      </trkpt>
      <trkpt lat="45.729646682739258" lon="6.709835529327393">
        <ele>2411.9296875</ele>
      </trkpt>
      <trkpt lat="45.729775428771973" lon="6.709706783294678">
        <ele>2411.36328125</ele>
      </trkpt>
      <trkpt lat="45.729882717132568" lon="6.70940637588501">
        <ele>2405.87890625</ele>
      </trkpt>
      <trkpt lat="45.729947090148926" lon="6.709363460540771">
        <ele>2405.69140625</ele>
      </trkpt>
      <trkpt lat="45.730075836181641" lon="6.709363460540771">
        <ele>2407.4140625</ele>
      </trkpt>
      <trkpt lat="45.730140209197998" lon="6.709299087524414">
        <ele>2406.5078125</ele>
      </trkpt>
      <trkpt lat="45.730118751525879" lon="6.709234714508057">
        <ele>2404.54296875</ele>
      </trkpt>
      <trkpt lat="45.730462074279785" lon="6.709020137786865">
        <ele>2404.03125</ele>
      </trkpt>
      <trkpt lat="45.730547904968262" lon="6.709063053131104">
        <ele>2406.1796875</ele>
      </trkpt>
      <trkpt lat="45.730612277984619" lon="6.709084510803223">
        <ele>2407.61328125</ele>
      </trkpt>
      <trkpt lat="45.730655193328857" lon="6.708998680114746">
        <ele>2406.18359375</ele>
      </trkpt>
      <trkpt lat="45.730719566345215" lon="6.708977222442627">
        <ele>2406.52734375</ele>
      </trkpt>
      <trkpt lat="45.730762481689453" lon="6.70889139175415">
        <ele>2404.91796875</ele>
      </trkpt>
      <trkpt lat="45.730783939361572" lon="6.708848476409912">
        <ele>2404.078125</ele>
      </trkpt>
      <trkpt lat="45.730869770050049" lon="6.708827018737793">
        <ele>2404.50390625</ele>
      </trkpt>
      <trkpt lat="45.730826854705811" lon="6.708762645721436">
        <ele>2402.328125</ele>
      </trkpt>
      <trkpt lat="45.730826854705811" lon="6.708676815032959">
        <ele>2400.07421875</ele>
      </trkpt>
      <trkpt lat="45.730912685394287" lon="6.708526611328125">
        <ele>2396.7734375</ele>
      </trkpt>
      <trkpt lat="45.730998516082764" lon="6.708505153656006">
        <ele>2396.8046875</ele>
      </trkpt>
      <trkpt lat="45.731277465820312" lon="6.708505153656006">
        <ele>2398.81640625</ele>
      </trkpt>
      <trkpt lat="45.731470584869385" lon="6.708333492279053">
        <ele>2391.48828125</ele>
      </trkpt>
      <trkpt lat="45.73157787322998" lon="6.708312034606934">
        <ele>2389.96875</ele>
      </trkpt>
      <trkpt lat="45.731663703918457" lon="6.708354949951172">
        <ele>2391.56640625</ele>
      </trkpt>
      <trkpt lat="45.732135772705078" lon="6.708290576934814">
        <ele>2386.28515625</ele>
      </trkpt>
      <trkpt lat="45.732264518737793" lon="6.708312034606934">
        <ele>2384.97265625</ele>
      </trkpt>
      <trkpt lat="45.73235034942627" lon="6.708290576934814">
        <ele>2382.41796875</ele>
      </trkpt>
      <trkpt lat="45.732371807098389" lon="6.708247661590576">
        <ele>2380.0234375</ele>
      </trkpt>
      <trkpt lat="45.732457637786865" lon="6.708269119262695">
        <ele>2379.484375</ele>
      </trkpt>
      <trkpt lat="45.732500553131104" lon="6.708290576934814">
        <ele>2379.71484375</ele>
      </trkpt>
      <trkpt lat="45.732607841491699" lon="6.708354949951172">
        <ele>2380.796875</ele>
      </trkpt>
      <trkpt lat="45.732721667736769" lon="6.708392752334476">
        <ele>2380.515625</ele>
      </trkpt>
      <trkpt lat="45.732865333557129" lon="6.708440780639648">
        <ele>2380.0234375</ele>
      </trkpt>
      <trkpt lat="45.732908248901367" lon="6.708440780639648">
        <ele>2379.2578125</ele>
      </trkpt>
      <trkpt lat="45.733144283294678" lon="6.708633899688721">
        <ele>2383.1484375</ele>
      </trkpt>
      <trkpt lat="45.733315944671631" lon="6.70865535736084">
        <ele>2381.015625</ele>
      </trkpt>
      <trkpt lat="45.733358860015869" lon="6.708612442016602">
        <ele>2378.34765625</ele>
      </trkpt>
      <trkpt lat="45.733401775360107" lon="6.708633899688721">
        <ele>2378.53125</ele>
      </trkpt>
      <trkpt lat="45.733530521392822" lon="6.708590984344482">
        <ele>2374.27734375</ele>
      </trkpt>
      <trkpt lat="45.733573436737061" lon="6.708548069000244">
        <ele>2371.54296875</ele>
      </trkpt>
      <trkpt lat="45.733659267425537" lon="6.708526611328125">
        <ele>2368.9765625</ele>
      </trkpt>
      <trkpt lat="45.733723640441895" lon="6.708483695983887">
        <ele>2365.7890625</ele>
      </trkpt>
      <trkpt lat="45.73383092880249" lon="6.708440780639648">
        <ele>2362.484375</ele>
      </trkpt>
      <trkpt lat="45.733895301818848" lon="6.70839786529541">
        <ele>2360.92578125</ele>
      </trkpt>
      <trkpt lat="45.734066963195801" lon="6.708204746246338">
        <ele>2354.07421875</ele>
      </trkpt>
      <trkpt lat="45.734109878540039" lon="6.708118915557861">
        <ele>2350.98046875</ele>
      </trkpt>
      <trkpt lat="45.734174251556396" lon="6.708054542541504">
        <ele>2349.0625</ele>
      </trkpt>
      <trkpt lat="45.734195709228516" lon="6.708011627197266">
        <ele>2347.60546875</ele>
      </trkpt>
      <trkpt lat="45.734302997589111" lon="6.707925796508789">
        <ele>2345.55078125</ele>
      </trkpt>
      <trkpt lat="45.73434591293335" lon="6.707861423492432">
        <ele>2343.67578125</ele>
      </trkpt>
      <trkpt lat="45.734367370605469" lon="6.707797050476074">
        <ele>2341.5703125</ele>
      </trkpt>
      <trkpt lat="45.734410285949707" lon="6.707711219787598">
        <ele>2339.03515625</ele>
      </trkpt>
      <trkpt lat="45.734410285949707" lon="6.707561016082764">
        <ele>2333.640625</ele>
      </trkpt>
      <trkpt lat="45.734517574310303" lon="6.707389354705811">
        <ele>2330.26171875</ele>
      </trkpt>
      <trkpt lat="45.734796524047852" lon="6.707003116607666">
        <ele>2322.01171875</ele>
      </trkpt>
      <trkpt lat="45.734903812408447" lon="6.706874370574951">
        <ele>2319.8203125</ele>
      </trkpt>
      <trkpt lat="45.735054016113281" lon="6.706595420837402">
        <ele>2320.14453125</ele>
      </trkpt>
      <trkpt lat="45.735139846801758" lon="6.706681251525879">
        <ele>2320.6796875</ele>
      </trkpt>
      <trkpt lat="45.735375881195068" lon="6.706767082214355">
        <ele>2323.01171875</ele>
      </trkpt>
      <trkpt lat="45.735547542572021" lon="6.706852912902832">
        <ele>2323.2578125</ele>
      </trkpt>
      <trkpt lat="45.735762119293213" lon="6.707024574279785">
        <ele>2319.1171875</ele>
      </trkpt>
      <trkpt lat="45.735998153686523" lon="6.707346439361572">
        <ele>2309.04296875</ele>
      </trkpt>
      <trkpt lat="45.736534595489502" lon="6.707732677459717">
        <ele>2284.875</ele>
      </trkpt>
      <trkpt lat="45.736641883850098" lon="6.707754135131836">
        <ele>2281.7421875</ele>
      </trkpt>
      <trkpt lat="45.736770629882812" lon="6.707711219787598">
        <ele>2279.38671875</ele>
      </trkpt>
      <trkpt lat="45.737006664276123" lon="6.707689762115479">
        <ele>2274.05859375</ele>
      </trkpt>
      <trkpt lat="45.737199783325195" lon="6.707603931427002">
        <ele>2272.05859375</ele>
      </trkpt>
      <trkpt lat="45.737307071685791" lon="6.707668304443359">
        <ele>2268.33984375</ele>
      </trkpt>
      <trkpt lat="45.737457275390625" lon="6.707818508148193">
        <ele>2261.84375</ele>
      </trkpt>
      <trkpt lat="45.737521648406982" lon="6.707861423492432">
        <ele>2259.69921875</ele>
      </trkpt>
      <trkpt lat="45.73758602142334" lon="6.707839965820312">
        <ele>2259.125</ele>
      </trkpt>
      <trkpt lat="45.737607479095459" lon="6.707797050476074">
        <ele>2259.7734375</ele>
      </trkpt>
      <trkpt lat="45.737671852111816" lon="6.707818508148193">
        <ele>2258.1640625</ele>
      </trkpt>
      <trkpt lat="45.73784351348877" lon="6.708118915557861">
        <ele>2248.76953125</ele>
      </trkpt>
      <trkpt lat="45.737886428833008" lon="6.708204746246338">
        <ele>2246.3359375</ele>
      </trkpt>
      <trkpt lat="45.737864971160889" lon="6.708269119262695">
        <ele>2245.26171875</ele>
      </trkpt>
      <trkpt lat="45.73758602142334" lon="6.708462238311768">
        <ele>2244.84765625</ele>
      </trkpt>
      <trkpt lat="45.737521648406982" lon="6.708590984344482">
        <ele>2244.1171875</ele>
      </trkpt>
      <trkpt lat="45.737371444702148" lon="6.708698272705078">
        <ele>2245.82421875</ele>
      </trkpt>
      <trkpt lat="45.737392902374268" lon="6.708784103393555">
        <ele>2244.64453125</ele>
      </trkpt>
      <trkpt lat="45.737693309783936" lon="6.709127426147461">
        <ele>2231.85546875</ele>
      </trkpt>
      <trkpt lat="45.737714767456055" lon="6.709234714508057">
        <ele>2229.2265625</ele>
      </trkpt>
      <trkpt lat="45.737800598144531" lon="6.709234714508057">
        <ele>2226.16015625</ele>
      </trkpt>
      <trkpt lat="45.737800598144531" lon="6.709363460540771">
        <ele>2224.2890625</ele>
      </trkpt>
      <trkpt lat="45.737886428833008" lon="6.709363460540771">
        <ele>2220.73046875</ele>
      </trkpt>
      <trkpt lat="45.737864971160889" lon="6.709492206573486">
        <ele>2219.43359375</ele>
      </trkpt>
      <trkpt lat="45.737972259521484" lon="6.709492206573486">
        <ele>2214.7421875</ele>
      </trkpt>
      <trkpt lat="45.738015174865723" lon="6.70964241027832">
        <ele>2211.6953125</ele>
      </trkpt>
      <trkpt lat="45.73807954788208" lon="6.709685325622559">
        <ele>2210.94140625</ele>
      </trkpt>
      <trkpt lat="45.738143920898438" lon="6.709771156311035">
        <ele>2208.765625</ele>
      </trkpt>
      <trkpt lat="45.738101005554199" lon="6.709856986999512">
        <ele>2206.44140625</ele>
      </trkpt>
      <trkpt lat="45.738143920898438" lon="6.709985733032227">
        <ele>2202.69140625</ele>
      </trkpt>
      <trkpt lat="45.738294124603271" lon="6.709942817687988">
        <ele>2203.046875</ele>
      </trkpt>
      <trkpt lat="45.738465785980225" lon="6.710243225097656">
        <ele>2191.5625</ele>
      </trkpt>
      <trkpt lat="45.738594532012939" lon="6.710522174835205">
        <ele>2180.09375</ele>
      </trkpt>
      <trkpt lat="45.738658905029297" lon="6.710693836212158">
        <ele>2172.46875</ele>
      </trkpt>
      <trkpt lat="45.738723278045654" lon="6.71090841293335">
        <ele>2162.625</ele>
      </trkpt>
      <trkpt lat="45.739023685455322" lon="6.711380481719971">
        <ele>2153.9296875</ele>
      </trkpt>
      <trkpt lat="45.739195346832275" lon="6.711745262145996">
        <ele>2144.22265625</ele>
      </trkpt>
      <trkpt lat="45.739345550537109" lon="6.71189546585083">
        <ele>2140.92578125</ele>
      </trkpt>
      <trkpt lat="45.739495754241943" lon="6.711959838867188">
        <ele>2138.11328125</ele>
      </trkpt>
      <trkpt lat="45.739517211914062" lon="6.712045669555664">
        <ele>2136.78125</ele>
      </trkpt>
      <trkpt lat="45.739431381225586" lon="6.71215295791626">
        <ele>2136.94140625</ele>
      </trkpt>
      <trkpt lat="45.739452838897705" lon="6.712238788604736">
        <ele>2135.625</ele>
      </trkpt>
      <trkpt lat="45.739603042602539" lon="6.712303161621094">
        <ele>2132.1328125</ele>
      </trkpt>
      <trkpt lat="45.739697339013219" lon="6.712397374212742">
        <ele>2129.79296875</ele>
      </trkpt>
      <trkpt lat="45.739881992340088" lon="6.712582111358643">
        <ele>2124.40625</ele>
      </trkpt>
      <trkpt lat="45.740010738372803" lon="6.712796688079834">
        <ele>2123.03125</ele>
      </trkpt>
      <trkpt lat="45.740482807159424" lon="6.713182926177979">
        <ele>2113.44140625</ele>
      </trkpt>
      <trkpt lat="45.740547180175781" lon="6.713461875915527">
        <ele>2112.17578125</ele>
      </trkpt>
      <trkpt lat="45.740633010864258" lon="6.713612079620361">
        <ele>2112.9921875</ele>
      </trkpt>
      <trkpt lat="45.740783214569092" lon="6.713612079620361">
        <ele>2109.52734375</ele>
      </trkpt>
      <trkpt lat="45.740911960601807" lon="6.713697910308838">
        <ele>2107.92578125</ele>
      </trkpt>
      <trkpt lat="45.741126537322998" lon="6.713783740997314">
        <ele>2104.08203125</ele>
      </trkpt>
      <trkpt lat="45.741534233093262" lon="6.714041233062744">
        <ele>2097.12109375</ele>
      </trkpt>
      <trkpt lat="45.741941928863525" lon="6.714491844177246">
        <ele>2092.7734375</ele>
      </trkpt>
      <trkpt lat="45.742156505584717" lon="6.714599132537842">
        <ele>2088.5078125</ele>
      </trkpt>
      <trkpt lat="45.742371082305908" lon="6.714770793914795">
        <ele>2085.828125</ele>
      </trkpt>
      <trkpt lat="45.742607116699219" lon="6.715114116668701">
        <ele>2085.67578125</ele>
      </trkpt>
      <trkpt lat="45.742757320404053" lon="6.715371608734131">
        <ele>2084.0234375</ele>
      </trkpt>
      <trkpt lat="45.742886066436768" lon="6.715457439422607">
        <ele>2081</ele>
      </trkpt>
      <trkpt lat="45.743186473846436" lon="6.715564727783203">
        <ele>2075.3828125</ele>
      </trkpt>
      <trkpt lat="45.743658542633057" lon="6.715586185455322">
        <ele>2066.59375</ele>
      </trkpt>
      <trkpt lat="45.743916034698486" lon="6.715736389160156">
        <ele>2064.11328125</ele>
      </trkpt>
      <trkpt lat="45.744001865386963" lon="6.715822219848633">
        <ele>2064.03515625</ele>
      </trkpt>
      <trkpt lat="45.744173526763916" lon="6.715972423553467">
        <ele>2062.84765625</ele>
      </trkpt>
      <trkpt lat="45.744409561157227" lon="6.716015338897705">
        <ele>2058.90625</ele>
      </trkpt>
      <trkpt lat="45.744709968566895" lon="6.716036796569824">
        <ele>2052.46484375</ele>
      </trkpt>
      <trkpt lat="45.744795799255371" lon="6.716058254241943">
        <ele>2049.6875</ele>
      </trkpt>
      <trkpt lat="45.744838714599609" lon="6.716165542602539">
        <ele>2048.54296875</ele>
      </trkpt>
      <trkpt lat="45.744860172271729" lon="6.716251373291016">
        <ele>2048.0703125</ele>
      </trkpt>
      <trkpt lat="45.744881629943848" lon="6.716358661651611">
        <ele>2047.6796875</ele>
      </trkpt>
      <trkpt lat="45.744881629943848" lon="6.716423034667969">
        <ele>2047.84765625</ele>
      </trkpt>
      <trkpt lat="45.744946002960205" lon="6.716487407684326">
        <ele>2046.0703125</ele>
      </trkpt>
      <trkpt lat="45.745182037353516" lon="6.716787815093994">
        <ele>2040.5625</ele>
      </trkpt>
      <trkpt lat="45.745246410369873" lon="6.716744899749756">
        <ele>2038.23046875</ele>
      </trkpt>
      <trkpt lat="45.745267868041992" lon="6.716809272766113">
        <ele>2038.375</ele>
      </trkpt>
      <trkpt lat="45.745267868041992" lon="6.716916561126709">
        <ele>2039.640625</ele>
      </trkpt>
      <trkpt lat="45.745289325714111" lon="6.716959476470947">
        <ele>2039.5625</ele>
      </trkpt>
      <trkpt lat="45.74531078338623" lon="6.717045307159424">
        <ele>2040.01953125</ele>
      </trkpt>
      <trkpt lat="45.745353698730469" lon="6.717066764831543">
        <ele>2039.14453125</ele>
      </trkpt>
      <trkpt lat="45.745439529418945" lon="6.717045307159424">
        <ele>2036.59375</ele>
      </trkpt>
      <trkpt lat="45.74556827545166" lon="6.717066764831543">
        <ele>2031.12890625</ele>
      </trkpt>
      <trkpt lat="45.745739936828613" lon="6.71715259552002">
        <ele>2023.87890625</ele>
      </trkpt>
      <trkpt lat="45.745890140533447" lon="6.717238426208496">
        <ele>2017.55078125</ele>
      </trkpt>
      <trkpt lat="45.746212005615234" lon="6.717624664306641">
        <ele>2005.4765625</ele>
      </trkpt>
      <trkpt lat="45.746276378631592" lon="6.717689037322998">
        <ele>2002.80859375</ele>
      </trkpt>
      <trkpt lat="45.746405124664307" lon="6.717903614044189">
        <ele>1999.4140625</ele>
      </trkpt>
      <trkpt lat="45.746533870697021" lon="6.717989444732666">
        <ele>1995.125</ele>
      </trkpt>
      <trkpt lat="45.74657678604126" lon="6.718118190765381">
        <ele>1994.5859375</ele>
      </trkpt>
      <trkpt lat="45.746641159057617" lon="6.718118190765381">
        <ele>1992.0859375</ele>
      </trkpt>
      <trkpt lat="45.746641159057617" lon="6.717860698699951">
        <ele>1989.79296875</ele>
      </trkpt>
      <trkpt lat="45.746555328369141" lon="6.71738862991333">
        <ele>1989</ele>
      </trkpt>
      <trkpt lat="45.746726989746094" lon="6.716830730438232">
        <ele>1977.625</ele>
      </trkpt>
      <trkpt lat="45.746898651123047" lon="6.716444492340088">
        <ele>1966.73046875</ele>
      </trkpt>
      <trkpt lat="45.746920108795166" lon="6.716229915618896">
        <ele>1963.24609375</ele>
      </trkpt>
      <trkpt lat="45.747005939483643" lon="6.715972423553467">
        <ele>1956.99609375</ele>
      </trkpt>
      <trkpt lat="45.7470703125" lon="6.715822219848633">
        <ele>1953.75</ele>
      </trkpt>
      <trkpt lat="45.747177600860596" lon="6.715457439422607">
        <ele>1949.62890625</ele>
      </trkpt>
      <trkpt lat="45.747284889221191" lon="6.715264320373535">
        <ele>1947.08984375</ele>
      </trkpt>
      <trkpt lat="45.747542381286621" lon="6.71513557434082">
        <ele>1941.9453125</ele>
      </trkpt>
      <trkpt lat="45.747671127319336" lon="6.715006828308105">
        <ele>1939.3046875</ele>
      </trkpt>
      <trkpt lat="45.747735500335693" lon="6.714920997619629">
        <ele>1938.26953125</ele>
      </trkpt>
      <trkpt lat="45.747714042663574" lon="6.714878082275391">
        <ele>1938.7265625</ele>
      </trkpt>
      <trkpt lat="45.747649669647217" lon="6.714878082275391">
        <ele>1939.90625</ele>
      </trkpt>
      <trkpt lat="45.747649669647217" lon="6.714770793914795">
        <ele>1940.08203125</ele>
      </trkpt>
      <trkpt lat="45.747671127319336" lon="6.714663505554199">
        <ele>1939.859375</ele>
      </trkpt>
      <trkpt lat="45.747864246368408" lon="6.714513301849365">
        <ele>1936.46484375</ele>
      </trkpt>
      <trkpt lat="45.748014450073242" lon="6.714470386505127">
        <ele>1934.1875</ele>
      </trkpt>
      <trkpt lat="45.748229026794434" lon="6.714320182800293">
        <ele>1932.0859375</ele>
      </trkpt>
      <trkpt lat="45.748593807220459" lon="6.714191436767578">
        <ele>1928.84375</ele>
      </trkpt>
      <trkpt lat="45.748915672302246" lon="6.713719367980957">
        <ele>1930.9609375</ele>
      </trkpt>
      <trkpt lat="45.749258995056152" lon="6.71314001083374">
        <ele>1930.5</ele>
      </trkpt>
      <trkpt lat="45.749366283416748" lon="6.71290397644043">
        <ele>1929.76171875</ele>
      </trkpt>
      <trkpt lat="45.749473571777344" lon="6.712431907653809">
        <ele>1932.171875</ele>
      </trkpt>
      <trkpt lat="45.749580860137939" lon="6.712238788604736">
        <ele>1933.5703125</ele>
      </trkpt>
      <trkpt lat="45.74981689453125" lon="6.712002754211426">
        <ele>1933.18359375</ele>
      </trkpt>
      <trkpt lat="45.75007438659668" lon="6.711466312408447">
        <ele>1935.609375</ele>
      </trkpt>
      <trkpt lat="45.750117301940918" lon="6.711359024047852">
        <ele>1935.79296875</ele>
      </trkpt>
      <trkpt lat="45.750181674957275" lon="6.710994243621826">
        <ele>1938.39453125</ele>
      </trkpt>
      <trkpt lat="45.750224590301514" lon="6.71088695526123">
        <ele>1937.69921875</ele>
      </trkpt>
      <trkpt lat="45.750331878662109" lon="6.710779666900635">
        <ele>1933.83203125</ele>
      </trkpt>
      <trkpt lat="45.750417709350586" lon="6.710457801818848">
        <ele>1935.1875</ele>
      </trkpt>
      <trkpt lat="45.750911235809326" lon="6.710200309753418">
        <ele>1922.28515625</ele>
      </trkpt>
      <trkpt lat="45.751104354858398" lon="6.709964275360107">
        <ele>1919.08984375</ele>
      </trkpt>
      <trkpt lat="45.751211643218994" lon="6.709878444671631">
        <ele>1916.82421875</ele>
      </trkpt>
      <trkpt lat="45.751297473907471" lon="6.709792613983154">
        <ele>1915.28515625</ele>
      </trkpt>
      <trkpt lat="45.751404762268066" lon="6.709792613983154">
        <ele>1912.05859375</ele>
      </trkpt>
      <trkpt lat="45.751533508300781" lon="6.709749698638916">
        <ele>1908.91796875</ele>
      </trkpt>
      <trkpt lat="45.75157642364502" lon="6.709599494934082">
        <ele>1910.125</ele>
      </trkpt>
      <trkpt lat="45.751619338989258" lon="6.709599494934082">
        <ele>1908.76171875</ele>
      </trkpt>
      <trkpt lat="45.751962661743164" lon="6.709535121917725">
        <ele>1898.72265625</ele>
      </trkpt>
      <trkpt lat="45.752091407775879" lon="6.709556579589844">
        <ele>1894.296875</ele>
      </trkpt>
      <trkpt lat="45.752134323120117" lon="6.709556579589844">
        <ele>1892.84375</ele>
      </trkpt>
      <trkpt lat="45.752155780792236" lon="6.709513664245605">
        <ele>1892.51953125</ele>
      </trkpt>
      <trkpt lat="45.752198696136475" lon="6.709470748901367">
        <ele>1891.359375</ele>
      </trkpt>
      <trkpt lat="45.752263069152832" lon="6.709449291229248">
        <ele>1889.109375</ele>
      </trkpt>
      <trkpt lat="45.752241611480713" lon="6.70940637588501">
        <ele>1890.4765625</ele>
      </trkpt>
      <trkpt lat="45.75230598449707" lon="6.709384918212891">
        <ele>1888.2421875</ele>
      </trkpt>
      <trkpt lat="45.752370357513428" lon="6.709342002868652">
        <ele>1886.2890625</ele>
      </trkpt>
      <trkpt lat="45.752434730529785" lon="6.709320545196533">
        <ele>1884.07421875</ele>
      </trkpt>
      <trkpt lat="45.752520561218262" lon="6.709299087524414">
        <ele>1881.04296875</ele>
      </trkpt>
      <trkpt lat="45.752542018890381" lon="6.709342002868652">
        <ele>1879.6484375</ele>
      </trkpt>
      <trkpt lat="45.752584934234619" lon="6.709363460540771">
        <ele>1877.69921875</ele>
      </trkpt>
      <trkpt lat="45.752649307250977" lon="6.709363460540771">
        <ele>1875.203125</ele>
      </trkpt>
      <trkpt lat="45.75282096862793" lon="6.70940637588501">
        <ele>1867.94921875</ele>
      </trkpt>
      <trkpt lat="45.752863883972168" lon="6.709449291229248">
        <ele>1865.671875</ele>
      </trkpt>
      <trkpt lat="45.752863883972168" lon="6.70940637588501">
        <ele>1866.28125</ele>
      </trkpt>
      <trkpt lat="45.752885341644287" lon="6.709363460540771">
        <ele>1866.0546875</ele>
      </trkpt>
      <trkpt lat="45.752949714660645" lon="6.709384918212891">
        <ele>1863.25</ele>
      </trkpt>
      <trkpt lat="45.752992630004883" lon="6.709384918212891">
        <ele>1861.22265625</ele>
      </trkpt>
      <trkpt lat="45.753078460693359" lon="6.709299087524414">
        <ele>1858.328125</ele>
      </trkpt>
      <trkpt lat="45.753121376037598" lon="6.709299087524414">
        <ele>1856.25390625</ele>
      </trkpt>
      <trkpt lat="45.753164291381836" lon="6.709277629852295">
        <ele>1854.515625</ele>
      </trkpt>
      <trkpt lat="45.753228664398193" lon="6.709256172180176">
        <ele>1851.75390625</ele>
      </trkpt>
      <trkpt lat="45.753250122070312" lon="6.709213256835938">
        <ele>1850.93359375</ele>
      </trkpt>
      <trkpt lat="45.753228664398193" lon="6.709127426147461">
        <ele>1852.06640625</ele>
      </trkpt>
      <trkpt lat="45.753293037414551" lon="6.708998680114746">
        <ele>1849.12890625</ele>
      </trkpt>
      <trkpt lat="45.753357410430908" lon="6.709041595458984">
        <ele>1845.984375</ele>
      </trkpt>
      <trkpt lat="45.753443241119385" lon="6.708998680114746">
        <ele>1841.9140625</ele>
      </trkpt>
      <trkpt lat="45.753507614135742" lon="6.708998680114746">
        <ele>1838.82421875</ele>
      </trkpt>
      <trkpt lat="45.75355052947998" lon="6.708977222442627">
        <ele>1836.78515625</ele>
      </trkpt>
      <trkpt lat="45.75355052947998" lon="6.70891284942627">
        <ele>1836.86328125</ele>
      </trkpt>
      <trkpt lat="45.753593444824219" lon="6.708869934082031">
        <ele>1834.85546875</ele>
      </trkpt>
      <trkpt lat="45.753575507551432" lon="6.708816206082702">
        <ele>1835.78125</ele>
      </trkpt>
      <trkpt lat="45.753593444824219" lon="6.708762645721436">
        <ele>1834.984375</ele>
      </trkpt>
      <trkpt lat="45.753636360168457" lon="6.708719730377197">
        <ele>1832.97265625</ele>
      </trkpt>
      <trkpt lat="45.753786563873291" lon="6.708719730377197">
        <ele>1825.76171875</ele>
      </trkpt>
      <trkpt lat="45.753829479217529" lon="6.708633899688721">
        <ele>1823.859375</ele>
      </trkpt>
      <trkpt lat="45.753872394561768" lon="6.708590984344482">
        <ele>1822.0078125</ele>
      </trkpt>
      <trkpt lat="45.753915309906006" lon="6.708569526672363">
        <ele>1820.15234375</ele>
      </trkpt>
      <trkpt lat="45.753936767578125" lon="6.708505153656006">
        <ele>1819.51171875</ele>
      </trkpt>
      <trkpt lat="45.753936767578125" lon="6.708419322967529">
        <ele>1819.9453125</ele>
      </trkpt>
      <trkpt lat="45.753979682922363" lon="6.70839786529541">
        <ele>1818.4453125</ele>
      </trkpt>
      <trkpt lat="45.754001140594482" lon="6.708333492279053">
        <ele>1818.5390625</ele>
      </trkpt>
      <trkpt lat="45.754044055938721" lon="6.708312034606934">
        <ele>1817.12109375</ele>
      </trkpt>
      <trkpt lat="45.75406551361084" lon="6.708269119262695">
        <ele>1816.90234375</ele>
      </trkpt>
      <trkpt lat="45.754108428955078" lon="6.708226203918457">
        <ele>1815.828125</ele>
      </trkpt>
      <trkpt lat="45.754129886627197" lon="6.708183288574219">
        <ele>1815.62109375</ele>
      </trkpt>
      <trkpt lat="45.754215717315674" lon="6.70814037322998">
        <ele>1812.84765625</ele>
      </trkpt>
      <trkpt lat="45.754365921020508" lon="6.708033084869385">
        <ele>1808.55859375</ele>
      </trkpt>
      <trkpt lat="45.754408836364746" lon="6.707947254180908">
        <ele>1808.2421875</ele>
      </trkpt>
      <trkpt lat="45.754451751708984" lon="6.70790433883667">
        <ele>1807.24609375</ele>
      </trkpt>
      <trkpt lat="45.754580497741699" lon="6.707861423492432">
        <ele>1802.8984375</ele>
      </trkpt>
      <trkpt lat="45.754752159118652" lon="6.707882881164551">
        <ele>1797.140625</ele>
      </trkpt>
      <trkpt lat="45.754880905151367" lon="6.707947254180908">
        <ele>1792.26171875</ele>
      </trkpt>
      <trkpt lat="45.754945278167725" lon="6.707990169525146">
        <ele>1789.6015625</ele>
      </trkpt>
      <trkpt lat="45.755009651184082" lon="6.708011627197266">
        <ele>1787.3125</ele>
      </trkpt>
      <trkpt lat="45.755095481872559" lon="6.708054542541504">
        <ele>1783.97265625</ele>
      </trkpt>
      <trkpt lat="45.755202770233154" lon="6.7081618309021">
        <ele>1778.71875</ele>
      </trkpt>
      <trkpt lat="45.755267143249512" lon="6.70814037322998">
        <ele>1777.19921875</ele>
      </trkpt>
      <trkpt lat="45.755395889282227" lon="6.708183288574219">
        <ele>1772.46484375</ele>
      </trkpt>
      <trkpt lat="45.755589008331299" lon="6.708054542541504">
        <ele>1770.87109375</ele>
      </trkpt>
      <trkpt lat="45.755867958068848" lon="6.708269119262695">
        <ele>1762.0546875</ele>
      </trkpt>
      <trkpt lat="45.75629711151123" lon="6.708805561065674">
        <ele>1743.01953125</ele>
      </trkpt>
      <trkpt lat="45.756511688232422" lon="6.709256172180176">
        <ele>1731.69140625</ele>
      </trkpt>
      <trkpt lat="45.756683349609375" lon="6.709814071655273">
        <ele>1716.84375</ele>
      </trkpt>
      <trkpt lat="45.756726264953613" lon="6.709835529327393">
        <ele>1716.5625</ele>
      </trkpt>
      <trkpt lat="45.756704807281494" lon="6.70989990234375">
        <ele>1714.71875</ele>
      </trkpt>
      <trkpt lat="45.756833553314209" lon="6.709985733032227">
        <ele>1713.55078125</ele>
      </trkpt>
      <trkpt lat="45.756833553314209" lon="6.710135936737061">
        <ele>1710.47265625</ele>
      </trkpt>
      <trkpt lat="45.756876468658447" lon="6.710200309753418">
        <ele>1709.875</ele>
      </trkpt>
      <trkpt lat="45.756962299346924" lon="6.710221767425537">
        <ele>1710.03515625</ele>
      </trkpt>
      <trkpt lat="45.757026672363281" lon="6.710371971130371">
        <ele>1707.546875</ele>
      </trkpt>
      <trkpt lat="45.75706958770752" lon="6.710436344146729">
        <ele>1706.296875</ele>
      </trkpt>
      <trkpt lat="45.757219791412354" lon="6.710586547851562">
        <ele>1703.6015625</ele>
      </trkpt>
      <trkpt lat="45.757412910461426" lon="6.710672378540039">
        <ele>1703.36328125</ele>
      </trkpt>
      <trkpt lat="45.757627487182617" lon="6.71090841293335">
        <ele>1702.12109375</ele>
      </trkpt>
      <trkpt lat="45.757627487182617" lon="6.71090841293335">
        <ele>1702.12109375</ele>
      </trkpt>
    </trkseg>
  </trk>
</gpx>
