<?xml version="1.0"?>
<gpx xmlns="http://www.topografix.com/GPX/1/1" xmlns:xsi="http://www.w3.org/2001/XMLSchema-instance" xmlns:wptx1="http://www.garmin.com/xmlschemas/WaypointExtension/v1" xmlns:gpxtrx="http://www.garmin.com/xmlschemas/GpxExtensions/v3" xmlns:gpxtpx="http://www.garmin.com/xmlschemas/TrackPointExtension/v1" xmlns:gpxx="http://www.garmin.com/xmlschemas/GpxExtensions/v3" xmlns:trp="http://www.garmin.com/xmlschemas/TripExtensions/v1" xmlns:adv="http://www.garmin.com/xmlschemas/AdventuresExtensions/v1" xmlns:prs="http://www.garmin.com/xmlschemas/PressureExtension/v1" xmlns:tmd="http://www.garmin.com/xmlschemas/TripMetaDataExtensions/v1" xmlns:vptm="http://www.garmin.com/xmlschemas/ViaPointTransportationModeExtensions/v1" xmlns:ctx="http://www.garmin.com/xmlschemas/CreationTimeExtension/v1" xmlns:gpxacc="http://www.garmin.com/xmlschemas/AccelerationExtension/v1" xmlns:gpxpx="http://www.garmin.com/xmlschemas/PowerExtension/v1" xmlns:vidx1="http://www.garmin.com/xmlschemas/VideoExtension/v1" creator="Garmin Desktop App" version="1.1" xsi:schemaLocation="http://www.topografix.com/GPX/1/1 http://www.topografix.com/GPX/1/1/gpx.xsd http://www.garmin.com/xmlschemas/WaypointExtension/v1 http://www8.garmin.com/xmlschemas/WaypointExtensionv1.xsd http://www.garmin.com/xmlschemas/TrackPointExtension/v1 http://www.garmin.com/xmlschemas/TrackPointExtensionv1.xsd http://www.garmin.com/xmlschemas/GpxExtensions/v3 http://www8.garmin.com/xmlschemas/GpxExtensionsv3.xsd http://www.garmin.com/xmlschemas/ActivityExtension/v1 http://www8.garmin.com/xmlschemas/ActivityExtensionv1.xsd http://www.garmin.com/xmlschemas/AdventuresExtensions/v1 http://www8.garmin.com/xmlschemas/AdventuresExtensionv1.xsd http://www.garmin.com/xmlschemas/PressureExtension/v1 http://www.garmin.com/xmlschemas/PressureExtensionv1.xsd http://www.garmin.com/xmlschemas/TripExtensions/v1 http://www.garmin.com/xmlschemas/TripExtensionsv1.xsd http://www.garmin.com/xmlschemas/TripMetaDataExtensions/v1 http://www.garmin.com/xmlschemas/TripMetaDataExtensionsv1.xsd http://www.garmin.com/xmlschemas/ViaPointTransportationModeExtensions/v1 http://www.garmin.com/xmlschemas/ViaPointTransportationModeExtensionsv1.xsd http://www.garmin.com/xmlschemas/CreationTimeExtension/v1 http://www.garmin.com/xmlschemas/CreationTimeExtensionsv1.xsd http://www.garmin.com/xmlschemas/AccelerationExtension/v1 http://www.garmin.com/xmlschemas/AccelerationExtensionv1.xsd http://www.garmin.com/xmlschemas/PowerExtension/v1 http://www.garmin.com/xmlschemas/PowerExtensionv1.xsd http://www.garmin.com/xmlschemas/VideoExtension/v1 http://www.garmin.com/xmlschemas/VideoExtensionv1.xsd">
  <metadata>
    <link href="http://www.garmin.com">
      <text>Garmin International</text>
    </link>
    <time>2026-03-04T12:11:42Z</time>
    <bounds maxlat="45.890360120683908" maxlon="6.798305511474609" minlat="45.835433006286621" minlon="6.74933910369873"/>
  </metadata>
  <trk>
    <name>TMB Etappe 10</name>
    <extensions>
      <gpxx:TrackExtension>
        <gpxx:DisplayColor>Red</gpxx:DisplayColor>
      </gpxx:TrackExtension>
    </extensions>
    <trkseg>
      <trkpt lat="45.836184024810791" lon="6.74933910369873">
        <ele>1723.56640625</ele>
        <time>2025-08-29T08:42:09Z</time>
      </trkpt>
      <trkpt lat="45.836076736450195" lon="6.749553680419922">
        <ele>1726.39453125</ele>
      </trkpt>
      <trkpt lat="45.835905075073242" lon="6.750004291534424">
        <ele>1731.4375</ele>
      </trkpt>
      <trkpt lat="45.83545446395874" lon="6.750626564025879">
        <ele>1739.3125</ele>
      </trkpt>
      <trkpt lat="45.835433006286621" lon="6.750669479370117">
        <ele>1739.63671875</ele>
      </trkpt>
      <trkpt lat="45.835475921630859" lon="6.750819683074951">
        <ele>1740.55078125</ele>
      </trkpt>
      <trkpt lat="45.835475921630859" lon="6.750926971435547">
        <ele>1741.328125</ele>
      </trkpt>
      <trkpt lat="45.83545446395874" lon="6.751055717468262">
        <ele>1742.3984375</ele>
      </trkpt>
      <trkpt lat="45.835475921630859" lon="6.751248836517334">
        <ele>1743.96875</ele>
      </trkpt>
      <trkpt lat="45.835475921630859" lon="6.751506328582764">
        <ele>1746.08203125</ele>
      </trkpt>
      <trkpt lat="45.835540294647217" lon="6.751635074615479">
        <ele>1747</ele>
      </trkpt>
      <trkpt lat="45.835583209991455" lon="6.751785278320312">
        <ele>1748.08984375</ele>
      </trkpt>
      <trkpt lat="45.835647583007812" lon="6.751871109008789">
        <ele>1748.5078125</ele>
      </trkpt>
      <trkpt lat="45.835754871368408" lon="6.751956939697266">
        <ele>1748.609375</ele>
      </trkpt>
      <trkpt lat="45.835905075073242" lon="6.752064228057861">
        <ele>1748.37890625</ele>
      </trkpt>
      <trkpt lat="45.836012363433838" lon="6.752192974090576">
        <ele>1748.1953125</ele>
      </trkpt>
      <trkpt lat="45.836033821105957" lon="6.752257347106934">
        <ele>1748.25390625</ele>
      </trkpt>
      <trkpt lat="45.836119651794434" lon="6.752321720123291">
        <ele>1747.734375</ele>
      </trkpt>
      <trkpt lat="45.836441516876221" lon="6.752429008483887">
        <ele>1746.09375</ele>
      </trkpt>
      <trkpt lat="45.83646297454834" lon="6.752514839172363">
        <ele>1745.953125</ele>
      </trkpt>
      <trkpt lat="45.836441516876221" lon="6.752622127532959">
        <ele>1745.734375</ele>
      </trkpt>
      <trkpt lat="45.836398601531982" lon="6.75285816192627">
        <ele>1744.9921875</ele>
      </trkpt>
      <trkpt lat="45.836312770843506" lon="6.753029823303223">
        <ele>1744.82421875</ele>
      </trkpt>
      <trkpt lat="45.836269855499268" lon="6.753437519073486">
        <ele>1743.703125</ele>
      </trkpt>
      <trkpt lat="45.836226940155029" lon="6.753544807434082">
        <ele>1744.05859375</ele>
      </trkpt>
      <trkpt lat="45.836184024810791" lon="6.753716468811035">
        <ele>1744.77734375</ele>
      </trkpt>
      <trkpt lat="45.836141109466553" lon="6.75384521484375">
        <ele>1745.57421875</ele>
      </trkpt>
      <trkpt lat="45.836076736450195" lon="6.754016876220703">
        <ele>1746.84765625</ele>
      </trkpt>
      <trkpt lat="45.836055278778076" lon="6.754124164581299">
        <ele>1747.25390625</ele>
      </trkpt>
      <trkpt lat="45.836033821105957" lon="6.754252910614014">
        <ele>1747.44140625</ele>
      </trkpt>
      <trkpt lat="45.836033821105957" lon="6.754464553669095">
        <ele>1745.97265625</ele>
      </trkpt>
      <trkpt lat="45.836033821105957" lon="6.754553318023682">
        <ele>1745.359375</ele>
      </trkpt>
      <trkpt lat="45.836098194122314" lon="6.75459623336792">
        <ele>1743.41796875</ele>
      </trkpt>
      <trkpt lat="45.836141109466553" lon="6.754682064056396">
        <ele>1741.66015625</ele>
      </trkpt>
      <trkpt lat="45.83620548248291" lon="6.754767894744873">
        <ele>1739.27734375</ele>
      </trkpt>
      <trkpt lat="45.836334228515625" lon="6.75483226776123">
        <ele>1735.484375</ele>
      </trkpt>
      <trkpt lat="45.836312770843506" lon="6.755025386810303">
        <ele>1734.125</ele>
      </trkpt>
      <trkpt lat="45.836420059204102" lon="6.755197048187256">
        <ele>1726.36328125</ele>
      </trkpt>
      <trkpt lat="45.836613178253174" lon="6.755218505859375">
        <ele>1719.68359375</ele>
      </trkpt>
      <trkpt lat="45.836656093597412" lon="6.755218505859375">
        <ele>1718.34375</ele>
      </trkpt>
      <trkpt lat="45.83669900894165" lon="6.755239963531494">
        <ele>1716.26953125</ele>
      </trkpt>
      <trkpt lat="45.836741924285889" lon="6.75534725189209">
        <ele>1711.171875</ele>
      </trkpt>
      <trkpt lat="45.836870670318604" lon="6.755518913269043">
        <ele>1700.609375</ele>
      </trkpt>
      <trkpt lat="45.836913585662842" lon="6.755561828613281">
        <ele>1697.48046875</ele>
      </trkpt>
      <trkpt lat="45.83695650100708" lon="6.755561828613281">
        <ele>1695.92578125</ele>
      </trkpt>
      <trkpt lat="45.837020874023438" lon="6.755518913269043">
        <ele>1695.265625</ele>
      </trkpt>
      <trkpt lat="45.837020874023438" lon="6.7555832862854">
        <ele>1692.76171875</ele>
      </trkpt>
      <trkpt lat="45.837085247039795" lon="6.75560474395752">
        <ele>1689.51171875</ele>
      </trkpt>
      <trkpt lat="45.837364196777344" lon="6.75560474395752">
        <ele>1678.23828125</ele>
      </trkpt>
      <trkpt lat="45.837535858154297" lon="6.755475997924805">
        <ele>1677.265625</ele>
      </trkpt>
      <trkpt lat="45.837621688842773" lon="6.755454540252686">
        <ele>1674.98046875</ele>
      </trkpt>
      <trkpt lat="45.837879180908203" lon="6.755540370941162">
        <ele>1660.734375</ele>
      </trkpt>
      <trkpt lat="45.838029384613037" lon="6.75560474395752">
        <ele>1653.30859375</ele>
      </trkpt>
      <trkpt lat="45.838544368743896" lon="6.755776405334473">
        <ele>1631.5078125</ele>
      </trkpt>
      <trkpt lat="45.838630199432373" lon="6.755819320678711">
        <ele>1627.09765625</ele>
      </trkpt>
      <trkpt lat="45.838758945465088" lon="6.755776405334473">
        <ele>1626.46484375</ele>
      </trkpt>
      <trkpt lat="45.839037895202637" lon="6.755754947662354">
        <ele>1624.97265625</ele>
      </trkpt>
      <trkpt lat="45.83920955657959" lon="6.755776405334473">
        <ele>1622.20703125</ele>
      </trkpt>
      <trkpt lat="45.839273929595947" lon="6.755862236022949">
        <ele>1616.99609375</ele>
      </trkpt>
      <trkpt lat="45.839381217956543" lon="6.755905151367188">
        <ele>1613.86328125</ele>
      </trkpt>
      <trkpt lat="45.8394455909729" lon="6.755905151367188">
        <ele>1613.24609375</ele>
      </trkpt>
      <trkpt lat="45.839488506317139" lon="6.755926609039307">
        <ele>1611.87890625</ele>
      </trkpt>
      <trkpt lat="45.839574337005615" lon="6.755905151367188">
        <ele>1611.9921875</ele>
      </trkpt>
      <trkpt lat="45.839617252349854" lon="6.755948066711426">
        <ele>1609.515625</ele>
      </trkpt>
      <trkpt lat="45.839552879333496" lon="6.756205558776855">
        <ele>1598.8671875</ele>
      </trkpt>
      <trkpt lat="45.839402675628662" lon="6.756377220153809">
        <ele>1592.68359375</ele>
      </trkpt>
      <trkpt lat="45.839316844940186" lon="6.756377220153809">
        <ele>1593.5078125</ele>
      </trkpt>
      <trkpt lat="45.839273929595947" lon="6.756441593170166">
        <ele>1591.0625</ele>
      </trkpt>
      <trkpt lat="45.839231014251709" lon="6.756463050842285">
        <ele>1590.51953125</ele>
      </trkpt>
      <trkpt lat="45.839166641235352" lon="6.756484508514404">
        <ele>1590.1875</ele>
      </trkpt>
      <trkpt lat="45.839016437530518" lon="6.756613254547119">
        <ele>1585.91015625</ele>
      </trkpt>
      <trkpt lat="45.838994979858398" lon="6.756656169891357">
        <ele>1584.20703125</ele>
      </trkpt>
      <trkpt lat="45.839123725891113" lon="6.756806373596191">
        <ele>1577.66796875</ele>
      </trkpt>
      <trkpt lat="45.839166641235352" lon="6.756806373596191">
        <ele>1577.2265625</ele>
      </trkpt>
      <trkpt lat="45.839188098907471" lon="6.756870746612549">
        <ele>1575.09765625</ele>
      </trkpt>
      <trkpt lat="45.839080810546875" lon="6.756956577301025">
        <ele>1573.765625</ele>
      </trkpt>
      <trkpt lat="45.839037895202637" lon="6.757042407989502">
        <ele>1571.80078125</ele>
      </trkpt>
      <trkpt lat="45.838994979858398" lon="6.757063865661621">
        <ele>1571.70703125</ele>
      </trkpt>
      <trkpt lat="45.838930606842041" lon="6.757128238677979">
        <ele>1570.6953125</ele>
      </trkpt>
      <trkpt lat="45.838909149169922" lon="6.757171154022217">
        <ele>1569.77734375</ele>
      </trkpt>
      <trkpt lat="45.838973522186279" lon="6.757235527038574">
        <ele>1567.140625</ele>
      </trkpt>
      <trkpt lat="45.839123725891113" lon="6.757299900054932">
        <ele>1563.25390625</ele>
      </trkpt>
      <trkpt lat="45.839188098907471" lon="6.757321357727051">
        <ele>1561.73046875</ele>
      </trkpt>
      <trkpt lat="45.839166641235352" lon="6.757385730743408">
        <ele>1560.12890625</ele>
      </trkpt>
      <trkpt lat="45.839037895202637" lon="6.757514476776123">
        <ele>1558.30859375</ele>
      </trkpt>
      <trkpt lat="45.838909149169922" lon="6.757771968841553">
        <ele>1557.56640625</ele>
      </trkpt>
      <trkpt lat="45.838909149169922" lon="6.757879257202148">
        <ele>1556.72265625</ele>
      </trkpt>
      <trkpt lat="45.83895206451416" lon="6.757922172546387">
        <ele>1555.875</ele>
      </trkpt>
      <trkpt lat="45.838909149169922" lon="6.758008003234863">
        <ele>1555.7109375</ele>
      </trkpt>
      <trkpt lat="45.838909149169922" lon="6.758115291595459">
        <ele>1554.86328125</ele>
      </trkpt>
      <trkpt lat="45.838887691497803" lon="6.758158206939697">
        <ele>1554.73046875</ele>
      </trkpt>
      <trkpt lat="45.838887691497803" lon="6.758265495300293">
        <ele>1553.86328125</ele>
      </trkpt>
      <trkpt lat="45.838866233825684" lon="6.758480072021484">
        <ele>1553.02734375</ele>
      </trkpt>
      <trkpt lat="45.838866233825684" lon="6.758694648742676">
        <ele>1552.9296875</ele>
      </trkpt>
      <trkpt lat="45.838909149169922" lon="6.758973598480225">
        <ele>1552.63671875</ele>
      </trkpt>
      <trkpt lat="45.838844776153564" lon="6.759059429168701">
        <ele>1552.83203125</ele>
      </trkpt>
      <trkpt lat="45.838930606842041" lon="6.759145259857178">
        <ele>1552.54296875</ele>
      </trkpt>
      <trkpt lat="45.838844776153564" lon="6.759295463562012">
        <ele>1553.12890625</ele>
      </trkpt>
      <trkpt lat="45.838844776153564" lon="6.759359836578369">
        <ele>1553.4375</ele>
      </trkpt>
      <trkpt lat="45.838930606842041" lon="6.759445667266846">
        <ele>1553.64453125</ele>
      </trkpt>
      <trkpt lat="45.83895206451416" lon="6.759531497955322">
        <ele>1554.00390625</ele>
      </trkpt>
      <trkpt lat="45.83895206451416" lon="6.759660243988037">
        <ele>1554.625</ele>
      </trkpt>
      <trkpt lat="45.838993722572923" lon="6.75977474078536">
        <ele>1555.07421875</ele>
      </trkpt>
      <trkpt lat="45.839123725891113" lon="6.760132312774658">
        <ele>1556.32421875</ele>
      </trkpt>
      <trkpt lat="45.839166641235352" lon="6.760282516479492">
        <ele>1556.6796875</ele>
      </trkpt>
      <trkpt lat="45.839273929595947" lon="6.760196685791016">
        <ele>1556.18359375</ele>
      </trkpt>
      <trkpt lat="45.839359760284424" lon="6.760175228118896">
        <ele>1555.92578125</ele>
      </trkpt>
      <trkpt lat="45.839402675628662" lon="6.760175228118896">
        <ele>1555.83203125</ele>
      </trkpt>
      <trkpt lat="45.8394455909729" lon="6.760196685791016">
        <ele>1555.80859375</ele>
      </trkpt>
      <trkpt lat="45.839552879333496" lon="6.760261058807373">
        <ele>1555.8046875</ele>
      </trkpt>
      <trkpt lat="45.839595794677734" lon="6.760282516479492">
        <ele>1556.1171875</ele>
      </trkpt>
      <trkpt lat="45.839638710021973" lon="6.760282516479492">
        <ele>1556.5703125</ele>
      </trkpt>
      <trkpt lat="45.83970308303833" lon="6.760261058807373">
        <ele>1557.1640625</ele>
      </trkpt>
      <trkpt lat="45.839767456054688" lon="6.760196685791016">
        <ele>1557.55859375</ele>
      </trkpt>
      <trkpt lat="45.839810371398926" lon="6.760175228118896">
        <ele>1557.8984375</ele>
      </trkpt>
      <trkpt lat="45.839874744415283" lon="6.760175228118896">
        <ele>1558.55078125</ele>
      </trkpt>
      <trkpt lat="45.83996057510376" lon="6.760132312774658">
        <ele>1559.1953125</ele>
      </trkpt>
      <trkpt lat="45.84019660949707" lon="6.76008939743042">
        <ele>1561.27734375</ele>
      </trkpt>
      <trkpt lat="45.840260982513428" lon="6.760110855102539">
        <ele>1562.05078125</ele>
      </trkpt>
      <trkpt lat="45.8404541015625" lon="6.760046482086182">
        <ele>1563.6015625</ele>
      </trkpt>
      <trkpt lat="45.840518474578857" lon="6.760067939758301">
        <ele>1564.5390625</ele>
      </trkpt>
      <trkpt lat="45.840582847595215" lon="6.760067939758301">
        <ele>1565.3203125</ele>
      </trkpt>
      <trkpt lat="45.840690135955811" lon="6.760046482086182">
        <ele>1566.43359375</ele>
      </trkpt>
      <trkpt lat="45.840733051300049" lon="6.760067939758301">
        <ele>1567.13671875</ele>
      </trkpt>
      <trkpt lat="45.840754508972168" lon="6.760110855102539">
        <ele>1567.76953125</ele>
      </trkpt>
      <trkpt lat="45.840840339660645" lon="6.760303974151611">
        <ele>1570.578125</ele>
      </trkpt>
      <trkpt lat="45.841097831726074" lon="6.761312484741211">
        <ele>1583.5625</ele>
      </trkpt>
      <trkpt lat="45.841097831726074" lon="6.761505603790283">
        <ele>1585.2265625</ele>
      </trkpt>
      <trkpt lat="45.841162204742432" lon="6.761720180511475">
        <ele>1588.4453125</ele>
      </trkpt>
      <trkpt lat="45.84120512008667" lon="6.761934757232666">
        <ele>1590.66015625</ele>
      </trkpt>
      <trkpt lat="45.841183662414551" lon="6.762042045593262">
        <ele>1590.84375</ele>
      </trkpt>
      <trkpt lat="45.841183662414551" lon="6.7620849609375">
        <ele>1591.1015625</ele>
      </trkpt>
      <trkpt lat="45.841226577758789" lon="6.762149333953857">
        <ele>1592.4140625</ele>
      </trkpt>
      <trkpt lat="45.841248035430908" lon="6.762192249298096">
        <ele>1593.12890625</ele>
      </trkpt>
      <trkpt lat="45.841290950775146" lon="6.762235164642334">
        <ele>1594.3046875</ele>
      </trkpt>
      <trkpt lat="45.841355323791504" lon="6.762363910675049">
        <ele>1596.58203125</ele>
      </trkpt>
      <trkpt lat="45.841376781463623" lon="6.762428283691406">
        <ele>1597.53125</ele>
      </trkpt>
      <trkpt lat="45.841376781463623" lon="6.762471199035645">
        <ele>1597.83984375</ele>
      </trkpt>
      <trkpt lat="45.841398239135742" lon="6.762514114379883">
        <ele>1598.66015625</ele>
      </trkpt>
      <trkpt lat="45.84144115447998" lon="6.76257848739624">
        <ele>1600.29296875</ele>
      </trkpt>
      <trkpt lat="45.841505527496338" lon="6.762621402740479">
        <ele>1602.37109375</ele>
      </trkpt>
      <trkpt lat="45.841548442840576" lon="6.762664318084717">
        <ele>1603.95703125</ele>
      </trkpt>
      <trkpt lat="45.841591358184814" lon="6.762750148773193">
        <ele>1606.12109375</ele>
      </trkpt>
      <trkpt lat="45.841655731201172" lon="6.762857437133789">
        <ele>1609.19921875</ele>
      </trkpt>
      <trkpt lat="45.841763019561768" lon="6.762921810150146">
        <ele>1612.9765625</ele>
      </trkpt>
      <trkpt lat="45.841784477233887" lon="6.762964725494385">
        <ele>1614.17578125</ele>
      </trkpt>
      <trkpt lat="45.841805934906006" lon="6.763029098510742">
        <ele>1615.70703125</ele>
      </trkpt>
      <trkpt lat="45.841891765594482" lon="6.763136386871338">
        <ele>1619.765625</ele>
      </trkpt>
      <trkpt lat="45.841977596282959" lon="6.763179302215576">
        <ele>1622.953125</ele>
      </trkpt>
      <trkpt lat="45.842020511627197" lon="6.763179302215576">
        <ele>1624.21875</ele>
      </trkpt>
      <trkpt lat="45.842063426971436" lon="6.763243675231934">
        <ele>1626.5625</ele>
      </trkpt>
      <trkpt lat="45.84221363067627" lon="6.763393878936768">
        <ele>1633.015625</ele>
      </trkpt>
      <trkpt lat="45.842320919036865" lon="6.763436794281006">
        <ele>1636.8046875</ele>
      </trkpt>
      <trkpt lat="45.842363834381104" lon="6.763501167297363">
        <ele>1639.52734375</ele>
      </trkpt>
      <trkpt lat="45.842428207397461" lon="6.763544082641602">
        <ele>1642.28125</ele>
      </trkpt>
      <trkpt lat="45.842471122741699" lon="6.763544082641602">
        <ele>1643.39453125</ele>
      </trkpt>
      <trkpt lat="45.842514038085938" lon="6.763608455657959">
        <ele>1646.17578125</ele>
      </trkpt>
      <trkpt lat="45.842556953430176" lon="6.763629913330078">
        <ele>1647.86328125</ele>
      </trkpt>
      <trkpt lat="45.842599868774414" lon="6.763672828674316">
        <ele>1650.12109375</ele>
      </trkpt>
      <trkpt lat="45.84270715713501" lon="6.763758659362793">
        <ele>1655.2578125</ele>
      </trkpt>
      <trkpt lat="45.842792987823486" lon="6.763801574707031">
        <ele>1658.73046875</ele>
      </trkpt>
      <trkpt lat="45.842814445495605" lon="6.76384449005127">
        <ele>1660.4765625</ele>
      </trkpt>
      <trkpt lat="45.842857360839844" lon="6.76382303237915">
        <ele>1661.05859375</ele>
      </trkpt>
      <trkpt lat="45.842921733856201" lon="6.763865947723389">
        <ele>1664</ele>
      </trkpt>
      <trkpt lat="45.842964649200439" lon="6.763973236083984">
        <ele>1668.03125</ele>
      </trkpt>
      <trkpt lat="45.843007564544678" lon="6.763973236083984">
        <ele>1669.13671875</ele>
      </trkpt>
      <trkpt lat="45.843093395233154" lon="6.764016151428223">
        <ele>1672.38671875</ele>
      </trkpt>
      <trkpt lat="45.843157768249512" lon="6.764059066772461">
        <ele>1674.9921875</ele>
      </trkpt>
      <trkpt lat="45.843179225921631" lon="6.764123439788818">
        <ele>1676.98046875</ele>
      </trkpt>
      <trkpt lat="45.843222141265869" lon="6.764187812805176">
        <ele>1679.39453125</ele>
      </trkpt>
      <trkpt lat="45.843286514282227" lon="6.764316558837891">
        <ele>1684.41015625</ele>
      </trkpt>
      <trkpt lat="45.843329429626465" lon="6.764295101165771">
        <ele>1684.62109375</ele>
      </trkpt>
      <trkpt lat="45.843372344970703" lon="6.764359474182129">
        <ele>1687.2421875</ele>
      </trkpt>
      <trkpt lat="45.843501091003418" lon="6.764402389526367">
        <ele>1690.640625</ele>
      </trkpt>
      <trkpt lat="45.843522548675537" lon="6.764445304870605">
        <ele>1692.04296875</ele>
      </trkpt>
      <trkpt lat="45.843586921691895" lon="6.764466762542725">
        <ele>1693.57421875</ele>
      </trkpt>
      <trkpt lat="45.843608379364014" lon="6.764552593231201">
        <ele>1695.80859375</ele>
      </trkpt>
      <trkpt lat="45.843651294708252" lon="6.76457405090332">
        <ele>1696.85546875</ele>
      </trkpt>
      <trkpt lat="45.843672752380371" lon="6.764638423919678">
        <ele>1698.46484375</ele>
      </trkpt>
      <trkpt lat="45.843715667724609" lon="6.764702796936035">
        <ele>1700.23828125</ele>
      </trkpt>
      <trkpt lat="45.843780040740967" lon="6.764745712280273">
        <ele>1702.4453125</ele>
      </trkpt>
      <trkpt lat="45.84395170211792" lon="6.764724254608154">
        <ele>1706.62109375</ele>
      </trkpt>
      <trkpt lat="45.843973159790039" lon="6.764681339263916">
        <ele>1706.60546875</ele>
      </trkpt>
      <trkpt lat="45.843930244445801" lon="6.764595508575439">
        <ele>1704.16015625</ele>
      </trkpt>
      <trkpt lat="45.843973159790039" lon="6.764595508575439">
        <ele>1705.4296875</ele>
      </trkpt>
      <trkpt lat="45.843994617462158" lon="6.764552593231201">
        <ele>1705.49609375</ele>
      </trkpt>
      <trkpt lat="45.844058990478516" lon="6.764595508575439">
        <ele>1707.96875</ele>
      </trkpt>
      <trkpt lat="45.844101905822754" lon="6.764595508575439">
        <ele>1709.23828125</ele>
      </trkpt>
      <trkpt lat="45.844144821166992" lon="6.764616966247559">
        <ele>1710.71484375</ele>
      </trkpt>
      <trkpt lat="45.844166278839111" lon="6.764681339263916">
        <ele>1711.93359375</ele>
      </trkpt>
      <trkpt lat="45.844252109527588" lon="6.764724254608154">
        <ele>1714.61328125</ele>
      </trkpt>
      <trkpt lat="45.844273567199707" lon="6.764788627624512">
        <ele>1715.62109375</ele>
      </trkpt>
      <trkpt lat="45.844337940216064" lon="6.764767169952393">
        <ele>1717.125</ele>
      </trkpt>
      <trkpt lat="45.844380855560303" lon="6.764810085296631">
        <ele>1718.41015625</ele>
      </trkpt>
      <trkpt lat="45.844423770904541" lon="6.76483154296875">
        <ele>1719.5390625</ele>
      </trkpt>
      <trkpt lat="45.844488143920898" lon="6.764853000640869">
        <ele>1721.12890625</ele>
      </trkpt>
      <trkpt lat="45.844531059265137" lon="6.764895915985107">
        <ele>1722.1796875</ele>
      </trkpt>
      <trkpt lat="45.844573974609375" lon="6.764917373657227">
        <ele>1723.3515625</ele>
      </trkpt>
      <trkpt lat="45.844616889953613" lon="6.764960289001465">
        <ele>1725.57421875</ele>
      </trkpt>
      <trkpt lat="45.84470272064209" lon="6.764981746673584">
        <ele>1729.98046875</ele>
      </trkpt>
      <trkpt lat="45.844767093658447" lon="6.765046119689941">
        <ele>1733.12890625</ele>
      </trkpt>
      <trkpt lat="45.844852924346924" lon="6.765067577362061">
        <ele>1738.1953125</ele>
      </trkpt>
      <trkpt lat="45.844874382019043" lon="6.765174865722656">
        <ele>1742.90234375</ele>
      </trkpt>
      <trkpt lat="45.84496021270752" lon="6.765346527099609">
        <ele>1752.26953125</ele>
      </trkpt>
      <trkpt lat="45.84496021270752" lon="6.765432357788086">
        <ele>1754.9609375</ele>
      </trkpt>
      <trkpt lat="45.844981670379639" lon="6.765496730804443">
        <ele>1757.765625</ele>
      </trkpt>
      <trkpt lat="45.845024585723877" lon="6.765518188476562">
        <ele>1759.97265625</ele>
      </trkpt>
      <trkpt lat="45.845046043395996" lon="6.76558256149292">
        <ele>1762.59765625</ele>
      </trkpt>
      <trkpt lat="45.845046043395996" lon="6.765646934509277">
        <ele>1764.4453125</ele>
      </trkpt>
      <trkpt lat="45.845088958740234" lon="6.765604019165039">
        <ele>1764.6484375</ele>
      </trkpt>
      <trkpt lat="45.845131874084473" lon="6.765646934509277">
        <ele>1767.2109375</ele>
      </trkpt>
      <trkpt lat="45.845110416412354" lon="6.765689849853516">
        <ele>1767.66796875</ele>
      </trkpt>
      <trkpt lat="45.845131874084473" lon="6.765732765197754">
        <ele>1769.453125</ele>
      </trkpt>
      <trkpt lat="45.845153331756592" lon="6.765754222869873">
        <ele>1770.6328125</ele>
      </trkpt>
      <trkpt lat="45.845174789428711" lon="6.765797138214111">
        <ele>1772.3203125</ele>
      </trkpt>
      <trkpt lat="45.845217704772949" lon="6.765797138214111">
        <ele>1773.5078125</ele>
      </trkpt>
      <trkpt lat="45.845239162445068" lon="6.765925884246826">
        <ele>1778.234375</ele>
      </trkpt>
      <trkpt lat="45.845260620117188" lon="6.765968799591064">
        <ele>1780.7890625</ele>
      </trkpt>
      <trkpt lat="45.845303535461426" lon="6.765968799591064">
        <ele>1781.828125</ele>
      </trkpt>
      <trkpt lat="45.845410823822021" lon="6.766033172607422">
        <ele>1787.46484375</ele>
      </trkpt>
      <trkpt lat="45.845438651740551" lon="6.766070304438472">
        <ele>1790.08984375</ele>
      </trkpt>
      <trkpt lat="45.845475196838379" lon="6.766119003295898">
        <ele>1793.46875</ele>
      </trkpt>
      <trkpt lat="45.845539569854736" lon="6.766119003295898">
        <ele>1795.57421875</ele>
      </trkpt>
      <trkpt lat="45.845561027526855" lon="6.766161918640137">
        <ele>1798.10546875</ele>
      </trkpt>
      <trkpt lat="45.845603942871094" lon="6.766183376312256">
        <ele>1800.37109375</ele>
      </trkpt>
      <trkpt lat="45.845646858215332" lon="6.766204833984375">
        <ele>1802.6015625</ele>
      </trkpt>
      <trkpt lat="45.845711231231689" lon="6.766226291656494">
        <ele>1805.45703125</ele>
      </trkpt>
      <trkpt lat="45.845711231231689" lon="6.766290664672852">
        <ele>1808.01953125</ele>
      </trkpt>
      <trkpt lat="45.845754146575928" lon="6.766290664672852">
        <ele>1809.28515625</ele>
      </trkpt>
      <trkpt lat="45.845775604248047" lon="6.76633358001709">
        <ele>1811.57421875</ele>
      </trkpt>
      <trkpt lat="45.845839977264404" lon="6.766376495361328">
        <ele>1815.0234375</ele>
      </trkpt>
      <trkpt lat="45.845882892608643" lon="6.766355037689209">
        <ele>1815.43359375</ele>
      </trkpt>
      <trkpt lat="45.845904350280762" lon="6.766419410705566">
        <ele>1818.37109375</ele>
      </trkpt>
      <trkpt lat="45.845947265625" lon="6.766397953033447">
        <ele>1818.7734375</ele>
      </trkpt>
      <trkpt lat="45.845968723297119" lon="6.766462326049805">
        <ele>1821.61328125</ele>
      </trkpt>
      <trkpt lat="45.845968723297119" lon="6.766526699066162">
        <ele>1823.86328125</ele>
      </trkpt>
      <trkpt lat="45.846033096313477" lon="6.766462326049805">
        <ele>1823.3046875</ele>
      </trkpt>
      <trkpt lat="45.846076011657715" lon="6.766612529754639">
        <ele>1829.3828125</ele>
      </trkpt>
      <trkpt lat="45.846097469329834" lon="6.766655445098877">
        <ele>1831.28125</ele>
      </trkpt>
      <trkpt lat="45.846097469329834" lon="6.766934394836426">
        <ele>1843.49609375</ele>
      </trkpt>
      <trkpt lat="45.846140384674072" lon="6.766977310180664">
        <ele>1846.140625</ele>
      </trkpt>
      <trkpt lat="45.84620475769043" lon="6.766955852508545">
        <ele>1846.16796875</ele>
      </trkpt>
      <trkpt lat="45.846312046051025" lon="6.766912937164307">
        <ele>1846.63671875</ele>
      </trkpt>
      <trkpt lat="45.846483707427979" lon="6.766870021820068">
        <ele>1849.00390625</ele>
      </trkpt>
      <trkpt lat="45.846526622772217" lon="6.766998767852783">
        <ele>1855.125</ele>
      </trkpt>
      <trkpt lat="45.846526622772217" lon="6.767127513885498">
        <ele>1860.19921875</ele>
      </trkpt>
      <trkpt lat="45.846590995788574" lon="6.767127513885498">
        <ele>1861.55078125</ele>
      </trkpt>
      <trkpt lat="45.846655368804932" lon="6.76708459854126">
        <ele>1861.28125</ele>
      </trkpt>
      <trkpt lat="45.846827030181885" lon="6.767063140869141">
        <ele>1864.22265625</ele>
      </trkpt>
      <trkpt lat="45.846869945526123" lon="6.767020225524902">
        <ele>1863.66015625</ele>
      </trkpt>
      <trkpt lat="45.846891403198242" lon="6.766977310180664">
        <ele>1862.65234375</ele>
      </trkpt>
      <trkpt lat="45.846891403198242" lon="6.76682710647583">
        <ele>1857.44140625</ele>
      </trkpt>
      <trkpt lat="45.84693431854248" lon="6.76682710647583">
        <ele>1858.5078125</ele>
      </trkpt>
      <trkpt lat="45.8469557762146" lon="6.766891479492188">
        <ele>1861.22265625</ele>
      </trkpt>
      <trkpt lat="45.846998691558838" lon="6.766977310180664">
        <ele>1865.11328125</ele>
      </trkpt>
      <trkpt lat="45.847041606903076" lon="6.76708459854126">
        <ele>1869.609375</ele>
      </trkpt>
      <trkpt lat="45.847084522247314" lon="6.767170429229736">
        <ele>1873.76953125</ele>
      </trkpt>
      <trkpt lat="45.847084522247314" lon="6.767234802246094">
        <ele>1875.8203125</ele>
      </trkpt>
      <trkpt lat="45.847105979919434" lon="6.767342090606689">
        <ele>1880.11328125</ele>
      </trkpt>
      <trkpt lat="45.847127437591553" lon="6.767427921295166">
        <ele>1883.61328125</ele>
      </trkpt>
      <trkpt lat="45.847148895263672" lon="6.767535209655762">
        <ele>1887.65234375</ele>
      </trkpt>
      <trkpt lat="45.847148895263672" lon="6.767578125">
        <ele>1889.53515625</ele>
      </trkpt>
      <trkpt lat="45.847234725952148" lon="6.767556667327881">
        <ele>1891.50390625</ele>
      </trkpt>
      <trkpt lat="45.847256183624268" lon="6.767513751983643">
        <ele>1890.8359375</ele>
      </trkpt>
      <trkpt lat="45.847299098968506" lon="6.767492294311523">
        <ele>1891.81640625</ele>
      </trkpt>
      <trkpt lat="45.847342014312744" lon="6.767427921295166">
        <ele>1891.80078125</ele>
      </trkpt>
      <trkpt lat="45.847406387329102" lon="6.767342090606689">
        <ele>1892.31640625</ele>
      </trkpt>
      <trkpt lat="45.847406387329102" lon="6.767299175262451">
        <ele>1891.34765625</ele>
      </trkpt>
      <trkpt lat="45.847427845001221" lon="6.767256259918213">
        <ele>1891.30078125</ele>
      </trkpt>
      <trkpt lat="45.847470760345459" lon="6.76732063293457">
        <ele>1894.484375</ele>
      </trkpt>
      <trkpt lat="45.847513675689697" lon="6.767470836639404">
        <ele>1899.18359375</ele>
      </trkpt>
      <trkpt lat="45.847599506378174" lon="6.767599582672119">
        <ele>1905.9453125</ele>
      </trkpt>
      <trkpt lat="45.847642421722412" lon="6.767771244049072">
        <ele>1914.515625</ele>
      </trkpt>
      <trkpt lat="45.847642421722412" lon="6.76783561706543">
        <ele>1917.1796875</ele>
      </trkpt>
      <trkpt lat="45.847642421722412" lon="6.767942905426025">
        <ele>1921.6171875</ele>
      </trkpt>
      <trkpt lat="45.847663879394531" lon="6.768028736114502">
        <ele>1925.796875</ele>
      </trkpt>
      <trkpt lat="45.847642421722412" lon="6.768093109130859">
        <ele>1927.83203125</ele>
      </trkpt>
      <trkpt lat="45.847642421722412" lon="6.768307685852051">
        <ele>1936.7109375</ele>
      </trkpt>
      <trkpt lat="45.847620964050293" lon="6.768436431884766">
        <ele>1942.83984375</ele>
      </trkpt>
      <trkpt lat="45.847663879394531" lon="6.768414974212646">
        <ele>1942.55078125</ele>
      </trkpt>
      <trkpt lat="45.847728252410889" lon="6.768393516540527">
        <ele>1942.8046875</ele>
      </trkpt>
      <trkpt lat="45.847792625427246" lon="6.768350601196289">
        <ele>1942.31640625</ele>
      </trkpt>
      <trkpt lat="45.847835540771484" lon="6.768307685852051">
        <ele>1941.734375</ele>
      </trkpt>
      <trkpt lat="45.847985744476318" lon="6.768221855163574">
        <ele>1944.3046875</ele>
      </trkpt>
      <trkpt lat="45.848135948181152" lon="6.76807165145874">
        <ele>1946.48828125</ele>
      </trkpt>
      <trkpt lat="45.848157405853271" lon="6.768007278442383">
        <ele>1945.4296875</ele>
      </trkpt>
      <trkpt lat="45.848178863525391" lon="6.767878532409668">
        <ele>1942.28515625</ele>
      </trkpt>
      <trkpt lat="45.848221778869629" lon="6.767792701721191">
        <ele>1941.8671875</ele>
      </trkpt>
      <trkpt lat="45.848264694213867" lon="6.767749786376953">
        <ele>1942.9375</ele>
      </trkpt>
      <trkpt lat="45.848350524902344" lon="6.767578125">
        <ele>1942.71875</ele>
      </trkpt>
      <trkpt lat="45.848393440246582" lon="6.767578125">
        <ele>1945.3203125</ele>
      </trkpt>
      <trkpt lat="45.848414897918701" lon="6.767663955688477">
        <ele>1949.08984375</ele>
      </trkpt>
      <trkpt lat="45.848479270935059" lon="6.767771244049072">
        <ele>1955.83984375</ele>
      </trkpt>
      <trkpt lat="45.848479270935059" lon="6.767921447753906">
        <ele>1959.9765625</ele>
      </trkpt>
      <trkpt lat="45.848500728607178" lon="6.767964363098145">
        <ele>1962.30078125</ele>
      </trkpt>
      <trkpt lat="45.848565101623535" lon="6.768028736114502">
        <ele>1967.40625</ele>
      </trkpt>
      <trkpt lat="45.848586559295654" lon="6.768093109130859">
        <ele>1970.16796875</ele>
      </trkpt>
      <trkpt lat="45.848608016967773" lon="6.768136024475098">
        <ele>1972.33984375</ele>
      </trkpt>
      <trkpt lat="45.848608016967773" lon="6.768243312835693">
        <ele>1975.03515625</ele>
      </trkpt>
      <trkpt lat="45.84869384765625" lon="6.768457889556885">
        <ele>1985.42578125</ele>
      </trkpt>
      <trkpt lat="45.848779678344727" lon="6.7685866355896">
        <ele>1994.64453125</ele>
      </trkpt>
      <trkpt lat="45.848758220672607" lon="6.768715381622314">
        <ele>1998.1015625</ele>
      </trkpt>
      <trkpt lat="45.848758220672607" lon="6.768779754638672">
        <ele>2000.453125</ele>
      </trkpt>
      <trkpt lat="45.848758220672607" lon="6.768865585327148">
        <ele>2003.5859375</ele>
      </trkpt>
      <trkpt lat="45.848822593688965" lon="6.768801212310791">
        <ele>2004.62109375</ele>
      </trkpt>
      <trkpt lat="45.848865509033203" lon="6.76882266998291">
        <ele>2007.60546875</ele>
      </trkpt>
      <trkpt lat="45.848844051361084" lon="6.768908500671387">
        <ele>2009.4296875</ele>
      </trkpt>
      <trkpt lat="45.848886966705322" lon="6.76908016204834">
        <ele>2017.265625</ele>
      </trkpt>
      <trkpt lat="45.848886966705322" lon="6.769144535064697">
        <ele>2019.40234375</ele>
      </trkpt>
      <trkpt lat="45.848972797393799" lon="6.768994331359863">
        <ele>2018.5</ele>
      </trkpt>
      <trkpt lat="45.849058628082275" lon="6.768951416015625">
        <ele>2021.35546875</ele>
      </trkpt>
      <trkpt lat="45.849058628082275" lon="6.76908016204834">
        <ele>2025.0546875</ele>
      </trkpt>
      <trkpt lat="45.849058628082275" lon="6.769123077392578">
        <ele>2026.28515625</ele>
      </trkpt>
      <trkpt lat="45.849123001098633" lon="6.769101619720459">
        <ele>2028.5546875</ele>
      </trkpt>
      <trkpt lat="45.849101543426514" lon="6.769165992736816">
        <ele>2029.37109375</ele>
      </trkpt>
      <trkpt lat="45.849144458770752" lon="6.769187450408936">
        <ele>2031.7890625</ele>
      </trkpt>
      <trkpt lat="45.849208831787109" lon="6.769037246704102">
        <ele>2030.80078125</ele>
      </trkpt>
      <trkpt lat="45.849230289459229" lon="6.769165992736816">
        <ele>2034.92578125</ele>
      </trkpt>
      <trkpt lat="45.849251747131348" lon="6.769187450408936">
        <ele>2036.359375</ele>
      </trkpt>
      <trkpt lat="45.849316120147705" lon="6.769165992736816">
        <ele>2038.62890625</ele>
      </trkpt>
      <trkpt lat="45.849294662475586" lon="6.769230365753174">
        <ele>2039.71484375</ele>
      </trkpt>
      <trkpt lat="45.849316120147705" lon="6.769273281097412">
        <ele>2042.66015625</ele>
      </trkpt>
      <trkpt lat="45.849380493164062" lon="6.769208908081055">
        <ele>2042.27734375</ele>
      </trkpt>
      <trkpt lat="45.849401950836182" lon="6.76933765411377">
        <ele>2049.0390625</ele>
      </trkpt>
      <trkpt lat="45.849380493164062" lon="6.769380569458008">
        <ele>2050.1953125</ele>
      </trkpt>
      <trkpt lat="45.849401950836182" lon="6.769444942474365">
        <ele>2053.921875</ele>
      </trkpt>
      <trkpt lat="45.849401950836182" lon="6.769487857818604">
        <ele>2055.875</ele>
      </trkpt>
      <trkpt lat="45.84944486618042" lon="6.769552230834961">
        <ele>2060.1796875</ele>
      </trkpt>
      <trkpt lat="45.849466323852539" lon="6.769509315490723">
        <ele>2058.99609375</ele>
      </trkpt>
      <trkpt lat="45.849509239196777" lon="6.769466400146484">
        <ele>2058.609375</ele>
      </trkpt>
      <trkpt lat="45.849530696868896" lon="6.769423484802246">
        <ele>2057.55859375</ele>
      </trkpt>
      <trkpt lat="45.849616527557373" lon="6.769380569458008">
        <ele>2059.63671875</ele>
      </trkpt>
      <trkpt lat="45.849595069885254" lon="6.76933765411377">
        <ele>2056.84375</ele>
      </trkpt>
      <trkpt lat="45.849637985229492" lon="6.76933765411377">
        <ele>2059.05859375</ele>
      </trkpt>
      <trkpt lat="45.849637985229492" lon="6.769402027130127">
        <ele>2061.546875</ele>
      </trkpt>
      <trkpt lat="45.849659442901611" lon="6.769444942474365">
        <ele>2064.24609375</ele>
      </trkpt>
      <trkpt lat="45.84968090057373" lon="6.769552230834961">
        <ele>2069.3046875</ele>
      </trkpt>
      <trkpt lat="45.84968090057373" lon="6.769595146179199">
        <ele>2070.9140625</ele>
      </trkpt>
      <trkpt lat="45.84970235824585" lon="6.769659519195557">
        <ele>2074.23046875</ele>
      </trkpt>
      <trkpt lat="45.84970235824585" lon="6.769723892211914">
        <ele>2076.6015625</ele>
      </trkpt>
      <trkpt lat="45.849745273590088" lon="6.769702434539795">
        <ele>2077.5703125</ele>
      </trkpt>
      <trkpt lat="45.849788188934326" lon="6.769638061523438">
        <ele>2077.12109375</ele>
      </trkpt>
      <trkpt lat="45.849916934967041" lon="6.76957368850708">
        <ele>2080.6640625</ele>
      </trkpt>
      <trkpt lat="45.849959850311279" lon="6.76957368850708">
        <ele>2082.58203125</ele>
      </trkpt>
      <trkpt lat="45.850024223327637" lon="6.769509315490723">
        <ele>2083.6875</ele>
      </trkpt>
      <trkpt lat="45.850067138671875" lon="6.769487857818604">
        <ele>2085.12109375</ele>
      </trkpt>
      <trkpt lat="45.850110054016113" lon="6.769509315490723">
        <ele>2087.68359375</ele>
      </trkpt>
      <trkpt lat="45.850067138671875" lon="6.769616603851318">
        <ele>2088.5078125</ele>
      </trkpt>
      <trkpt lat="45.850045680999756" lon="6.769766807556152">
        <ele>2091.625</ele>
      </trkpt>
      <trkpt lat="45.849981307983398" lon="6.76983118057251">
        <ele>2090.95703125</ele>
      </trkpt>
      <trkpt lat="45.849959850311279" lon="6.769874095916748">
        <ele>2091.41796875</ele>
      </trkpt>
      <trkpt lat="45.849981307983398" lon="6.769938468933105">
        <ele>2094.046875</ele>
      </trkpt>
      <trkpt lat="45.849959850311279" lon="6.769981384277344">
        <ele>2094.57421875</ele>
      </trkpt>
      <trkpt lat="45.849959850311279" lon="6.770024299621582">
        <ele>2095.83984375</ele>
      </trkpt>
      <trkpt lat="45.849981307983398" lon="6.770088672637939">
        <ele>2099.921875</ele>
      </trkpt>
      <trkpt lat="45.850002765655518" lon="6.770131587982178">
        <ele>2103.15625</ele>
      </trkpt>
      <trkpt lat="45.850002765655518" lon="6.770195960998535">
        <ele>2107.07421875</ele>
      </trkpt>
      <trkpt lat="45.850045680999756" lon="6.770174503326416">
        <ele>2106.85546875</ele>
      </trkpt>
      <trkpt lat="45.850088596343994" lon="6.77006721496582">
        <ele>2101.82421875</ele>
      </trkpt>
      <trkpt lat="45.850131511688232" lon="6.770110130310059">
        <ele>2105.4765625</ele>
      </trkpt>
      <trkpt lat="45.850131511688232" lon="6.770217418670654">
        <ele>2111.390625</ele>
      </trkpt>
      <trkpt lat="45.850152969360352" lon="6.770260334014893">
        <ele>2114.21484375</ele>
      </trkpt>
      <trkpt lat="45.850238800048828" lon="6.770088672637939">
        <ele>2107.421875</ele>
      </trkpt>
      <trkpt lat="45.850346088409424" lon="6.769981384277344">
        <ele>2107.3046875</ele>
      </trkpt>
      <trkpt lat="45.8504319190979" lon="6.769959926605225">
        <ele>2109.1171875</ele>
      </trkpt>
      <trkpt lat="45.850582122802734" lon="6.77006721496582">
        <ele>2112.82421875</ele>
      </trkpt>
      <trkpt lat="45.850646495819092" lon="6.770153045654297">
        <ele>2115.8671875</ele>
      </trkpt>
      <trkpt lat="45.850796699523926" lon="6.770260334014893">
        <ele>2118.60546875</ele>
      </trkpt>
      <trkpt lat="45.85094690322876" lon="6.770474910736084">
        <ele>2120.5859375</ele>
      </trkpt>
      <trkpt lat="45.851054191589355" lon="6.77081823348999">
        <ele>2120.50390625</ele>
      </trkpt>
      <trkpt lat="45.851526260375977" lon="6.771376132965088">
        <ele>2106.9609375</ele>
      </trkpt>
      <trkpt lat="45.851676464080811" lon="6.771440505981445">
        <ele>2101.55078125</ele>
      </trkpt>
      <trkpt lat="45.852491855621338" lon="6.772191524505615">
        <ele>2069.91796875</ele>
      </trkpt>
      <trkpt lat="45.852856636047363" lon="6.772491931915283">
        <ele>2055.046875</ele>
      </trkpt>
      <trkpt lat="45.853157043457031" lon="6.772835254669189">
        <ele>2050.015625</ele>
      </trkpt>
      <trkpt lat="45.854272842407227" lon="6.773457527160645">
        <ele>2019.67578125</ele>
      </trkpt>
      <trkpt lat="45.854594707489014" lon="6.773672103881836">
        <ele>2009.66015625</ele>
      </trkpt>
      <trkpt lat="45.855088233947754" lon="6.774101257324219">
        <ele>1996.1953125</ele>
      </trkpt>
      <trkpt lat="45.855538845062256" lon="6.774616241455078">
        <ele>1984.6796875</ele>
      </trkpt>
      <trkpt lat="45.855796337127686" lon="6.775045394897461">
        <ele>1975.64453125</ele>
      </trkpt>
      <trkpt lat="45.856032371520996" lon="6.775259971618652">
        <ele>1968.734375</ele>
      </trkpt>
      <trkpt lat="45.856246948242188" lon="6.775646209716797">
        <ele>1957.8046875</ele>
      </trkpt>
      <trkpt lat="45.856311321258545" lon="6.775860786437988">
        <ele>1952.88671875</ele>
      </trkpt>
      <trkpt lat="45.856697559356689" lon="6.776354312896729">
        <ele>1939.140625</ele>
      </trkpt>
      <trkpt lat="45.856976509094238" lon="6.776547431945801">
        <ele>1929.87890625</ele>
      </trkpt>
      <trkpt lat="45.856997966766357" lon="6.776697635650635">
        <ele>1926.60546875</ele>
      </trkpt>
      <trkpt lat="45.857062339782715" lon="6.777040958404541">
        <ele>1919.74609375</ele>
      </trkpt>
      <trkpt lat="45.857319831848145" lon="6.777234077453613">
        <ele>1916.078125</ele>
      </trkpt>
      <trkpt lat="45.857405662536621" lon="6.777362823486328">
        <ele>1913.33984375</ele>
      </trkpt>
      <trkpt lat="45.857534408569336" lon="6.777405738830566">
        <ele>1911.921875</ele>
      </trkpt>
      <trkpt lat="45.857663154602051" lon="6.777834892272949">
        <ele>1902.37109375</ele>
      </trkpt>
      <trkpt lat="45.857663154602051" lon="6.778006553649902">
        <ele>1898.91015625</ele>
      </trkpt>
      <trkpt lat="45.857727527618408" lon="6.778199672698975">
        <ele>1894.13671875</ele>
      </trkpt>
      <trkpt lat="45.858006477355957" lon="6.778349876403809">
        <ele>1887.125</ele>
      </trkpt>
      <trkpt lat="45.85817813873291" lon="6.778371334075928">
        <ele>1884.53515625</ele>
      </trkpt>
      <trkpt lat="45.858285427093506" lon="6.778585910797119">
        <ele>1877.5625</ele>
      </trkpt>
      <trkpt lat="45.858349800109863" lon="6.778628826141357">
        <ele>1875.703125</ele>
      </trkpt>
      <trkpt lat="45.858414173126221" lon="6.778779029846191">
        <ele>1871.0546875</ele>
      </trkpt>
      <trkpt lat="45.858478546142578" lon="6.778993606567383">
        <ele>1864.79296875</ele>
      </trkpt>
      <trkpt lat="45.858778953552246" lon="6.779229640960693">
        <ele>1856.4453125</ele>
      </trkpt>
      <trkpt lat="45.858778953552246" lon="6.779444217681885">
        <ele>1853.5625</ele>
      </trkpt>
      <trkpt lat="45.858864784240723" lon="6.77955150604248">
        <ele>1851.68359375</ele>
      </trkpt>
      <trkpt lat="45.859122276306152" lon="6.779744625091553">
        <ele>1847.484375</ele>
      </trkpt>
      <trkpt lat="45.859165191650391" lon="6.779894828796387">
        <ele>1844.95703125</ele>
      </trkpt>
      <trkpt lat="45.859229564666748" lon="6.779980659484863">
        <ele>1843.21484375</ele>
      </trkpt>
      <trkpt lat="45.859487056732178" lon="6.780023574829102">
        <ele>1840.7109375</ele>
      </trkpt>
      <trkpt lat="45.85968017578125" lon="6.780216693878174">
        <ele>1839.62109375</ele>
      </trkpt>
      <trkpt lat="45.859894752502441" lon="6.780388355255127">
        <ele>1836.9765625</ele>
      </trkpt>
      <trkpt lat="45.860109329223633" lon="6.780602931976318">
        <ele>1833.4296875</ele>
      </trkpt>
      <trkpt lat="45.860109329223633" lon="6.780753135681152">
        <ele>1833.6171875</ele>
      </trkpt>
      <trkpt lat="45.860152244567871" lon="6.780774593353271">
        <ele>1832.66796875</ele>
      </trkpt>
      <trkpt lat="45.860302448272705" lon="6.780753135681152">
        <ele>1829.26953125</ele>
      </trkpt>
      <trkpt lat="45.860388278961182" lon="6.780774593353271">
        <ele>1827.28515625</ele>
      </trkpt>
      <trkpt lat="45.860474109649658" lon="6.780838966369629">
        <ele>1823.03515625</ele>
      </trkpt>
      <trkpt lat="45.860517024993896" lon="6.780903339385986">
        <ele>1821.13671875</ele>
      </trkpt>
      <trkpt lat="45.860538482666016" lon="6.780989170074463">
        <ele>1820.95703125</ele>
      </trkpt>
      <trkpt lat="45.860495567321777" lon="6.781096458435059">
        <ele>1824.04296875</ele>
      </trkpt>
      <trkpt lat="45.860495567321777" lon="6.781182289123535">
        <ele>1824.8671875</ele>
      </trkpt>
      <trkpt lat="45.860581398010254" lon="6.781353950500488">
        <ele>1822.76953125</ele>
      </trkpt>
      <trkpt lat="45.860795974731445" lon="6.781482696533203">
        <ele>1815.09375</ele>
      </trkpt>
      <trkpt lat="45.860838890075684" lon="6.781482696533203">
        <ele>1813.28515625</ele>
      </trkpt>
      <trkpt lat="45.860881805419922" lon="6.781504154205322">
        <ele>1811.77734375</ele>
      </trkpt>
      <trkpt lat="45.861053466796875" lon="6.781525611877441">
        <ele>1804.9296875</ele>
      </trkpt>
      <trkpt lat="45.86118221282959" lon="6.781589984893799">
        <ele>1800.6953125</ele>
      </trkpt>
      <trkpt lat="45.861225128173828" lon="6.781611442565918">
        <ele>1799.2890625</ele>
      </trkpt>
      <trkpt lat="45.861225128173828" lon="6.781654357910156">
        <ele>1800.0625</ele>
      </trkpt>
      <trkpt lat="45.861396789550781" lon="6.782083511352539">
        <ele>1793.78515625</ele>
      </trkpt>
      <trkpt lat="45.861396789550781" lon="6.782276630401611">
        <ele>1796.015625</ele>
      </trkpt>
      <trkpt lat="45.861457642167807" lon="6.782352654263377">
        <ele>1792.97265625</ele>
      </trkpt>
      <trkpt lat="45.861482620239258" lon="6.782383918762207">
        <ele>1791.73828125</ele>
      </trkpt>
      <trkpt lat="45.861525535583496" lon="6.782684326171875">
        <ele>1789.9765625</ele>
      </trkpt>
      <trkpt lat="45.861611366271973" lon="6.782705783843994">
        <ele>1784.48046875</ele>
      </trkpt>
      <trkpt lat="45.861632823944092" lon="6.782791614532471">
        <ele>1782.72265625</ele>
      </trkpt>
      <trkpt lat="45.861654281616211" lon="6.782727241516113">
        <ele>1781.69140625</ele>
      </trkpt>
      <trkpt lat="45.861654281616211" lon="6.782941818237305">
        <ele>1780.6796875</ele>
      </trkpt>
      <trkpt lat="45.861718654632568" lon="6.783134937286377">
        <ele>1775.89453125</ele>
      </trkpt>
      <trkpt lat="45.861804485321045" lon="6.783092021942139">
        <ele>1770.89453125</ele>
      </trkpt>
      <trkpt lat="45.861825942993164" lon="6.7830491065979">
        <ele>1769.7578125</ele>
      </trkpt>
      <trkpt lat="45.861890316009521" lon="6.782984733581543">
        <ele>1766.0703125</ele>
      </trkpt>
      <trkpt lat="45.86193323135376" lon="6.782984733581543">
        <ele>1763.44921875</ele>
      </trkpt>
      <trkpt lat="45.861976146697998" lon="6.7830491065979">
        <ele>1760.64453125</ele>
      </trkpt>
      <trkpt lat="45.862040519714355" lon="6.783006191253662">
        <ele>1756.84765625</ele>
      </trkpt>
      <trkpt lat="45.862061977386475" lon="6.782963275909424">
        <ele>1755.671875</ele>
      </trkpt>
      <trkpt lat="45.862061977386475" lon="6.782898902893066">
        <ele>1755.81640625</ele>
      </trkpt>
      <trkpt lat="45.862126350402832" lon="6.782855987548828">
        <ele>1752.11328125</ele>
      </trkpt>
      <trkpt lat="45.862212181091309" lon="6.782855987548828">
        <ele>1747.0546875</ele>
      </trkpt>
      <trkpt lat="45.862276554107666" lon="6.782898902893066">
        <ele>1743.46484375</ele>
      </trkpt>
      <trkpt lat="45.862276554107666" lon="6.783027648925781">
        <ele>1744.09765625</ele>
      </trkpt>
      <trkpt lat="45.862340927124023" lon="6.78307056427002">
        <ele>1740.96875</ele>
      </trkpt>
      <trkpt lat="45.862405300140381" lon="6.783027648925781">
        <ele>1737.23828125</ele>
      </trkpt>
      <trkpt lat="45.862512588500977" lon="6.783027648925781">
        <ele>1731.51953125</ele>
      </trkpt>
      <trkpt lat="45.862555503845215" lon="6.7830491065979">
        <ele>1729.5390625</ele>
      </trkpt>
      <trkpt lat="45.862619876861572" lon="6.782984733581543">
        <ele>1725.10546875</ele>
      </trkpt>
      <trkpt lat="45.862641334533691" lon="6.782898902893066">
        <ele>1722.4765625</ele>
      </trkpt>
      <trkpt lat="45.862727165222168" lon="6.782941818237305">
        <ele>1718.38671875</ele>
      </trkpt>
      <trkpt lat="45.862963199615479" lon="6.783177852630615">
        <ele>1713.82421875</ele>
      </trkpt>
      <trkpt lat="45.86292028427124" lon="6.783370971679688">
        <ele>1719.76171875</ele>
      </trkpt>
      <trkpt lat="45.862941741943359" lon="6.783413887023926">
        <ele>1720.921875</ele>
      </trkpt>
      <trkpt lat="45.863027572631836" lon="6.783413887023926">
        <ele>1719.84375</ele>
      </trkpt>
      <trkpt lat="45.863113403320312" lon="6.783456802368164">
        <ele>1720.09765625</ele>
      </trkpt>
      <trkpt lat="45.86317777633667" lon="6.783521175384521">
        <ele>1721.2109375</ele>
      </trkpt>
      <trkpt lat="45.863220691680908" lon="6.783499717712402">
        <ele>1719.98046875</ele>
      </trkpt>
      <trkpt lat="45.863285064697266" lon="6.783478260040283">
        <ele>1718.484375</ele>
      </trkpt>
      <trkpt lat="45.863327980041504" lon="6.783499717712402">
        <ele>1718.52734375</ele>
      </trkpt>
      <trkpt lat="45.863370895385742" lon="6.783478260040283">
        <ele>1717.34375</ele>
      </trkpt>
      <trkpt lat="45.863456726074219" lon="6.783478260040283">
        <ele>1716.203125</ele>
      </trkpt>
      <trkpt lat="45.863499641418457" lon="6.783499717712402">
        <ele>1716.203125</ele>
      </trkpt>
      <trkpt lat="45.863542556762695" lon="6.783607006072998">
        <ele>1718.421875</ele>
      </trkpt>
      <trkpt lat="45.863564014434814" lon="6.783757209777832">
        <ele>1721.984375</ele>
      </trkpt>
      <trkpt lat="45.863564014434814" lon="6.78380012512207">
        <ele>1723.09375</ele>
      </trkpt>
      <trkpt lat="45.863542556762695" lon="6.783864498138428">
        <ele>1725.13671875</ele>
      </trkpt>
      <trkpt lat="45.863521099090576" lon="6.783971786499023">
        <ele>1728.34375</ele>
      </trkpt>
      <trkpt lat="45.863564014434814" lon="6.784079074859619">
        <ele>1730.30078125</ele>
      </trkpt>
      <trkpt lat="45.863606929779053" lon="6.784121990203857">
        <ele>1730.51953125</ele>
      </trkpt>
      <trkpt lat="45.863628387451172" lon="6.784250736236572">
        <ele>1732.77734375</ele>
      </trkpt>
      <trkpt lat="45.863649845123291" lon="6.78431510925293">
        <ele>1733.25</ele>
      </trkpt>
      <trkpt lat="45.863649845123291" lon="6.784615516662598">
        <ele>1737.640625</ele>
      </trkpt>
      <trkpt lat="45.863628387451172" lon="6.784744262695312">
        <ele>1740.0234375</ele>
      </trkpt>
      <trkpt lat="45.863606929779053" lon="6.78480863571167">
        <ele>1741.46875</ele>
      </trkpt>
      <trkpt lat="45.863564014434814" lon="6.784830093383789">
        <ele>1742.7890625</ele>
      </trkpt>
      <trkpt lat="45.863564014434814" lon="6.784873008728027">
        <ele>1743.42578125</ele>
      </trkpt>
      <trkpt lat="45.863585472106934" lon="6.784915924072266">
        <ele>1743.55859375</ele>
      </trkpt>
      <trkpt lat="45.863649845123291" lon="6.785001754760742">
        <ele>1743.2890625</ele>
      </trkpt>
      <trkpt lat="45.863692760467529" lon="6.7850661277771">
        <ele>1743.4609375</ele>
      </trkpt>
      <trkpt lat="45.863735675811768" lon="6.785087585449219">
        <ele>1743.265625</ele>
      </trkpt>
      <trkpt lat="45.863778591156006" lon="6.785130500793457">
        <ele>1744.3046875</ele>
      </trkpt>
      <trkpt lat="45.863864421844482" lon="6.785194873809814">
        <ele>1746</ele>
      </trkpt>
      <trkpt lat="45.863885879516602" lon="6.785409450531006">
        <ele>1751.3984375</ele>
      </trkpt>
      <trkpt lat="45.863907337188721" lon="6.785516738891602">
        <ele>1754.20703125</ele>
      </trkpt>
      <trkpt lat="45.863907337188721" lon="6.785624027252197">
        <ele>1756.9140625</ele>
      </trkpt>
      <trkpt lat="45.863885879516602" lon="6.785752773284912">
        <ele>1759.95703125</ele>
      </trkpt>
      <trkpt lat="45.863757133483887" lon="6.786010265350342">
        <ele>1765.7890625</ele>
      </trkpt>
      <trkpt lat="45.863842964172363" lon="6.786010265350342">
        <ele>1766.44921875</ele>
      </trkpt>
      <trkpt lat="45.863842964172363" lon="6.78605318069458">
        <ele>1767.67578125</ele>
      </trkpt>
      <trkpt lat="45.863800048828125" lon="6.786139011383057">
        <ele>1769.921875</ele>
      </trkpt>
      <trkpt lat="45.863800048828125" lon="6.786181926727295">
        <ele>1771.1875</ele>
      </trkpt>
      <trkpt lat="45.863821506500244" lon="6.786203384399414">
        <ele>1771.8984375</ele>
      </trkpt>
      <trkpt lat="45.863800048828125" lon="6.786246299743652">
        <ele>1773.08984375</ele>
      </trkpt>
      <trkpt lat="45.863821506500244" lon="6.786246299743652">
        <ele>1773.14453125</ele>
      </trkpt>
      <trkpt lat="45.863842964172363" lon="6.786332130432129">
        <ele>1775.65625</ele>
      </trkpt>
      <trkpt lat="45.863864421844482" lon="6.786375045776367">
        <ele>1776.87890625</ele>
      </trkpt>
      <trkpt lat="45.86392879486084" lon="6.786417961120605">
        <ele>1778.01171875</ele>
      </trkpt>
      <trkpt lat="45.863950252532959" lon="6.786460876464844">
        <ele>1779.1171875</ele>
      </trkpt>
      <trkpt lat="45.864014625549316" lon="6.786525249481201">
        <ele>1780.5859375</ele>
      </trkpt>
      <trkpt lat="45.864078998565674" lon="6.786653995513916">
        <ele>1783.390625</ele>
      </trkpt>
      <trkpt lat="45.864121913909912" lon="6.786675453186035">
        <ele>1783.60546875</ele>
      </trkpt>
      <trkpt lat="45.864143371582031" lon="6.786718368530273">
        <ele>1783.98828125</ele>
      </trkpt>
      <trkpt lat="45.864143371582031" lon="6.786847114562988">
        <ele>1784.140625</ele>
      </trkpt>
      <trkpt lat="45.864336490631104" lon="6.787040233612061">
        <ele>1782.59375</ele>
      </trkpt>
      <trkpt lat="45.864443778991699" lon="6.78706169128418">
        <ele>1781.59765625</ele>
      </trkpt>
      <trkpt lat="45.864486694335938" lon="6.787147521972656">
        <ele>1781.12890625</ele>
      </trkpt>
      <trkpt lat="45.864529609680176" lon="6.787147521972656">
        <ele>1780.7109375</ele>
      </trkpt>
      <trkpt lat="45.864551067352295" lon="6.787190437316895">
        <ele>1780.44921875</ele>
      </trkpt>
      <trkpt lat="45.864722728729248" lon="6.787383556365967">
        <ele>1781.0625</ele>
      </trkpt>
      <trkpt lat="45.864744186401367" lon="6.787426471710205">
        <ele>1781.23046875</ele>
      </trkpt>
      <trkpt lat="45.864787101745605" lon="6.787447929382324">
        <ele>1781.51953125</ele>
      </trkpt>
      <trkpt lat="45.864808559417725" lon="6.787512302398682">
        <ele>1781.78515625</ele>
      </trkpt>
      <trkpt lat="45.864937305450439" lon="6.787598133087158">
        <ele>1783.40234375</ele>
      </trkpt>
      <trkpt lat="45.864980220794678" lon="6.787490844726562">
        <ele>1782.890625</ele>
      </trkpt>
      <trkpt lat="45.865087509155273" lon="6.787319183349609">
        <ele>1782.625</ele>
      </trkpt>
      <trkpt lat="45.865130424499512" lon="6.787211894989014">
        <ele>1782.14453125</ele>
      </trkpt>
      <trkpt lat="45.865216255187988" lon="6.786911487579346">
        <ele>1780.19140625</ele>
      </trkpt>
      <trkpt lat="45.865216255187988" lon="6.786653995513916">
        <ele>1777.9921875</ele>
      </trkpt>
      <trkpt lat="45.865259170532227" lon="6.786525249481201">
        <ele>1776.00390625</ele>
      </trkpt>
      <trkpt lat="45.865387916564941" lon="6.786375045776367">
        <ele>1773.34375</ele>
      </trkpt>
      <trkpt lat="45.865452289581299" lon="6.786332130432129">
        <ele>1774.28515625</ele>
      </trkpt>
      <trkpt lat="45.865495204925537" lon="6.78631067276001">
        <ele>1774.9765625</ele>
      </trkpt>
      <trkpt lat="45.865516662597656" lon="6.786267757415771">
        <ele>1774.78125</ele>
      </trkpt>
      <trkpt lat="45.865538120269775" lon="6.786203384399414">
        <ele>1774.19921875</ele>
      </trkpt>
      <trkpt lat="45.86566686630249" lon="6.785924434661865">
        <ele>1771.80078125</ele>
      </trkpt>
      <trkpt lat="45.865731239318848" lon="6.785666942596436">
        <ele>1764.84375</ele>
      </trkpt>
      <trkpt lat="45.865731239318848" lon="6.785216331481934">
        <ele>1749.12109375</ele>
      </trkpt>
      <trkpt lat="45.865795612335205" lon="6.785173416137695">
        <ele>1748.3828125</ele>
      </trkpt>
      <trkpt lat="45.865838527679443" lon="6.785194873809814">
        <ele>1749.65625</ele>
      </trkpt>
      <trkpt lat="45.865945816040039" lon="6.785259246826172">
        <ele>1753.2890625</ele>
      </trkpt>
      <trkpt lat="45.866224765777588" lon="6.785259246826172">
        <ele>1756.8046875</ele>
      </trkpt>
      <trkpt lat="45.866568088531494" lon="6.785280704498291">
        <ele>1765.9453125</ele>
      </trkpt>
      <trkpt lat="45.86667537689209" lon="6.785259246826172">
        <ele>1767.5234375</ele>
      </trkpt>
      <trkpt lat="45.866739749908447" lon="6.785259246826172">
        <ele>1769.0546875</ele>
      </trkpt>
      <trkpt lat="45.866782665252686" lon="6.785280704498291">
        <ele>1771.140625</ele>
      </trkpt>
      <trkpt lat="45.867040157318115" lon="6.785194873809814">
        <ele>1772.66015625</ele>
      </trkpt>
      <trkpt lat="45.867147445678711" lon="6.785194873809814">
        <ele>1774.19921875</ele>
      </trkpt>
      <trkpt lat="45.867211818695068" lon="6.785216331481934">
        <ele>1776.2578125</ele>
      </trkpt>
      <trkpt lat="45.867297649383545" lon="6.785216331481934">
        <ele>1777.40234375</ele>
      </trkpt>
      <trkpt lat="45.867362022399902" lon="6.785194873809814">
        <ele>1777.02734375</ele>
      </trkpt>
      <trkpt lat="45.867512226104736" lon="6.785087585449219">
        <ele>1772.7265625</ele>
      </trkpt>
      <trkpt lat="45.867555141448975" lon="6.785023212432861">
        <ele>1769.45703125</ele>
      </trkpt>
      <trkpt lat="45.86766242980957" lon="6.784980297088623">
        <ele>1768.140625</ele>
      </trkpt>
      <trkpt lat="45.867705345153809" lon="6.784980297088623">
        <ele>1768.65234375</ele>
      </trkpt>
      <trkpt lat="45.867791175842285" lon="6.785023212432861">
        <ele>1772.28515625</ele>
      </trkpt>
      <trkpt lat="45.867834091186523" lon="6.785087585449219">
        <ele>1776.71875</ele>
      </trkpt>
      <trkpt lat="45.867877006530762" lon="6.785109043121338">
        <ele>1778.5625</ele>
      </trkpt>
      <trkpt lat="45.867941379547119" lon="6.7850661277771">
        <ele>1777.69921875</ele>
      </trkpt>
      <trkpt lat="45.868005752563477" lon="6.784744262695312">
        <ele>1760.0234375</ele>
      </trkpt>
      <trkpt lat="45.868027210235596" lon="6.784701347351074">
        <ele>1758.078125</ele>
      </trkpt>
      <trkpt lat="45.868113040924072" lon="6.784636974334717">
        <ele>1756.8359375</ele>
      </trkpt>
      <trkpt lat="45.868263244628906" lon="6.784615516662598">
        <ele>1760.22265625</ele>
      </trkpt>
      <trkpt lat="45.868391990661621" lon="6.784486770629883">
        <ele>1756.546875</ele>
      </trkpt>
      <trkpt lat="45.868477821350098" lon="6.784443855285645">
        <ele>1756.703125</ele>
      </trkpt>
      <trkpt lat="45.868542194366455" lon="6.784443855285645">
        <ele>1758.74609375</ele>
      </trkpt>
      <trkpt lat="45.868585109710693" lon="6.784422397613525">
        <ele>1758.8359375</ele>
      </trkpt>
      <trkpt lat="45.868692398071289" lon="6.784207820892334">
        <ele>1749.60546875</ele>
      </trkpt>
      <trkpt lat="45.868756771087646" lon="6.7840576171875">
        <ele>1743.8359375</ele>
      </trkpt>
      <trkpt lat="45.868778228759766" lon="6.784014701843262">
        <ele>1742.5</ele>
      </trkpt>
      <trkpt lat="45.868821144104004" lon="6.783950328826904">
        <ele>1741.07421875</ele>
      </trkpt>
      <trkpt lat="45.86890697479248" lon="6.783864498138428">
        <ele>1740.73046875</ele>
      </trkpt>
      <trkpt lat="45.868992805480957" lon="6.783821582794189">
        <ele>1742.83984375</ele>
      </trkpt>
      <trkpt lat="45.869100093841553" lon="6.783821582794189">
        <ele>1748.40234375</ele>
      </trkpt>
      <trkpt lat="45.869185924530029" lon="6.783778667449951">
        <ele>1750.6328125</ele>
      </trkpt>
      <trkpt lat="45.869228839874268" lon="6.783735752105713">
        <ele>1750.67578125</ele>
      </trkpt>
      <trkpt lat="45.869250297546387" lon="6.783692836761475">
        <ele>1749.6171875</ele>
      </trkpt>
      <trkpt lat="45.869293212890625" lon="6.783628463745117">
        <ele>1748.63671875</ele>
      </trkpt>
      <trkpt lat="45.869271755218506" lon="6.783542633056641">
        <ele>1743.1171875</ele>
      </trkpt>
      <trkpt lat="45.869293212890625" lon="6.783478260040283">
        <ele>1741.03125</ele>
      </trkpt>
      <trkpt lat="45.869443416595459" lon="6.783435344696045">
        <ele>1747.23046875</ele>
      </trkpt>
      <trkpt lat="45.869464874267578" lon="6.783349514007568">
        <ele>1744.2265625</ele>
      </trkpt>
      <trkpt lat="45.869443416595459" lon="6.783199310302734">
        <ele>1735.66796875</ele>
      </trkpt>
      <trkpt lat="45.869464874267578" lon="6.78307056427002">
        <ele>1730.5625</ele>
      </trkpt>
      <trkpt lat="45.869486331939697" lon="6.783027648925781">
        <ele>1729.65234375</ele>
      </trkpt>
      <trkpt lat="45.86967945098877" lon="6.782727241516113">
        <ele>1725.88671875</ele>
      </trkpt>
      <trkpt lat="45.869700908660889" lon="6.782662868499756">
        <ele>1723.9453125</ele>
      </trkpt>
      <trkpt lat="45.869743824005127" lon="6.782577037811279">
        <ele>1722.1796875</ele>
      </trkpt>
      <trkpt lat="45.869872570037842" lon="6.782512664794922">
        <ele>1726.34765625</ele>
      </trkpt>
      <trkpt lat="45.870044231414795" lon="6.782362461090088">
        <ele>1728.26171875</ele>
      </trkpt>
      <trkpt lat="45.870194435119629" lon="6.782276630401611">
        <ele>1732.25390625</ele>
      </trkpt>
      <trkpt lat="45.870323181152344" lon="6.782233715057373">
        <ele>1737.265625</ele>
      </trkpt>
      <trkpt lat="45.870387554168701" lon="6.782190799713135">
        <ele>1738.56640625</ele>
      </trkpt>
      <trkpt lat="45.870451927185059" lon="6.782083511352539">
        <ele>1735.69921875</ele>
      </trkpt>
      <trkpt lat="45.870709419250488" lon="6.781997680664062">
        <ele>1743.1328125</ele>
      </trkpt>
      <trkpt lat="45.870773792266846" lon="6.781911849975586">
        <ele>1741.92578125</ele>
      </trkpt>
      <trkpt lat="45.87092399597168" lon="6.781911849975586">
        <ele>1749.09375</ele>
      </trkpt>
      <trkpt lat="45.870966911315918" lon="6.781890392303467">
        <ele>1750.140625</ele>
      </trkpt>
      <trkpt lat="45.870988368988037" lon="6.78180456161499">
        <ele>1747.20703125</ele>
      </trkpt>
      <trkpt lat="45.871009826660156" lon="6.781654357910156">
        <ele>1741.71484375</ele>
      </trkpt>
      <trkpt lat="45.871288776397705" lon="6.781010627746582">
        <ele>1734</ele>
      </trkpt>
      <trkpt lat="45.871374607086182" lon="6.780881881713867">
        <ele>1734.671875</ele>
      </trkpt>
      <trkpt lat="45.871546268463135" lon="6.780495643615723">
        <ele>1735.01171875</ele>
      </trkpt>
      <trkpt lat="45.871610641479492" lon="6.780409812927246">
        <ele>1736.78125</ele>
      </trkpt>
      <trkpt lat="45.87165355682373" lon="6.780345439910889">
        <ele>1737.8125</ele>
      </trkpt>
      <trkpt lat="45.87167501449585" lon="6.780259609222412">
        <ele>1737.02734375</ele>
      </trkpt>
      <trkpt lat="45.871782302856445" lon="6.779680252075195">
        <ele>1731.42578125</ele>
      </trkpt>
      <trkpt lat="45.871889591217041" lon="6.779208183288574">
        <ele>1729.0546875</ele>
      </trkpt>
      <trkpt lat="45.871973661705852" lon="6.77859865128994">
        <ele>1728.1953125</ele>
      </trkpt>
      <trkpt lat="45.872147083282471" lon="6.778049468994141">
        <ele>1731.6796875</ele>
      </trkpt>
      <trkpt lat="45.872254371643066" lon="6.77781343460083">
        <ele>1734.09375</ele>
      </trkpt>
      <trkpt lat="45.872340202331543" lon="6.777598857879639">
        <ele>1735.74609375</ele>
      </trkpt>
      <trkpt lat="45.872383117675781" lon="6.777513027191162">
        <ele>1736.7890625</ele>
      </trkpt>
      <trkpt lat="45.872898101806641" lon="6.776289939880371">
        <ele>1747.53125</ele>
      </trkpt>
      <trkpt lat="45.872983932495117" lon="6.776032447814941">
        <ele>1748.1953125</ele>
      </trkpt>
      <trkpt lat="45.873005390167236" lon="6.775603294372559">
        <ele>1746.34765625</ele>
      </trkpt>
      <trkpt lat="45.873048305511475" lon="6.775367259979248">
        <ele>1746.95703125</ele>
      </trkpt>
      <trkpt lat="45.873177051544189" lon="6.774787902832031">
        <ele>1750.3203125</ele>
      </trkpt>
      <trkpt lat="45.873327255249023" lon="6.774294376373291">
        <ele>1755.16015625</ele>
      </trkpt>
      <trkpt lat="45.873391628265381" lon="6.77405834197998">
        <ele>1757.72265625</ele>
      </trkpt>
      <trkpt lat="45.873456001281738" lon="6.773886680603027">
        <ele>1760.34765625</ele>
      </trkpt>
      <trkpt lat="45.873627662658691" lon="6.773221492767334">
        <ele>1767.03515625</ele>
      </trkpt>
      <trkpt lat="45.87367057800293" lon="6.773006916046143">
        <ele>1769.0546875</ele>
      </trkpt>
      <trkpt lat="45.873713493347168" lon="6.772642135620117">
        <ele>1771.5625</ele>
      </trkpt>
      <trkpt lat="45.873692035675049" lon="6.772513389587402">
        <ele>1771.5234375</ele>
      </trkpt>
      <trkpt lat="45.873563289642334" lon="6.771998405456543">
        <ele>1771.33203125</ele>
      </trkpt>
      <trkpt lat="45.873541831970215" lon="6.77182674407959">
        <ele>1771.85546875</ele>
      </trkpt>
      <trkpt lat="45.873520374298096" lon="6.771740913391113">
        <ele>1771.8515625</ele>
      </trkpt>
      <trkpt lat="45.873391628265381" lon="6.771483421325684">
        <ele>1769.5625</ele>
      </trkpt>
      <trkpt lat="45.873370170593262" lon="6.771397590637207">
        <ele>1769.328125</ele>
      </trkpt>
      <trkpt lat="45.873391628265381" lon="6.771268844604492">
        <ele>1770.28125</ele>
      </trkpt>
      <trkpt lat="45.873434543609619" lon="6.771054267883301">
        <ele>1771.99609375</ele>
      </trkpt>
      <trkpt lat="45.873477458953857" lon="6.770946979522705">
        <ele>1773.33203125</ele>
      </trkpt>
      <trkpt lat="45.873541831970215" lon="6.77081823348999">
        <ele>1775.1171875</ele>
      </trkpt>
      <trkpt lat="45.873928070068359" lon="6.770367622375488">
        <ele>1778.0390625</ele>
      </trkpt>
      <trkpt lat="45.874228477478027" lon="6.770131587982178">
        <ele>1776.6171875</ele>
      </trkpt>
      <trkpt lat="45.874292850494385" lon="6.770024299621582">
        <ele>1776.54296875</ele>
      </trkpt>
      <trkpt lat="45.874378681182861" lon="6.769809722900391">
        <ele>1776.078125</ele>
      </trkpt>
      <trkpt lat="45.874485969543457" lon="6.76957368850708">
        <ele>1775.421875</ele>
      </trkpt>
      <trkpt lat="45.874550342559814" lon="6.769402027130127">
        <ele>1774.97265625</ele>
      </trkpt>
      <trkpt lat="45.874593257904053" lon="6.769251823425293">
        <ele>1774.140625</ele>
      </trkpt>
      <trkpt lat="45.874700546264648" lon="6.769015789031982">
        <ele>1771.984375</ele>
      </trkpt>
      <trkpt lat="45.874764919281006" lon="6.768887042999268">
        <ele>1770.765625</ele>
      </trkpt>
      <trkpt lat="45.874850749969482" lon="6.768779754638672">
        <ele>1769.24609375</ele>
      </trkpt>
      <trkpt lat="45.874958038330078" lon="6.7685866355896">
        <ele>1767.49609375</ele>
      </trkpt>
      <trkpt lat="45.874979496002197" lon="6.768500804901123">
        <ele>1767.19921875</ele>
      </trkpt>
      <trkpt lat="45.875301361083984" lon="6.767857074737549">
        <ele>1760.14453125</ele>
      </trkpt>
      <trkpt lat="45.875360202044249" lon="6.767621543258429">
        <ele>1758.5234375</ele>
      </trkpt>
      <trkpt lat="45.87540864944458" lon="6.767427921295166">
        <ele>1754.97265625</ele>
      </trkpt>
      <trkpt lat="45.875494480133057" lon="6.767277717590332">
        <ele>1750.2578125</ele>
      </trkpt>
      <trkpt lat="45.87566614151001" lon="6.767020225524902">
        <ele>1742.6953125</ele>
      </trkpt>
      <trkpt lat="45.875687599182129" lon="6.766955852508545">
        <ele>1741.28515625</ele>
      </trkpt>
      <trkpt lat="45.875709056854248" lon="6.766870021820068">
        <ele>1739.5546875</ele>
      </trkpt>
      <trkpt lat="45.875709056854248" lon="6.766741275787354">
        <ele>1737.37890625</ele>
      </trkpt>
      <trkpt lat="45.875623226165771" lon="6.766440868377686">
        <ele>1732.8359375</ele>
      </trkpt>
      <trkpt lat="45.875601768493652" lon="6.766312122344971">
        <ele>1730.640625</ele>
      </trkpt>
      <trkpt lat="45.875601768493652" lon="6.766204833984375">
        <ele>1728.6875</ele>
      </trkpt>
      <trkpt lat="45.875623226165771" lon="6.766140460968018">
        <ele>1727.43359375</ele>
      </trkpt>
      <trkpt lat="45.875644683837891" lon="6.766097545623779">
        <ele>1726.58984375</ele>
      </trkpt>
      <trkpt lat="45.875687599182129" lon="6.766033172607422">
        <ele>1725.328125</ele>
      </trkpt>
      <trkpt lat="45.875730514526367" lon="6.766011714935303">
        <ele>1724.84765625</ele>
      </trkpt>
      <trkpt lat="45.875794887542725" lon="6.765990257263184">
        <ele>1724.33203125</ele>
      </trkpt>
      <trkpt lat="45.875859260559082" lon="6.765925884246826">
        <ele>1723.1796875</ele>
      </trkpt>
      <trkpt lat="45.875859260559082" lon="6.765646934509277">
        <ele>1717.87890625</ele>
      </trkpt>
      <trkpt lat="45.875816345214844" lon="6.765346527099609">
        <ele>1711.75</ele>
      </trkpt>
      <trkpt lat="45.875730514526367" lon="6.764981746673584">
        <ele>1702.7109375</ele>
      </trkpt>
      <trkpt lat="45.875751972198486" lon="6.764917373657227">
        <ele>1700.69140625</ele>
      </trkpt>
      <trkpt lat="45.875794887542725" lon="6.764874458312988">
        <ele>1699.73046875</ele>
      </trkpt>
      <trkpt lat="45.875859260559082" lon="6.76483154296875">
        <ele>1699.14453125</ele>
      </trkpt>
      <trkpt lat="45.875945091247559" lon="6.764745712280273">
        <ele>1697.69140625</ele>
      </trkpt>
      <trkpt lat="45.876138210296631" lon="6.764252185821533">
        <ele>1687.92578125</ele>
      </trkpt>
      <trkpt lat="45.876224040985107" lon="6.763994693756104">
        <ele>1683.38671875</ele>
      </trkpt>
      <trkpt lat="45.876309871673584" lon="6.763672828674316">
        <ele>1674.76171875</ele>
      </trkpt>
      <trkpt lat="45.876395702362061" lon="6.763458251953125">
        <ele>1669.6640625</ele>
      </trkpt>
      <trkpt lat="45.876524448394775" lon="6.763222217559814">
        <ele>1664.0546875</ele>
      </trkpt>
      <trkpt lat="45.876545906066895" lon="6.763157844543457">
        <ele>1662.56640625</ele>
      </trkpt>
      <trkpt lat="45.876567363739014" lon="6.76307201385498">
        <ele>1660.640625</ele>
      </trkpt>
      <trkpt lat="45.876610279083252" lon="6.762750148773193">
        <ele>1653.671875</ele>
      </trkpt>
      <trkpt lat="45.876610279083252" lon="6.762535572052002">
        <ele>1648.921875</ele>
      </trkpt>
      <trkpt lat="45.876545906066895" lon="6.762256622314453">
        <ele>1644.5625</ele>
      </trkpt>
      <trkpt lat="45.876524448394775" lon="6.761527061462402">
        <ele>1639.67578125</ele>
      </trkpt>
      <trkpt lat="45.876524448394775" lon="6.761398315429688">
        <ele>1640.625</ele>
      </trkpt>
      <trkpt lat="45.876545906066895" lon="6.761269569396973">
        <ele>1642.1484375</ele>
      </trkpt>
      <trkpt lat="45.876631736755371" lon="6.761355400085449">
        <ele>1643.8828125</ele>
      </trkpt>
      <trkpt lat="45.876717567443848" lon="6.761398315429688">
        <ele>1645.98046875</ele>
      </trkpt>
      <trkpt lat="45.876781940460205" lon="6.761419773101807">
        <ele>1647.6484375</ele>
      </trkpt>
      <trkpt lat="45.876824855804443" lon="6.761419773101807">
        <ele>1648.84765625</ele>
      </trkpt>
      <trkpt lat="45.876867771148682" lon="6.761398315429688">
        <ele>1650.1484375</ele>
      </trkpt>
      <trkpt lat="45.87691068649292" lon="6.761505603790283">
        <ele>1650.84765625</ele>
      </trkpt>
      <trkpt lat="45.876953601837158" lon="6.76159143447876">
        <ele>1651.703125</ele>
      </trkpt>
      <trkpt lat="45.876996517181396" lon="6.761806011199951">
        <ele>1653.06640625</ele>
      </trkpt>
      <trkpt lat="45.876996517181396" lon="6.761934757232666">
        <ele>1653.89453125</ele>
      </trkpt>
      <trkpt lat="45.876975059509277" lon="6.762106418609619">
        <ele>1654.4296875</ele>
      </trkpt>
      <trkpt lat="45.876975059509277" lon="6.762278079986572">
        <ele>1655.5703125</ele>
      </trkpt>
      <trkpt lat="45.876996517181396" lon="6.762385368347168">
        <ele>1656.80078125</ele>
      </trkpt>
      <trkpt lat="45.877082347869873" lon="6.762750148773193">
        <ele>1660.671875</ele>
      </trkpt>
      <trkpt lat="45.877103805541992" lon="6.762857437133789">
        <ele>1661.40625</ele>
      </trkpt>
      <trkpt lat="45.877017974853516" lon="6.763458251953125">
        <ele>1668.52734375</ele>
      </trkpt>
      <trkpt lat="45.877017974853516" lon="6.76352396607399">
        <ele>1668.96875</ele>
      </trkpt>
      <trkpt lat="45.877017974853516" lon="6.763951778411865">
        <ele>1671.828125</ele>
      </trkpt>
      <trkpt lat="45.877060890197754" lon="6.764144897460938">
        <ele>1672.140625</ele>
      </trkpt>
      <trkpt lat="45.877082347869873" lon="6.764187812805176">
        <ele>1671.65234375</ele>
      </trkpt>
      <trkpt lat="45.877125263214111" lon="6.764187812805176">
        <ele>1670.16796875</ele>
      </trkpt>
      <trkpt lat="45.87716817855835" lon="6.764166355133057">
        <ele>1668.5859375</ele>
      </trkpt>
      <trkpt lat="45.877254009246826" lon="6.764037609100342">
        <ele>1665.17578125</ele>
      </trkpt>
      <trkpt lat="45.877790451049805" lon="6.763801574707031">
        <ele>1648.1796875</ele>
      </trkpt>
      <trkpt lat="45.878047943115234" lon="6.763715744018555">
        <ele>1642.92578125</ele>
      </trkpt>
      <trkpt lat="45.878305435180664" lon="6.763694286346436">
        <ele>1638.6484375</ele>
      </trkpt>
      <trkpt lat="45.878434181213379" lon="6.763715744018555">
        <ele>1636.3359375</ele>
      </trkpt>
      <trkpt lat="45.878541469573975" lon="6.763780117034912">
        <ele>1634.08984375</ele>
      </trkpt>
      <trkpt lat="45.878498554229736" lon="6.764016151428223">
        <ele>1633.3515625</ele>
      </trkpt>
      <trkpt lat="45.878391265869141" lon="6.764144897460938">
        <ele>1634.57421875</ele>
      </trkpt>
      <trkpt lat="45.878305435180664" lon="6.764209270477295">
        <ele>1635.84765625</ele>
      </trkpt>
      <trkpt lat="45.878305435180664" lon="6.764252185821533">
        <ele>1635.66015625</ele>
      </trkpt>
      <trkpt lat="45.878176689147949" lon="6.764402389526367">
        <ele>1637.734375</ele>
      </trkpt>
      <trkpt lat="45.878112316131592" lon="6.764552593231201">
        <ele>1638.74609375</ele>
      </trkpt>
      <trkpt lat="45.878026485443115" lon="6.764702796936035">
        <ele>1640.46875</ele>
      </trkpt>
      <trkpt lat="45.8778977394104" lon="6.765024662017822">
        <ele>1643.5234375</ele>
      </trkpt>
      <trkpt lat="45.877854824066162" lon="6.765260696411133">
        <ele>1648.1953125</ele>
      </trkpt>
      <trkpt lat="45.877833366394043" lon="6.765539646148682">
        <ele>1653.09375</ele>
      </trkpt>
      <trkpt lat="45.877790451049805" lon="6.765561103820801">
        <ele>1655.19140625</ele>
      </trkpt>
      <trkpt lat="45.877747535705566" lon="6.765625476837158">
        <ele>1657.8828125</ele>
      </trkpt>
      <trkpt lat="45.877768993377686" lon="6.765689849853516">
        <ele>1657.8984375</ele>
      </trkpt>
      <trkpt lat="45.877768993377686" lon="6.765732765197754">
        <ele>1658.50390625</ele>
      </trkpt>
      <trkpt lat="45.877704620361328" lon="6.765775680541992">
        <ele>1661.75390625</ele>
      </trkpt>
      <trkpt lat="45.877683162689209" lon="6.76581859588623">
        <ele>1663.23046875</ele>
      </trkpt>
      <trkpt lat="45.877704620361328" lon="6.765882968902588">
        <ele>1663.28515625</ele>
      </trkpt>
      <trkpt lat="45.877704620361328" lon="6.765925884246826">
        <ele>1664.1796875</ele>
      </trkpt>
      <trkpt lat="45.877683162689209" lon="6.765968799591064">
        <ele>1665.94140625</ele>
      </trkpt>
      <trkpt lat="45.877640247344971" lon="6.766033172607422">
        <ele>1669</ele>
      </trkpt>
      <trkpt lat="45.877597332000732" lon="6.766097545623779">
        <ele>1672.03515625</ele>
      </trkpt>
      <trkpt lat="45.877726078033447" lon="6.766376495361328">
        <ele>1672.74609375</ele>
      </trkpt>
      <trkpt lat="45.877876281738281" lon="6.76659107208252">
        <ele>1671.5703125</ele>
      </trkpt>
      <trkpt lat="45.877940654754639" lon="6.766719818115234">
        <ele>1671.4609375</ele>
      </trkpt>
      <trkpt lat="45.877962112426758" lon="6.766848564147949">
        <ele>1673.44921875</ele>
      </trkpt>
      <trkpt lat="45.878026485443115" lon="6.767063140869141">
        <ele>1675.5234375</ele>
      </trkpt>
      <trkpt lat="45.878069400787354" lon="6.767256259918213">
        <ele>1678.12109375</ele>
      </trkpt>
      <trkpt lat="45.878241062164307" lon="6.767706871032715">
        <ele>1679.796875</ele>
      </trkpt>
      <trkpt lat="45.878369808197021" lon="6.768200397491455">
        <ele>1682.05078125</ele>
      </trkpt>
      <trkpt lat="45.878541469573975" lon="6.768693923950195">
        <ele>1681.20703125</ele>
      </trkpt>
      <trkpt lat="45.878562927246094" lon="6.768801212310791">
        <ele>1681.3984375</ele>
      </trkpt>
      <trkpt lat="45.878627300262451" lon="6.768929958343506">
        <ele>1680.30859375</ele>
      </trkpt>
      <trkpt lat="45.87864875793457" lon="6.768994331359863">
        <ele>1680.1640625</ele>
      </trkpt>
      <trkpt lat="45.87864875793457" lon="6.769165992736816">
        <ele>1681.76171875</ele>
      </trkpt>
      <trkpt lat="45.878627300262451" lon="6.769208908081055">
        <ele>1682.88671875</ele>
      </trkpt>
      <trkpt lat="45.87864875793457" lon="6.76931619644165">
        <ele>1682.00390625</ele>
      </trkpt>
      <trkpt lat="45.878670215606689" lon="6.769466400146484">
        <ele>1681.0859375</ele>
      </trkpt>
      <trkpt lat="45.878627300262451" lon="6.769595146179199">
        <ele>1682.27734375</ele>
      </trkpt>
      <trkpt lat="45.87864875793457" lon="6.769959926605225">
        <ele>1681.0546875</ele>
      </trkpt>
      <trkpt lat="45.878605842590332" lon="6.770303249359131">
        <ele>1679.94140625</ele>
      </trkpt>
      <trkpt lat="45.878605842590332" lon="6.770646572113037">
        <ele>1676.94921875</ele>
      </trkpt>
      <trkpt lat="45.878627300262451" lon="6.770710945129395">
        <ele>1675.78515625</ele>
      </trkpt>
      <trkpt lat="45.87864875793457" lon="6.770753860473633">
        <ele>1674.81640625</ele>
      </trkpt>
      <trkpt lat="45.87864875793457" lon="6.770839691162109">
        <ele>1674.078125</ele>
      </trkpt>
      <trkpt lat="45.878584384918213" lon="6.770968437194824">
        <ele>1674.71484375</ele>
      </trkpt>
      <trkpt lat="45.878584384918213" lon="6.771140098571777">
        <ele>1673.17578125</ele>
      </trkpt>
      <trkpt lat="45.878627300262451" lon="6.771419048309326">
        <ele>1669.58984375</ele>
      </trkpt>
      <trkpt lat="45.878627300262451" lon="6.771526336669922">
        <ele>1668.6484375</ele>
      </trkpt>
      <trkpt lat="45.87864875793457" lon="6.771719455718994">
        <ele>1666.4296875</ele>
      </trkpt>
      <trkpt lat="45.878605842590332" lon="6.771998405456543">
        <ele>1664.734375</ele>
      </trkpt>
      <trkpt lat="45.878562927246094" lon="6.772105693817139">
        <ele>1664.6953125</ele>
      </trkpt>
      <trkpt lat="45.878541469573975" lon="6.772148609161377">
        <ele>1664.7734375</ele>
      </trkpt>
      <trkpt lat="45.878541469573975" lon="6.772234439849854">
        <ele>1663.9296875</ele>
      </trkpt>
      <trkpt lat="45.878520011901855" lon="6.772406101226807">
        <ele>1662.73046875</ele>
      </trkpt>
      <trkpt lat="45.878498554229736" lon="6.772685050964355">
        <ele>1660.02734375</ele>
      </trkpt>
      <trkpt lat="45.87841272354126" lon="6.772985458374023">
        <ele>1658.1640625</ele>
      </trkpt>
      <trkpt lat="45.878391265869141" lon="6.773672103881836">
        <ele>1650.9375</ele>
      </trkpt>
      <trkpt lat="45.878434181213379" lon="6.774251461029053">
        <ele>1644.609375</ele>
      </trkpt>
      <trkpt lat="45.878455638885498" lon="6.774423122406006">
        <ele>1642.578125</ele>
      </trkpt>
      <trkpt lat="45.878498554229736" lon="6.774551868438721">
        <ele>1640.515625</ele>
      </trkpt>
      <trkpt lat="45.878627300262451" lon="6.774873733520508">
        <ele>1635.078125</ele>
      </trkpt>
      <trkpt lat="45.878627300262451" lon="6.775281429290771">
        <ele>1630.67578125</ele>
      </trkpt>
      <trkpt lat="45.87864875793457" lon="6.775388717651367">
        <ele>1628.96875</ele>
      </trkpt>
      <trkpt lat="45.87864875793457" lon="6.775453090667725">
        <ele>1628.18359375</ele>
      </trkpt>
      <trkpt lat="45.878562927246094" lon="6.775646209716797">
        <ele>1627.328125</ele>
      </trkpt>
      <trkpt lat="45.878520011901855" lon="6.775774955749512">
        <ele>1626.4609375</ele>
      </trkpt>
      <trkpt lat="45.878455638885498" lon="6.775903701782227">
        <ele>1625.7578125</ele>
      </trkpt>
      <trkpt lat="45.878262519836426" lon="6.776053905487061">
        <ele>1626.54296875</ele>
      </trkpt>
      <trkpt lat="45.878219604492188" lon="6.77607536315918">
        <ele>1626.9609375</ele>
      </trkpt>
      <trkpt lat="45.87815523147583" lon="6.776268482208252">
        <ele>1625.02734375</ele>
      </trkpt>
      <trkpt lat="45.878112316131592" lon="6.776289939880371">
        <ele>1625.51171875</ele>
      </trkpt>
      <trkpt lat="45.878069400787354" lon="6.776268482208252">
        <ele>1626.66796875</ele>
      </trkpt>
      <trkpt lat="45.878026485443115" lon="6.776268482208252">
        <ele>1627.48828125</ele>
      </trkpt>
      <trkpt lat="45.878026485443115" lon="6.776397228240967">
        <ele>1625.5234375</ele>
      </trkpt>
      <trkpt lat="45.878005027770996" lon="6.776461601257324">
        <ele>1624.9765625</ele>
      </trkpt>
      <trkpt lat="45.878047943115234" lon="6.776633262634277">
        <ele>1621.46875</ele>
      </trkpt>
      <trkpt lat="45.878112316131592" lon="6.776633262634277">
        <ele>1620.10546875</ele>
      </trkpt>
      <trkpt lat="45.878090858459473" lon="6.776697635650635">
        <ele>1619.5546875</ele>
      </trkpt>
      <trkpt lat="45.877983570098877" lon="6.776697635650635">
        <ele>1621.8671875</ele>
      </trkpt>
      <trkpt lat="45.8778977394104" lon="6.776762008666992">
        <ele>1622.34765625</ele>
      </trkpt>
      <trkpt lat="45.877833366394043" lon="6.776869297027588">
        <ele>1622.23828125</ele>
      </trkpt>
      <trkpt lat="45.877833366394043" lon="6.777191162109375">
        <ele>1615.5</ele>
      </trkpt>
      <trkpt lat="45.877876281738281" lon="6.777384281158447">
        <ele>1609.48828125</ele>
      </trkpt>
      <trkpt lat="45.877876281738281" lon="6.777598857879639">
        <ele>1604.640625</ele>
      </trkpt>
      <trkpt lat="45.8778977394104" lon="6.777706146240234">
        <ele>1600.9140625</ele>
      </trkpt>
      <trkpt lat="45.877940654754639" lon="6.777684688568115">
        <ele>1599.4453125</ele>
      </trkpt>
      <trkpt lat="45.877983570098877" lon="6.777598857879639">
        <ele>1599.74609375</ele>
      </trkpt>
      <trkpt lat="45.878005027770996" lon="6.777749061584473">
        <ele>1594.66015625</ele>
      </trkpt>
      <trkpt lat="45.87791919708252" lon="6.777877807617188">
        <ele>1595.453125</ele>
      </trkpt>
      <trkpt lat="45.877876281738281" lon="6.777985095977783">
        <ele>1594.91015625</ele>
      </trkpt>
      <trkpt lat="45.87791919708252" lon="6.778006553649902">
        <ele>1592.12109375</ele>
      </trkpt>
      <trkpt lat="45.878047943115234" lon="6.777899265289307">
        <ele>1588.37109375</ele>
      </trkpt>
      <trkpt lat="45.878090858459473" lon="6.777963638305664">
        <ele>1584.33984375</ele>
      </trkpt>
      <trkpt lat="45.878112316131592" lon="6.778006553649902">
        <ele>1581.97265625</ele>
      </trkpt>
      <trkpt lat="45.87815523147583" lon="6.778028011322021">
        <ele>1579.07421875</ele>
      </trkpt>
      <trkpt lat="45.87815523147583" lon="6.77807092666626">
        <ele>1577.7890625</ele>
      </trkpt>
      <trkpt lat="45.878026485443115" lon="6.778285503387451">
        <ele>1578.7421875</ele>
      </trkpt>
      <trkpt lat="45.877983570098877" lon="6.778500080108643">
        <ele>1574.51171875</ele>
      </trkpt>
      <trkpt lat="45.878026485443115" lon="6.778607368469238">
        <ele>1568.43359375</ele>
      </trkpt>
      <trkpt lat="45.878005027770996" lon="6.778671741485596">
        <ele>1567.48046875</ele>
      </trkpt>
      <trkpt lat="45.877940654754639" lon="6.778693199157715">
        <ele>1570.36328125</ele>
      </trkpt>
      <trkpt lat="45.877940654754639" lon="6.778736114501953">
        <ele>1568.890625</ele>
      </trkpt>
      <trkpt lat="45.878090858459473" lon="6.778714656829834">
        <ele>1561.23828125</ele>
      </trkpt>
      <trkpt lat="45.878112316131592" lon="6.778757572174072">
        <ele>1558.62890625</ele>
      </trkpt>
      <trkpt lat="45.878090858459473" lon="6.77882194519043">
        <ele>1557.69921875</ele>
      </trkpt>
      <trkpt lat="45.878090858459473" lon="6.778886318206787">
        <ele>1555.57421875</ele>
      </trkpt>
      <trkpt lat="45.878112316131592" lon="6.778929233551025">
        <ele>1552.99609375</ele>
      </trkpt>
      <trkpt lat="45.878112316131592" lon="6.779015064239502">
        <ele>1550.1796875</ele>
      </trkpt>
      <trkpt lat="45.878133773803711" lon="6.778972148895264">
        <ele>1550.4375</ele>
      </trkpt>
      <trkpt lat="45.87815523147583" lon="6.77905797958374">
        <ele>1546.50390625</ele>
      </trkpt>
      <trkpt lat="45.878219604492188" lon="6.779036521911621">
        <ele>1543.78515625</ele>
      </trkpt>
      <trkpt lat="45.878455638885498" lon="6.778671741485596">
        <ele>1542.14453125</ele>
      </trkpt>
      <trkpt lat="45.878498554229736" lon="6.778650283813477">
        <ele>1540.36328125</ele>
      </trkpt>
      <trkpt lat="45.87864875793457" lon="6.778585910797119">
        <ele>1533.703125</ele>
      </trkpt>
      <trkpt lat="45.878734588623047" lon="6.778521537780762">
        <ele>1531.0625</ele>
      </trkpt>
      <trkpt lat="45.878949165344238" lon="6.778435707092285">
        <ele>1525.9453125</ele>
      </trkpt>
      <trkpt lat="45.879018316045403" lon="6.77836655639112">
        <ele>1525.52734375</ele>
      </trkpt>
      <trkpt lat="45.879056453704834" lon="6.778328418731689">
        <ele>1525.9375</ele>
      </trkpt>
      <trkpt lat="45.879206657409668" lon="6.778264045715332">
        <ele>1523.91796875</ele>
      </trkpt>
      <trkpt lat="45.879356861114502" lon="6.778264045715332">
        <ele>1518.96484375</ele>
      </trkpt>
      <trkpt lat="45.879464149475098" lon="6.778478622436523">
        <ele>1506.73046875</ele>
      </trkpt>
      <trkpt lat="45.879549980163574" lon="6.778564453125">
        <ele>1501.3359375</ele>
      </trkpt>
      <trkpt lat="45.879678726196289" lon="6.778628826141357">
        <ele>1497.66796875</ele>
      </trkpt>
      <trkpt lat="45.87989330291748" lon="6.778929233551025">
        <ele>1486.58203125</ele>
      </trkpt>
      <trkpt lat="45.879936218261719" lon="6.779036521911621">
        <ele>1483.19921875</ele>
      </trkpt>
      <trkpt lat="45.879979133605957" lon="6.779615879058838">
        <ele>1468.85546875</ele>
      </trkpt>
      <trkpt lat="45.8799147605896" lon="6.779916286468506">
        <ele>1462.93359375</ele>
      </trkpt>
      <trkpt lat="45.8799147605896" lon="6.78006649017334">
        <ele>1459.484375</ele>
      </trkpt>
      <trkpt lat="45.87989330291748" lon="6.780259609222412">
        <ele>1455.01953125</ele>
      </trkpt>
      <trkpt lat="45.879786014556885" lon="6.780474185943604">
        <ele>1450.828125</ele>
      </trkpt>
      <trkpt lat="45.879764556884766" lon="6.78056001663208">
        <ele>1448.80078125</ele>
      </trkpt>
      <trkpt lat="45.879786014556885" lon="6.780688762664795">
        <ele>1445.23828125</ele>
      </trkpt>
      <trkpt lat="45.879828929901123" lon="6.780753135681152">
        <ele>1443.25</ele>
      </trkpt>
      <trkpt lat="45.879979133605957" lon="6.780796051025391">
        <ele>1441.125</ele>
      </trkpt>
      <trkpt lat="45.879979133605957" lon="6.780903339385986">
        <ele>1438.5625</ele>
      </trkpt>
      <trkpt lat="45.880129337310791" lon="6.781010627746582">
        <ele>1435.15234375</ele>
      </trkpt>
      <trkpt lat="45.880107879638672" lon="6.781139373779297">
        <ele>1432.234375</ele>
      </trkpt>
      <trkpt lat="45.880215167999268" lon="6.781096458435059">
        <ele>1432.671875</ele>
      </trkpt>
      <trkpt lat="45.880300998687744" lon="6.78105354309082">
        <ele>1433.203125</ele>
      </trkpt>
      <trkpt lat="45.880472660064697" lon="6.781096458435059">
        <ele>1431.21484375</ele>
      </trkpt>
      <trkpt lat="45.88064432144165" lon="6.780860424041748">
        <ele>1434.27734375</ele>
      </trkpt>
      <trkpt lat="45.880730152130127" lon="6.780753135681152">
        <ele>1435.30078125</ele>
      </trkpt>
      <trkpt lat="45.880837440490723" lon="6.780710220336914">
        <ele>1434.875</ele>
      </trkpt>
      <trkpt lat="45.881245136260986" lon="6.780774593353271">
        <ele>1429.15234375</ele>
      </trkpt>
      <trkpt lat="45.881459712982178" lon="6.780774593353271">
        <ele>1426.43359375</ele>
      </trkpt>
      <trkpt lat="45.881824493408203" lon="6.780388355255127">
        <ele>1429.671875</ele>
      </trkpt>
      <trkpt lat="45.882081985473633" lon="6.780152320861816">
        <ele>1430.41015625</ele>
      </trkpt>
      <trkpt lat="45.882167816162109" lon="6.780109405517578">
        <ele>1426.4921875</ele>
      </trkpt>
      <trkpt lat="45.882210731506348" lon="6.779937744140625">
        <ele>1424.7578125</ele>
      </trkpt>
      <trkpt lat="45.882189273834229" lon="6.779744625091553">
        <ele>1424.94921875</ele>
      </trkpt>
      <trkpt lat="45.882081985473633" lon="6.779379844665527">
        <ele>1431.83984375</ele>
      </trkpt>
      <trkpt lat="45.882039070129395" lon="6.779208183288574">
        <ele>1435.203125</ele>
      </trkpt>
      <trkpt lat="45.882060527801514" lon="6.778993606567383">
        <ele>1427.078125</ele>
      </trkpt>
      <trkpt lat="45.882039070129395" lon="6.778843402862549">
        <ele>1424.046875</ele>
      </trkpt>
      <trkpt lat="45.882060527801514" lon="6.778671741485596">
        <ele>1417.1484375</ele>
      </trkpt>
      <trkpt lat="45.882017612457275" lon="6.778542995452881">
        <ele>1415.9921875</ele>
      </trkpt>
      <trkpt lat="45.882039070129395" lon="6.778457164764404">
        <ele>1412.0546875</ele>
      </trkpt>
      <trkpt lat="45.882017612457275" lon="6.778328418731689">
        <ele>1410.5703125</ele>
      </trkpt>
      <trkpt lat="45.881867408752441" lon="6.777985095977783">
        <ele>1420.59375</ele>
      </trkpt>
      <trkpt lat="45.881888866424561" lon="6.777899265289307">
        <ele>1418.9375</ele>
      </trkpt>
      <trkpt lat="45.882124900817871" lon="6.777706146240234">
        <ele>1400.24609375</ele>
      </trkpt>
      <trkpt lat="45.882210731506348" lon="6.77757740020752">
        <ele>1393.78125</ele>
      </trkpt>
      <trkpt lat="45.882382392883301" lon="6.77757740020752">
        <ele>1382.00390625</ele>
      </trkpt>
      <trkpt lat="45.882511138916016" lon="6.777706146240234">
        <ele>1373.52734375</ele>
      </trkpt>
      <trkpt lat="45.882532596588135" lon="6.777899265289307">
        <ele>1372.5625</ele>
      </trkpt>
      <trkpt lat="45.882833003997803" lon="6.77830696105957">
        <ele>1352.1015625</ele>
      </trkpt>
      <trkpt lat="45.883004665374756" lon="6.778478622436523">
        <ele>1344.4921875</ele>
      </trkpt>
      <trkpt lat="45.883133411407471" lon="6.778478622436523">
        <ele>1338.6171875</ele>
      </trkpt>
      <trkpt lat="45.883197784423828" lon="6.778457164764404">
        <ele>1335.6484375</ele>
      </trkpt>
      <trkpt lat="45.88341236114502" lon="6.778349876403809">
        <ele>1326.56640625</ele>
      </trkpt>
      <trkpt lat="45.883541107177734" lon="6.778156757354736">
        <ele>1321.8671875</ele>
      </trkpt>
      <trkpt lat="45.883562564849854" lon="6.777920722961426">
        <ele>1321.87890625</ele>
      </trkpt>
      <trkpt lat="45.883734226226807" lon="6.7775559425354">
        <ele>1317.1875</ele>
      </trkpt>
      <trkpt lat="45.883777141571045" lon="6.777513027191162">
        <ele>1316.2734375</ele>
      </trkpt>
      <trkpt lat="45.883948802947998" lon="6.777448654174805">
        <ele>1311.8671875</ele>
      </trkpt>
      <trkpt lat="45.884313583374023" lon="6.777513027191162">
        <ele>1300.15234375</ele>
      </trkpt>
      <trkpt lat="45.884420871734619" lon="6.777470111846924">
        <ele>1297.3984375</ele>
      </trkpt>
      <trkpt lat="45.884485244750977" lon="6.777427196502686">
        <ele>1295.9296875</ele>
      </trkpt>
      <trkpt lat="45.884571075439453" lon="6.777491569519043">
        <ele>1292.78515625</ele>
      </trkpt>
      <trkpt lat="45.884635448455811" lon="6.777663230895996">
        <ele>1290.2109375</ele>
      </trkpt>
      <trkpt lat="45.884699821472168" lon="6.778028011322021">
        <ele>1287.2734375</ele>
      </trkpt>
      <trkpt lat="45.884721279144287" lon="6.778414249420166">
        <ele>1284.78125</ele>
      </trkpt>
      <trkpt lat="45.884742736816406" lon="6.778478622436523">
        <ele>1283.19921875</ele>
      </trkpt>
      <trkpt lat="45.884785652160645" lon="6.778542995452881">
        <ele>1281.09375</ele>
      </trkpt>
      <trkpt lat="45.884828567504883" lon="6.778585910797119">
        <ele>1279.34375</ele>
      </trkpt>
      <trkpt lat="45.884935855865479" lon="6.778628826141357">
        <ele>1276.03515625</ele>
      </trkpt>
      <trkpt lat="45.885043144226074" lon="6.778607368469238">
        <ele>1273.73828125</ele>
      </trkpt>
      <trkpt lat="45.885128974914551" lon="6.778585910797119">
        <ele>1271.95703125</ele>
      </trkpt>
      <trkpt lat="45.885171890258789" lon="6.778521537780762">
        <ele>1271.8671875</ele>
      </trkpt>
      <trkpt lat="45.885279178619385" lon="6.778264045715332">
        <ele>1271.81640625</ele>
      </trkpt>
      <trkpt lat="45.885322093963623" lon="6.778242588043213">
        <ele>1270.8125</ele>
      </trkpt>
      <trkpt lat="45.885365009307861" lon="6.778242588043213">
        <ele>1269.73046875</ele>
      </trkpt>
      <trkpt lat="45.8854079246521" lon="6.77830696105957">
        <ele>1268.44921875</ele>
      </trkpt>
      <trkpt lat="45.885493755340576" lon="6.779487133026123">
        <ele>1249.796875</ele>
      </trkpt>
      <trkpt lat="45.885429382324219" lon="6.779723167419434">
        <ele>1246.3046875</ele>
      </trkpt>
      <trkpt lat="45.885322093963623" lon="6.780023574829102">
        <ele>1242.58203125</ele>
      </trkpt>
      <trkpt lat="45.885300803929567" lon="6.780050145462155">
        <ele>1242.69140625</ele>
      </trkpt>
      <trkpt lat="45.88515043258667" lon="6.780238151550293">
        <ele>1244.22265625</ele>
      </trkpt>
      <trkpt lat="45.885128974914551" lon="6.78030252456665">
        <ele>1244.04296875</ele>
      </trkpt>
      <trkpt lat="45.88515043258667" lon="6.780388355255127">
        <ele>1242.40234375</ele>
      </trkpt>
      <trkpt lat="45.885171890258789" lon="6.780431270599365">
        <ele>1241.25390625</ele>
      </trkpt>
      <trkpt lat="45.885515213012695" lon="6.780581474304199">
        <ele>1231.078125</ele>
      </trkpt>
      <trkpt lat="45.885536670684814" lon="6.780624389648438">
        <ele>1230.09375</ele>
      </trkpt>
      <trkpt lat="45.885622501373291" lon="6.780688762664795">
        <ele>1227.76171875</ele>
      </trkpt>
      <trkpt lat="45.885665416717529" lon="6.780710220336914">
        <ele>1226.7421875</ele>
      </trkpt>
      <trkpt lat="45.885794162750244" lon="6.780710220336914">
        <ele>1224.72265625</ele>
      </trkpt>
      <trkpt lat="45.886502265930176" lon="6.780796051025391">
        <ele>1213.05859375</ele>
      </trkpt>
      <trkpt lat="45.886566638946533" lon="6.780796051025391">
        <ele>1212.30859375</ele>
      </trkpt>
      <trkpt lat="45.886909961700439" lon="6.780946254730225">
        <ele>1205.73828125</ele>
      </trkpt>
      <trkpt lat="45.886952877044678" lon="6.781010627746582">
        <ele>1203.8828125</ele>
      </trkpt>
      <trkpt lat="45.886974334716797" lon="6.781289577484131">
        <ele>1197.625</ele>
      </trkpt>
      <trkpt lat="45.886952877044678" lon="6.781632900238037">
        <ele>1190.43359375</ele>
      </trkpt>
      <trkpt lat="45.886931419372559" lon="6.781697273254395">
        <ele>1189.2734375</ele>
      </trkpt>
      <trkpt lat="45.886909961700439" lon="6.781740188598633">
        <ele>1188.4921875</ele>
      </trkpt>
      <trkpt lat="45.886867046356201" lon="6.781783103942871">
        <ele>1187.94140625</ele>
      </trkpt>
      <trkpt lat="45.886781215667725" lon="6.781826019287109">
        <ele>1187.86328125</ele>
      </trkpt>
      <trkpt lat="45.886695384979248" lon="6.781847476959229">
        <ele>1188.30078125</ele>
      </trkpt>
      <trkpt lat="45.886631011962891" lon="6.781954765319824">
        <ele>1186.49609375</ele>
      </trkpt>
      <trkpt lat="45.886631011962891" lon="6.781997680664062">
        <ele>1185.4921875</ele>
      </trkpt>
      <trkpt lat="45.886673927307129" lon="6.782083511352539">
        <ele>1182.99609375</ele>
      </trkpt>
      <trkpt lat="45.886781215667725" lon="6.782126426696777">
        <ele>1180.76171875</ele>
      </trkpt>
      <trkpt lat="45.887017250061035" lon="6.782126426696777">
        <ele>1178.06640625</ele>
      </trkpt>
      <trkpt lat="45.887060165405273" lon="6.782147884368896">
        <ele>1177.09765625</ele>
      </trkpt>
      <trkpt lat="45.887167453765869" lon="6.782276630401611">
        <ele>1173.08984375</ele>
      </trkpt>
      <trkpt lat="45.887231826782227" lon="6.782341003417969">
        <ele>1171.0546875</ele>
      </trkpt>
      <trkpt lat="45.887339115142822" lon="6.782426834106445">
        <ele>1168.24609375</ele>
      </trkpt>
      <trkpt lat="45.887510776519775" lon="6.782512664794922">
        <ele>1165.07421875</ele>
      </trkpt>
      <trkpt lat="45.88763952255249" lon="6.782491207122803">
        <ele>1164.57421875</ele>
      </trkpt>
      <trkpt lat="45.887811183929443" lon="6.782405376434326">
        <ele>1164.97265625</ele>
      </trkpt>
      <trkpt lat="45.887918472290039" lon="6.782383918762207">
        <ele>1163.84765625</ele>
      </trkpt>
      <trkpt lat="45.888111591339111" lon="6.78231954574585">
        <ele>1160.48828125</ele>
      </trkpt>
      <trkpt lat="45.888218879699707" lon="6.782212257385254">
        <ele>1159.83984375</ele>
      </trkpt>
      <trkpt lat="45.888347625732422" lon="6.782104969024658">
        <ele>1158.56640625</ele>
      </trkpt>
      <trkpt lat="45.888712406158447" lon="6.781761646270752">
        <ele>1154.89453125</ele>
      </trkpt>
      <trkpt lat="45.8888840675354" lon="6.781675815582275">
        <ele>1150.625</ele>
      </trkpt>
      <trkpt lat="45.88890552520752" lon="6.781632900238037">
        <ele>1150.19921875</ele>
      </trkpt>
      <trkpt lat="45.888991355895996" lon="6.781675815582275">
        <ele>1147.25390625</ele>
      </trkpt>
      <trkpt lat="45.889055728912354" lon="6.781740188598633">
        <ele>1144.625</ele>
      </trkpt>
      <trkpt lat="45.889120101928711" lon="6.781847476959229">
        <ele>1141.34375</ele>
      </trkpt>
      <trkpt lat="45.889120101928711" lon="6.781954765319824">
        <ele>1140.0546875</ele>
      </trkpt>
      <trkpt lat="45.888926982879639" lon="6.782255172729492">
        <ele>1141.54296875</ele>
      </trkpt>
      <trkpt lat="45.888798236846924" lon="6.782534122467041">
        <ele>1140.80859375</ele>
      </trkpt>
      <trkpt lat="45.888712406158447" lon="6.782834529876709">
        <ele>1138.16796875</ele>
      </trkpt>
      <trkpt lat="45.888669490814209" lon="6.783113479614258">
        <ele>1134.625</ele>
      </trkpt>
      <trkpt lat="45.888669490814209" lon="6.783199310302734">
        <ele>1133.2578125</ele>
      </trkpt>
      <trkpt lat="45.888690948486328" lon="6.783242225646973">
        <ele>1132.21484375</ele>
      </trkpt>
      <trkpt lat="45.888755321502686" lon="6.783242225646973">
        <ele>1130.4921875</ele>
      </trkpt>
      <trkpt lat="45.888841152191162" lon="6.783199310302734">
        <ele>1128.625</ele>
      </trkpt>
      <trkpt lat="45.888926982879639" lon="6.783134937286377">
        <ele>1127.1953125</ele>
      </trkpt>
      <trkpt lat="45.888969898223877" lon="6.783134937286377">
        <ele>1125.94140625</ele>
      </trkpt>
      <trkpt lat="45.889012813568115" lon="6.783199310302734">
        <ele>1123.515625</ele>
      </trkpt>
      <trkpt lat="45.889034271240234" lon="6.783242225646973">
        <ele>1122.08203125</ele>
      </trkpt>
      <trkpt lat="45.889034271240234" lon="6.78330659866333">
        <ele>1120.8984375</ele>
      </trkpt>
      <trkpt lat="45.888948440551758" lon="6.783499717712402">
        <ele>1118.796875</ele>
      </trkpt>
      <trkpt lat="45.8888840675354" lon="6.783692836761475">
        <ele>1115.47265625</ele>
      </trkpt>
      <trkpt lat="45.888862609863281" lon="6.784121990203857">
        <ele>1104.29296875</ele>
      </trkpt>
      <trkpt lat="45.888798236846924" lon="6.784250736236572">
        <ele>1101.94921875</ele>
      </trkpt>
      <trkpt lat="45.888669490814209" lon="6.784358024597168">
        <ele>1100.35546875</ele>
      </trkpt>
      <trkpt lat="45.888669490814209" lon="6.784443855285645">
        <ele>1096.578125</ele>
      </trkpt>
      <trkpt lat="45.888798236846924" lon="6.784486770629883">
        <ele>1091.7421875</ele>
      </trkpt>
      <trkpt lat="45.888991355895996" lon="6.784422397613525">
        <ele>1089.0546875</ele>
      </trkpt>
      <trkpt lat="45.889098644256592" lon="6.784229278564453">
        <ele>1093.61328125</ele>
      </trkpt>
      <trkpt lat="45.88914155960083" lon="6.784229278564453">
        <ele>1092.2890625</ele>
      </trkpt>
      <trkpt lat="45.889163017272949" lon="6.784293651580811">
        <ele>1089.1484375</ele>
      </trkpt>
      <trkpt lat="45.889077186584473" lon="6.784508228302002">
        <ele>1083.22265625</ele>
      </trkpt>
      <trkpt lat="45.889012813568115" lon="6.784636974334717">
        <ele>1079.765625</ele>
      </trkpt>
      <trkpt lat="45.888841152191162" lon="6.784744262695312">
        <ele>1079.5703125</ele>
      </trkpt>
      <trkpt lat="45.888605117797852" lon="6.785001754760742">
        <ele>1073.171875</ele>
      </trkpt>
      <trkpt lat="45.888583660125732" lon="6.785109043121338">
        <ele>1069.875</ele>
      </trkpt>
      <trkpt lat="45.888583660125732" lon="6.785216331481934">
        <ele>1066.578125</ele>
      </trkpt>
      <trkpt lat="45.888605117797852" lon="6.785280704498291">
        <ele>1064.2421875</ele>
      </trkpt>
      <trkpt lat="45.88864803314209" lon="6.785366535186768">
        <ele>1060.92578125</ele>
      </trkpt>
      <trkpt lat="45.888862609863281" lon="6.78530216217041">
        <ele>1059.09375</ele>
      </trkpt>
      <trkpt lat="45.88890552520752" lon="6.785323619842529">
        <ele>1057.7109375</ele>
      </trkpt>
      <trkpt lat="45.888926982879639" lon="6.785387992858887">
        <ele>1055.51953125</ele>
      </trkpt>
      <trkpt lat="45.88890552520752" lon="6.785538196563721">
        <ele>1051.640625</ele>
      </trkpt>
      <trkpt lat="45.8888840675354" lon="6.785602569580078">
        <ele>1050.1484375</ele>
      </trkpt>
      <trkpt lat="45.888862609863281" lon="6.785645484924316">
        <ele>1049.25</ele>
      </trkpt>
      <trkpt lat="45.888712406158447" lon="6.785688400268555">
        <ele>1050.234375</ele>
      </trkpt>
      <trkpt lat="45.888562202453613" lon="6.785688400268555">
        <ele>1052.375</ele>
      </trkpt>
      <trkpt lat="45.88839054107666" lon="6.785666942596436">
        <ele>1055.5</ele>
      </trkpt>
      <trkpt lat="45.888240337371826" lon="6.785688400268555">
        <ele>1056.953125</ele>
      </trkpt>
      <trkpt lat="45.888175964355469" lon="6.78581714630127">
        <ele>1053.61328125</ele>
      </trkpt>
      <trkpt lat="45.88813304901123" lon="6.785924434661865">
        <ele>1051.4921875</ele>
      </trkpt>
      <trkpt lat="45.888111591339111" lon="6.786010265350342">
        <ele>1050.1796875</ele>
      </trkpt>
      <trkpt lat="45.88815450668335" lon="6.786117553710938">
        <ele>1047.65625</ele>
      </trkpt>
      <trkpt lat="45.888433456420898" lon="6.786246299743652">
        <ele>1041.91015625</ele>
      </trkpt>
      <trkpt lat="45.888605117797852" lon="6.786417961120605">
        <ele>1036.89453125</ele>
      </trkpt>
      <trkpt lat="45.888733863830566" lon="6.786653995513916">
        <ele>1031.26953125</ele>
      </trkpt>
      <trkpt lat="45.88880536146462" lon="6.786749297752976">
        <ele>1028.68359375</ele>
      </trkpt>
      <trkpt lat="45.888926982879639" lon="6.786911487579346">
        <ele>1024.80078125</ele>
      </trkpt>
      <trkpt lat="45.889034271240234" lon="6.786997318267822">
        <ele>1022.015625</ele>
      </trkpt>
      <trkpt lat="45.889034271240234" lon="6.787104606628418">
        <ele>1020.90625</ele>
      </trkpt>
      <trkpt lat="45.889077186584473" lon="6.787190437316895">
        <ele>1019.27734375</ele>
      </trkpt>
      <trkpt lat="45.889120101928711" lon="6.787233352661133">
        <ele>1018.09765625</ele>
      </trkpt>
      <trkpt lat="45.889184474945068" lon="6.787233352661133">
        <ele>1016.98828125</ele>
      </trkpt>
      <trkpt lat="45.889248847961426" lon="6.787254810333252">
        <ele>1015.66015625</ele>
      </trkpt>
      <trkpt lat="45.889367200434208" lon="6.787302084267139">
        <ele>1013.16015625</ele>
      </trkpt>
      <trkpt lat="45.889570713043213" lon="6.787383556365967">
        <ele>1008.94140625</ele>
      </trkpt>
      <trkpt lat="45.889656543731689" lon="6.787362098693848">
        <ele>1007.83203125</ele>
      </trkpt>
      <trkpt lat="45.889678001403809" lon="6.787405014038086">
        <ele>1007.078125</ele>
      </trkpt>
      <trkpt lat="45.889828205108643" lon="6.787984371185303">
        <ele>997.7421875</ele>
      </trkpt>
      <trkpt lat="45.889999866485596" lon="6.788370609283447">
        <ele>991.640625</ele>
      </trkpt>
      <trkpt lat="45.889935493469238" lon="6.788585186004639">
        <ele>990.6953125</ele>
      </trkpt>
      <trkpt lat="45.889871120452881" lon="6.788778305053711">
        <ele>989.92578125</ele>
      </trkpt>
      <trkpt lat="45.889871120452881" lon="6.788928508758545">
        <ele>988.953125</ele>
      </trkpt>
      <trkpt lat="45.889806747436523" lon="6.789014339447021">
        <ele>988.921875</ele>
      </trkpt>
      <trkpt lat="45.889763832092285" lon="6.789164543151855">
        <ele>988.3203125</ele>
      </trkpt>
      <trkpt lat="45.889713624492288" lon="6.789331762120128">
        <ele>989.046875</ele>
      </trkpt>
      <trkpt lat="45.889699459075928" lon="6.789379119873047">
        <ele>989.375</ele>
      </trkpt>
      <trkpt lat="45.889570713043213" lon="6.789786815643311">
        <ele>993.046875</ele>
      </trkpt>
      <trkpt lat="45.88939905166626" lon="6.790430545806885">
        <ele>1005.82421875</ele>
      </trkpt>
      <trkpt lat="45.889334678649902" lon="6.790752410888672">
        <ele>1012.15234375</ele>
      </trkpt>
      <trkpt lat="45.889313220977783" lon="6.790966987609863">
        <ele>1013.66015625</ele>
      </trkpt>
      <trkpt lat="45.889270305633545" lon="6.791417598724365">
        <ele>1012.515625</ele>
      </trkpt>
      <trkpt lat="45.889227390289307" lon="6.792018413543701">
        <ele>1013.16796875</ele>
      </trkpt>
      <trkpt lat="45.889227390289307" lon="6.79229736328125">
        <ele>1014.17578125</ele>
      </trkpt>
      <trkpt lat="45.889248847961426" lon="6.792576313018799">
        <ele>1014.609375</ele>
      </trkpt>
      <trkpt lat="45.889334678649902" lon="6.793670654296875">
        <ele>1020.0859375</ele>
      </trkpt>
      <trkpt lat="45.889356136322021" lon="6.794142723083496">
        <ele>1022.29296875</ele>
      </trkpt>
      <trkpt lat="45.889248847961426" lon="6.795172691345215">
        <ele>1022.5</ele>
      </trkpt>
      <trkpt lat="45.889334678649902" lon="6.796245574951172">
        <ele>1012.1015625</ele>
      </trkpt>
      <trkpt lat="45.889334678649902" lon="6.796352863311768">
        <ele>1011.45703125</ele>
      </trkpt>
      <trkpt lat="45.889356136322021" lon="6.796503067016602">
        <ele>1009.98828125</ele>
      </trkpt>
      <trkpt lat="45.889377593994141" lon="6.79678201675415">
        <ele>1008.7421875</ele>
      </trkpt>
      <trkpt lat="45.889420509338379" lon="6.797018051147461">
        <ele>1008.88671875</ele>
      </trkpt>
      <trkpt lat="45.889463424682617" lon="6.797211170196533">
        <ele>1008.90625</ele>
      </trkpt>
      <trkpt lat="45.889506340026855" lon="6.797382831573486">
        <ele>1008.8984375</ele>
      </trkpt>
      <trkpt lat="45.889639696106315" lon="6.797632779926062">
        <ele>1008.13671875</ele>
      </trkpt>
      <trkpt lat="45.889678001403809" lon="6.797704696655273">
        <ele>1008.03125</ele>
      </trkpt>
      <trkpt lat="45.889871120452881" lon="6.797962188720703">
        <ele>1007.08203125</ele>
      </trkpt>
      <trkpt lat="45.889935493469238" lon="6.79804801940918">
        <ele>1006.859375</ele>
      </trkpt>
      <trkpt lat="45.889956951141357" lon="6.798090934753418">
        <ele>1006.90625</ele>
      </trkpt>
      <trkpt lat="45.890042781829834" lon="6.798198223114014">
        <ele>1006.65625</ele>
      </trkpt>
      <trkpt lat="45.890192985534668" lon="6.798305511474609">
        <ele>1005.6953125</ele>
      </trkpt>
      <trkpt lat="45.890214443206787" lon="6.798262596130371">
        <ele>1005.05078125</ele>
      </trkpt>
      <trkpt lat="45.890235900878906" lon="6.798176765441895">
        <ele>1004.01171875</ele>
      </trkpt>
      <trkpt lat="45.890235900878906" lon="6.79804801940918">
        <ele>1002.8515625</ele>
      </trkpt>
      <trkpt lat="45.890360120683908" lon="6.79793612100184">
        <ele>1000.125</ele>
      </trkpt>
      <trkpt lat="45.890360036864877" lon="6.79793612100184">
        <ele>1000.125</ele>
      </trkpt>
    </trkseg>
  </trk>
</gpx>
