<?xml version="1.0"?>
<gpx xmlns="http://www.topografix.com/GPX/1/1" xmlns:xsi="http://www.w3.org/2001/XMLSchema-instance" xmlns:wptx1="http://www.garmin.com/xmlschemas/WaypointExtension/v1" xmlns:gpxtrx="http://www.garmin.com/xmlschemas/GpxExtensions/v3" xmlns:gpxtpx="http://www.garmin.com/xmlschemas/TrackPointExtension/v1" xmlns:gpxx="http://www.garmin.com/xmlschemas/GpxExtensions/v3" xmlns:trp="http://www.garmin.com/xmlschemas/TripExtensions/v1" xmlns:adv="http://www.garmin.com/xmlschemas/AdventuresExtensions/v1" xmlns:prs="http://www.garmin.com/xmlschemas/PressureExtension/v1" xmlns:tmd="http://www.garmin.com/xmlschemas/TripMetaDataExtensions/v1" xmlns:vptm="http://www.garmin.com/xmlschemas/ViaPointTransportationModeExtensions/v1" xmlns:ctx="http://www.garmin.com/xmlschemas/CreationTimeExtension/v1" xmlns:gpxacc="http://www.garmin.com/xmlschemas/AccelerationExtension/v1" xmlns:gpxpx="http://www.garmin.com/xmlschemas/PowerExtension/v1" xmlns:vidx1="http://www.garmin.com/xmlschemas/VideoExtension/v1" creator="Garmin Desktop App" version="1.1" xsi:schemaLocation="http://www.topografix.com/GPX/1/1 http://www.topografix.com/GPX/1/1/gpx.xsd http://www.garmin.com/xmlschemas/WaypointExtension/v1 http://www8.garmin.com/xmlschemas/WaypointExtensionv1.xsd http://www.garmin.com/xmlschemas/TrackPointExtension/v1 http://www.garmin.com/xmlschemas/TrackPointExtensionv1.xsd http://www.garmin.com/xmlschemas/GpxExtensions/v3 http://www8.garmin.com/xmlschemas/GpxExtensionsv3.xsd http://www.garmin.com/xmlschemas/ActivityExtension/v1 http://www8.garmin.com/xmlschemas/ActivityExtensionv1.xsd http://www.garmin.com/xmlschemas/AdventuresExtensions/v1 http://www8.garmin.com/xmlschemas/AdventuresExtensionv1.xsd http://www.garmin.com/xmlschemas/PressureExtension/v1 http://www.garmin.com/xmlschemas/PressureExtensionv1.xsd http://www.garmin.com/xmlschemas/TripExtensions/v1 http://www.garmin.com/xmlschemas/TripExtensionsv1.xsd http://www.garmin.com/xmlschemas/TripMetaDataExtensions/v1 http://www.garmin.com/xmlschemas/TripMetaDataExtensionsv1.xsd http://www.garmin.com/xmlschemas/ViaPointTransportationModeExtensions/v1 http://www.garmin.com/xmlschemas/ViaPointTransportationModeExtensionsv1.xsd http://www.garmin.com/xmlschemas/CreationTimeExtension/v1 http://www.garmin.com/xmlschemas/CreationTimeExtensionsv1.xsd http://www.garmin.com/xmlschemas/AccelerationExtension/v1 http://www.garmin.com/xmlschemas/AccelerationExtensionv1.xsd http://www.garmin.com/xmlschemas/PowerExtension/v1 http://www.garmin.com/xmlschemas/PowerExtensionv1.xsd http://www.garmin.com/xmlschemas/VideoExtension/v1 http://www.garmin.com/xmlschemas/VideoExtensionv1.xsd">
  <metadata>
    <link href="http://www.garmin.com">
      <text>Garmin International</text>
    </link>
    <time>2026-03-04T12:11:28Z</time>
    <bounds maxlat="45.809202678501606" maxlon="6.986832618713379" minlat="45.767626762390137" minlon="6.867914199829102"/>
  </metadata>
  <trk>
    <name>TMB Etappe 06</name>
    <extensions>
      <gpxx:TrackExtension>
        <gpxx:DisplayColor>Red</gpxx:DisplayColor>
      </gpxx:TrackExtension>
    </extensions>
    <trkseg>
      <trkpt lat="45.809202678501606" lon="6.978607708588243">
        <ele>1988.5546875</ele>
        <time>2025-08-29T08:21:38Z</time>
      </trkpt>
      <trkpt lat="45.809104442596436" lon="6.978592872619629">
        <ele>1985.1875</ele>
      </trkpt>
      <trkpt lat="45.809018611907959" lon="6.978442668914795">
        <ele>1982.8515625</ele>
      </trkpt>
      <trkpt lat="45.808932781219482" lon="6.978721618652344">
        <ele>1978.5234375</ele>
      </trkpt>
      <trkpt lat="45.808868408203125" lon="6.978464126586914">
        <ele>1978.13671875</ele>
      </trkpt>
      <trkpt lat="45.808718204498291" lon="6.978421211242676">
        <ele>1973.2578125</ele>
      </trkpt>
      <trkpt lat="45.808546543121338" lon="6.978335380554199">
        <ele>1965.55859375</ele>
      </trkpt>
      <trkpt lat="45.8085036277771" lon="6.978271007537842">
        <ele>1964.0546875</ele>
      </trkpt>
      <trkpt lat="45.808439254760742" lon="6.978034973144531">
        <ele>1961.26953125</ele>
      </trkpt>
      <trkpt lat="45.808396339416504" lon="6.977734565734863">
        <ele>1959.58984375</ele>
      </trkpt>
      <trkpt lat="45.808310508728027" lon="6.97756290435791">
        <ele>1955.921875</ele>
      </trkpt>
      <trkpt lat="45.808224678039551" lon="6.977519989013672">
        <ele>1952.1328125</ele>
      </trkpt>
      <trkpt lat="45.808031558990479" lon="6.977391242980957">
        <ele>1943.98046875</ele>
      </trkpt>
      <trkpt lat="45.807924270629883" lon="6.97730541229248">
        <ele>1939.98046875</ele>
      </trkpt>
      <trkpt lat="45.807881355285645" lon="6.977283954620361">
        <ele>1937.12890625</ele>
      </trkpt>
      <trkpt lat="45.807838439941406" lon="6.977283954620361">
        <ele>1934.0546875</ele>
      </trkpt>
      <trkpt lat="45.807816982269287" lon="6.977348327636719">
        <ele>1932.015625</ele>
      </trkpt>
      <trkpt lat="45.807774066925049" lon="6.977648735046387">
        <ele>1927.1328125</ele>
      </trkpt>
      <trkpt lat="45.807795524597168" lon="6.977713108062744">
        <ele>1928.32421875</ele>
      </trkpt>
      <trkpt lat="45.807795524597168" lon="6.977798938751221">
        <ele>1927.8515625</ele>
      </trkpt>
      <trkpt lat="45.807838439941406" lon="6.977863311767578">
        <ele>1930.64453125</ele>
      </trkpt>
      <trkpt lat="45.807859897613525" lon="6.977949142456055">
        <ele>1931.77734375</ele>
      </trkpt>
      <trkpt lat="45.807859897613525" lon="6.97807788848877">
        <ele>1931.11328125</ele>
      </trkpt>
      <trkpt lat="45.807816982269287" lon="6.978206634521484">
        <ele>1927.2109375</ele>
      </trkpt>
      <trkpt lat="45.807709693908691" lon="6.978399753570557">
        <ele>1917.41015625</ele>
      </trkpt>
      <trkpt lat="45.807623863220215" lon="6.978507041931152">
        <ele>1909.75390625</ele>
      </trkpt>
      <trkpt lat="45.807580947875977" lon="6.978464126586914">
        <ele>1906.890625</ele>
      </trkpt>
      <trkpt lat="45.807538032531738" lon="6.978335380554199">
        <ele>1904.95703125</ele>
      </trkpt>
      <trkpt lat="45.807538032531738" lon="6.978249549865723">
        <ele>1905.87109375</ele>
      </trkpt>
      <trkpt lat="45.8074951171875" lon="6.977949142456055">
        <ele>1904.8125</ele>
      </trkpt>
      <trkpt lat="45.807473659515381" lon="6.977906227111816">
        <ele>1903.54296875</ele>
      </trkpt>
      <trkpt lat="45.807366371154785" lon="6.978120803833008">
        <ele>1893.91796875</ele>
      </trkpt>
      <trkpt lat="45.807301998138428" lon="6.978292465209961">
        <ele>1887.5</ele>
      </trkpt>
      <trkpt lat="45.807194709777832" lon="6.978013515472412">
        <ele>1882.02734375</ele>
      </trkpt>
      <trkpt lat="45.807173252105713" lon="6.977970600128174">
        <ele>1880.82421875</ele>
      </trkpt>
      <trkpt lat="45.807151794433594" lon="6.978013515472412">
        <ele>1878.83984375</ele>
      </trkpt>
      <trkpt lat="45.807130336761475" lon="6.97805643081665">
        <ele>1876.83984375</ele>
      </trkpt>
      <trkpt lat="45.807130336761475" lon="6.978099346160889">
        <ele>1876.4375</ele>
      </trkpt>
      <trkpt lat="45.807108879089355" lon="6.978142261505127">
        <ele>1874.42578125</ele>
      </trkpt>
      <trkpt lat="45.807065963745117" lon="6.978356838226318">
        <ele>1867.640625</ele>
      </trkpt>
      <trkpt lat="45.807065963745117" lon="6.978485584259033">
        <ele>1865.91015625</ele>
      </trkpt>
      <trkpt lat="45.807087421417236" lon="6.978549957275391">
        <ele>1867.68359375</ele>
      </trkpt>
      <trkpt lat="45.807023048400879" lon="6.97857141494751">
        <ele>1859.4609375</ele>
      </trkpt>
      <trkpt lat="45.80700159072876" lon="6.978614330291748">
        <ele>1856.2109375</ele>
      </trkpt>
      <trkpt lat="45.807023048400879" lon="6.978678703308105">
        <ele>1857.97265625</ele>
      </trkpt>
      <trkpt lat="45.807065963745117" lon="6.978785991668701">
        <ele>1861.8671875</ele>
      </trkpt>
      <trkpt lat="45.807065963745117" lon="6.978871822357178">
        <ele>1860.71484375</ele>
      </trkpt>
      <trkpt lat="45.807023048400879" lon="6.978828907012939">
        <ele>1855.88671875</ele>
      </trkpt>
      <trkpt lat="45.806958675384521" lon="6.978828907012939">
        <ele>1847.78125</ele>
      </trkpt>
      <trkpt lat="45.806958675384521" lon="6.979022026062012">
        <ele>1844.97265625</ele>
      </trkpt>
      <trkpt lat="45.80700159072876" lon="6.979215145111084">
        <ele>1846.5703125</ele>
      </trkpt>
      <trkpt lat="45.80700159072876" lon="6.979365348815918">
        <ele>1843.1484375</ele>
      </trkpt>
      <trkpt lat="45.807023048400879" lon="6.979472637176514">
        <ele>1843.23046875</ele>
      </trkpt>
      <trkpt lat="45.807023048400879" lon="6.979730129241943">
        <ele>1837.2109375</ele>
      </trkpt>
      <trkpt lat="45.807044506072998" lon="6.97981595993042">
        <ele>1837.52734375</ele>
      </trkpt>
      <trkpt lat="45.807065963745117" lon="6.979858875274658">
        <ele>1838.80078125</ele>
      </trkpt>
      <trkpt lat="45.807044506072998" lon="6.979901790618896">
        <ele>1835.47265625</ele>
      </trkpt>
      <trkpt lat="45.807065963745117" lon="6.979966163635254">
        <ele>1836.79296875</ele>
      </trkpt>
      <trkpt lat="45.80700159072876" lon="6.980030536651611">
        <ele>1829.375</ele>
      </trkpt>
      <trkpt lat="45.80700159072876" lon="6.980159282684326">
        <ele>1827.96875</ele>
      </trkpt>
      <trkpt lat="45.807023048400879" lon="6.980245113372803">
        <ele>1829.1171875</ele>
      </trkpt>
      <trkpt lat="45.807023048400879" lon="6.98030948638916">
        <ele>1828.37890625</ele>
      </trkpt>
      <trkpt lat="45.806980133056641" lon="6.980245113372803">
        <ele>1824.94921875</ele>
      </trkpt>
      <trkpt lat="45.806958675384521" lon="6.980416774749756">
        <ele>1821.1875</ele>
      </trkpt>
      <trkpt lat="45.806980133056641" lon="6.980524063110352">
        <ele>1822.0625</ele>
      </trkpt>
      <trkpt lat="45.80700159072876" lon="6.98056697845459">
        <ele>1823.51953125</ele>
      </trkpt>
      <trkpt lat="45.807023048400879" lon="6.980631351470947">
        <ele>1824.6875</ele>
      </trkpt>
      <trkpt lat="45.807023048400879" lon="6.980845928192139">
        <ele>1820.828125</ele>
      </trkpt>
      <trkpt lat="45.807044506072998" lon="6.980931758880615">
        <ele>1820.38671875</ele>
      </trkpt>
      <trkpt lat="45.807130336761475" lon="6.981017589569092">
        <ele>1824.7578125</ele>
      </trkpt>
      <trkpt lat="45.807151794433594" lon="6.98106050491333">
        <ele>1825.171875</ele>
      </trkpt>
      <trkpt lat="45.807151794433594" lon="6.981875896453857">
        <ele>1801.5390625</ele>
      </trkpt>
      <trkpt lat="45.807087421417236" lon="6.981940269470215">
        <ele>1794.6796875</ele>
      </trkpt>
      <trkpt lat="45.807065963745117" lon="6.981983184814453">
        <ele>1791.71875</ele>
      </trkpt>
      <trkpt lat="45.807065963745117" lon="6.982047557830811">
        <ele>1789.5625</ele>
      </trkpt>
      <trkpt lat="45.807108879089355" lon="6.982347965240479">
        <ele>1782.59765625</ele>
      </trkpt>
      <trkpt lat="45.807087421417236" lon="6.982390880584717">
        <ele>1779.5390625</ele>
      </trkpt>
      <trkpt lat="45.807023048400879" lon="6.982369422912598">
        <ele>1775.8359375</ele>
      </trkpt>
      <trkpt lat="45.806915760040283" lon="6.982326507568359">
        <ele>1769.8671875</ele>
      </trkpt>
      <trkpt lat="45.806872844696045" lon="6.982283592224121">
        <ele>1768.296875</ele>
      </trkpt>
      <trkpt lat="45.806765556335449" lon="6.982154846191406">
        <ele>1764.96484375</ele>
      </trkpt>
      <trkpt lat="45.806722640991211" lon="6.982154846191406">
        <ele>1761.9609375</ele>
      </trkpt>
      <trkpt lat="45.806701183319092" lon="6.982283592224121">
        <ele>1756.421875</ele>
      </trkpt>
      <trkpt lat="45.806658267974854" lon="6.982262134552002">
        <ele>1754.12109375</ele>
      </trkpt>
      <trkpt lat="45.806550979614258" lon="6.982090473175049">
        <ele>1751.921875</ele>
      </trkpt>
      <trkpt lat="45.80650806427002" lon="6.981983184814453">
        <ele>1752.15234375</ele>
      </trkpt>
      <trkpt lat="45.806465148925781" lon="6.981918811798096">
        <ele>1751.04296875</ele>
      </trkpt>
      <trkpt lat="45.806422233581543" lon="6.981940269470215">
        <ele>1747.34375</ele>
      </trkpt>
      <trkpt lat="45.806379318237305" lon="6.982176303863525">
        <ele>1737.3203125</ele>
      </trkpt>
      <trkpt lat="45.806336402893066" lon="6.98230504989624">
        <ele>1730.55859375</ele>
      </trkpt>
      <trkpt lat="45.806336402893066" lon="6.982369422912598">
        <ele>1728.671875</ele>
      </trkpt>
      <trkpt lat="45.806379318237305" lon="6.982476711273193">
        <ele>1728.57421875</ele>
      </trkpt>
      <trkpt lat="45.806443691253662" lon="6.98256254196167">
        <ele>1730.61328125</ele>
      </trkpt>
      <trkpt lat="45.8064866065979" lon="6.982648372650146">
        <ele>1731.1796875</ele>
      </trkpt>
      <trkpt lat="45.806572437286377" lon="6.982734203338623">
        <ele>1734.68359375</ele>
      </trkpt>
      <trkpt lat="45.806636810302734" lon="6.982841491699219">
        <ele>1736.125</ele>
      </trkpt>
      <trkpt lat="45.806765556335449" lon="6.983141899108887">
        <ele>1736.640625</ele>
      </trkpt>
      <trkpt lat="45.806808471679688" lon="6.983249187469482">
        <ele>1736.625</ele>
      </trkpt>
      <trkpt lat="45.806808471679688" lon="6.983377933502197">
        <ele>1733.43359375</ele>
      </trkpt>
      <trkpt lat="45.806787014007568" lon="6.983592510223389">
        <ele>1726.6484375</ele>
      </trkpt>
      <trkpt lat="45.806765556335449" lon="6.983635425567627">
        <ele>1724.12890625</ele>
      </trkpt>
      <trkpt lat="45.806722640991211" lon="6.983592510223389">
        <ele>1722.27734375</ele>
      </trkpt>
      <trkpt lat="45.806701183319092" lon="6.983442306518555">
        <ele>1724.5234375</ele>
      </trkpt>
      <trkpt lat="45.806658267974854" lon="6.983399391174316">
        <ele>1722.65234375</ele>
      </trkpt>
      <trkpt lat="45.806615352630615" lon="6.983335018157959">
        <ele>1721.3046875</ele>
      </trkpt>
      <trkpt lat="45.806593894958496" lon="6.983420848846436">
        <ele>1717.734375</ele>
      </trkpt>
      <trkpt lat="45.806615352630615" lon="6.983592510223389">
        <ele>1714.98828125</ele>
      </trkpt>
      <trkpt lat="45.806636810302734" lon="6.983699798583984">
        <ele>1713.80859375</ele>
      </trkpt>
      <trkpt lat="45.806529521942139" lon="6.983635425567627">
        <ele>1708.109375</ele>
      </trkpt>
      <trkpt lat="45.80650806427002" lon="6.983592510223389">
        <ele>1707.69921875</ele>
      </trkpt>
      <trkpt lat="45.806465148925781" lon="6.98357105255127">
        <ele>1705.3046875</ele>
      </trkpt>
      <trkpt lat="45.806465148925781" lon="6.983699798583984">
        <ele>1702.171875</ele>
      </trkpt>
      <trkpt lat="45.8064866065979" lon="6.984107494354248">
        <ele>1693.8984375</ele>
      </trkpt>
      <trkpt lat="45.806400775909424" lon="6.984107494354248">
        <ele>1688.125</ele>
      </trkpt>
      <trkpt lat="45.806336402893066" lon="6.983978748321533">
        <ele>1686.71484375</ele>
      </trkpt>
      <trkpt lat="45.806164741516113" lon="6.983828544616699">
        <ele>1679.9375</ele>
      </trkpt>
      <trkpt lat="45.806100368499756" lon="6.983721256256104">
        <ele>1678.875</ele>
      </trkpt>
      <trkpt lat="45.806057453155518" lon="6.983699798583984">
        <ele>1676.98046875</ele>
      </trkpt>
      <trkpt lat="45.806035995483398" lon="6.983764171600342">
        <ele>1674.34375</ele>
      </trkpt>
      <trkpt lat="45.806014537811279" lon="6.983978748321533">
        <ele>1668.38671875</ele>
      </trkpt>
      <trkpt lat="45.805971622467041" lon="6.98406457901001">
        <ele>1664.203125</ele>
      </trkpt>
      <trkpt lat="45.805907249450684" lon="6.98430061340332">
        <ele>1656.72265625</ele>
      </trkpt>
      <trkpt lat="45.805907249450684" lon="6.984601020812988">
        <ele>1651.61328125</ele>
      </trkpt>
      <trkpt lat="45.805885791778564" lon="6.984708309173584">
        <ele>1648.6953125</ele>
      </trkpt>
      <trkpt lat="45.805842876434326" lon="6.984708309173584">
        <ele>1646.5078125</ele>
      </trkpt>
      <trkpt lat="45.805821418762207" lon="6.984643936157227">
        <ele>1646.4921875</ele>
      </trkpt>
      <trkpt lat="45.805778503417969" lon="6.984622478485107">
        <ele>1644.65234375</ele>
      </trkpt>
      <trkpt lat="45.80573558807373" lon="6.984643936157227">
        <ele>1642.09765625</ele>
      </trkpt>
      <trkpt lat="45.805692672729492" lon="6.984643936157227">
        <ele>1639.8984375</ele>
      </trkpt>
      <trkpt lat="45.805585384368896" lon="6.98455810546875">
        <ele>1635.78515625</ele>
      </trkpt>
      <trkpt lat="45.805521011352539" lon="6.984472274780273">
        <ele>1633.8359375</ele>
      </trkpt>
      <trkpt lat="45.805284976959229" lon="6.983892917633057">
        <ele>1629.2734375</ele>
      </trkpt>
      <trkpt lat="45.805220603942871" lon="6.983721256256104">
        <ele>1627.9296875</ele>
      </trkpt>
      <trkpt lat="45.805220603942871" lon="6.983656883239746">
        <ele>1628.9921875</ele>
      </trkpt>
      <trkpt lat="45.805177688598633" lon="6.983613967895508">
        <ele>1626.828125</ele>
      </trkpt>
      <trkpt lat="45.805134773254395" lon="6.983656883239746">
        <ele>1623.26953125</ele>
      </trkpt>
      <trkpt lat="45.805113315582275" lon="6.983721256256104">
        <ele>1620.82421875</ele>
      </trkpt>
      <trkpt lat="45.805134773254395" lon="6.98380708694458">
        <ele>1620.87890625</ele>
      </trkpt>
      <trkpt lat="45.805113315582275" lon="6.983935832977295">
        <ele>1617.44140625</ele>
      </trkpt>
      <trkpt lat="45.805091857910156" lon="6.984000205993652">
        <ele>1615.046875</ele>
      </trkpt>
      <trkpt lat="45.804963111877441" lon="6.984193325042725">
        <ele>1604.0703125</ele>
      </trkpt>
      <trkpt lat="45.804920196533203" lon="6.984429359436035">
        <ele>1598.19140625</ele>
      </trkpt>
      <trkpt lat="45.804855823516846" lon="6.984686851501465">
        <ele>1590.80859375</ele>
      </trkpt>
      <trkpt lat="45.804834365844727" lon="6.984879970550537">
        <ele>1586.9765625</ele>
      </trkpt>
      <trkpt lat="45.804769992828369" lon="6.984987258911133">
        <ele>1581.515625</ele>
      </trkpt>
      <trkpt lat="45.804769992828369" lon="6.985116004943848">
        <ele>1579.50390625</ele>
      </trkpt>
      <trkpt lat="45.804812908172607" lon="6.98530912399292">
        <ele>1579.06640625</ele>
      </trkpt>
      <trkpt lat="45.804791450500488" lon="6.985373497009277">
        <ele>1576.7734375</ele>
      </trkpt>
      <trkpt lat="45.804769992828369" lon="6.985523700714111">
        <ele>1573.140625</ele>
      </trkpt>
      <trkpt lat="45.804791450500488" lon="6.985630989074707">
        <ele>1572.75390625</ele>
      </trkpt>
      <trkpt lat="45.804812908172607" lon="6.985716819763184">
        <ele>1572.703125</ele>
      </trkpt>
      <trkpt lat="45.804855823516846" lon="6.98580265045166">
        <ele>1574.1328125</ele>
      </trkpt>
      <trkpt lat="45.804855823516846" lon="6.985995769500732">
        <ele>1571.73828125</ele>
      </trkpt>
      <trkpt lat="45.804877281188965" lon="6.98606014251709">
        <ele>1572.21875</ele>
      </trkpt>
      <trkpt lat="45.804877281188965" lon="6.9862961769104">
        <ele>1569.2890625</ele>
      </trkpt>
      <trkpt lat="45.804812908172607" lon="6.986382007598877">
        <ele>1564.41796875</ele>
      </trkpt>
      <trkpt lat="45.804791450500488" lon="6.986446380615234">
        <ele>1562.35546875</ele>
      </trkpt>
      <trkpt lat="45.804812908172607" lon="6.986510753631592">
        <ele>1562.828125</ele>
      </trkpt>
      <trkpt lat="45.804769992828369" lon="6.98655366897583">
        <ele>1559.7734375</ele>
      </trkpt>
      <trkpt lat="45.804705619812012" lon="6.98655366897583">
        <ele>1555.984375</ele>
      </trkpt>
      <trkpt lat="45.804662704467773" lon="6.986489295959473">
        <ele>1554.23828125</ele>
      </trkpt>
      <trkpt lat="45.804555416107178" lon="6.98631763458252">
        <ele>1550.0546875</ele>
      </trkpt>
      <trkpt lat="45.804512500762939" lon="6.986274719238281">
        <ele>1548.1171875</ele>
      </trkpt>
      <trkpt lat="45.804469585418701" lon="6.986274719238281">
        <ele>1545.671875</ele>
      </trkpt>
      <trkpt lat="45.804448127746582" lon="6.986339092254639">
        <ele>1543.7265625</ele>
      </trkpt>
      <trkpt lat="45.804448127746582" lon="6.986446380615234">
        <ele>1542.52734375</ele>
      </trkpt>
      <trkpt lat="45.804426670074463" lon="6.986489295959473">
        <ele>1540.8515625</ele>
      </trkpt>
      <trkpt lat="45.804383754730225" lon="6.986489295959473">
        <ele>1538.4609375</ele>
      </trkpt>
      <trkpt lat="45.804340839385986" lon="6.986446380615234">
        <ele>1536.5234375</ele>
      </trkpt>
      <trkpt lat="45.804297924041748" lon="6.986360549926758">
        <ele>1535.00390625</ele>
      </trkpt>
      <trkpt lat="45.804190635681152" lon="6.986231803894043">
        <ele>1530.1953125</ele>
      </trkpt>
      <trkpt lat="45.804126262664795" lon="6.986210346221924">
        <ele>1526.7109375</ele>
      </trkpt>
      <trkpt lat="45.804083347320557" lon="6.986231803894043">
        <ele>1524.0546875</ele>
      </trkpt>
      <trkpt lat="45.804040431976318" lon="6.9862961769104">
        <ele>1521.03125</ele>
      </trkpt>
      <trkpt lat="45.80399751663208" lon="6.98631763458252">
        <ele>1518.40625</ele>
      </trkpt>
      <trkpt lat="45.803976058959961" lon="6.98606014251709">
        <ele>1519.3671875</ele>
      </trkpt>
      <trkpt lat="45.803911685943604" lon="6.986017227172852">
        <ele>1515.96484375</ele>
      </trkpt>
      <trkpt lat="45.803890228271484" lon="6.98606014251709">
        <ele>1514.37109375</ele>
      </trkpt>
      <trkpt lat="45.803847312927246" lon="6.986274719238281">
        <ele>1510.21875</ele>
      </trkpt>
      <trkpt lat="45.803804397583008" lon="6.9862961769104">
        <ele>1507.61328125</ele>
      </trkpt>
      <trkpt lat="45.80374002456665" lon="6.986274719238281">
        <ele>1504.22265625</ele>
      </trkpt>
      <trkpt lat="45.803718566894531" lon="6.986167430877686">
        <ele>1503.8515625</ele>
      </trkpt>
      <trkpt lat="45.803697109222412" lon="6.986103057861328">
        <ele>1503.14453125</ele>
      </trkpt>
      <trkpt lat="45.803654193878174" lon="6.98606014251709">
        <ele>1501.12109375</ele>
      </trkpt>
      <trkpt lat="45.803589820861816" lon="6.986103057861328">
        <ele>1497.4609375</ele>
      </trkpt>
      <trkpt lat="45.803525447845459" lon="6.986167430877686">
        <ele>1493.78125</ele>
      </trkpt>
      <trkpt lat="45.803461074829102" lon="6.986253261566162">
        <ele>1490.13671875</ele>
      </trkpt>
      <trkpt lat="45.803396701812744" lon="6.986403465270996">
        <ele>1486.4765625</ele>
      </trkpt>
      <trkpt lat="45.803332328796387" lon="6.986489295959473">
        <ele>1483.17578125</ele>
      </trkpt>
      <trkpt lat="45.803289413452148" lon="6.98655366897583">
        <ele>1481.046875</ele>
      </trkpt>
      <trkpt lat="45.803225040435791" lon="6.986575126647949">
        <ele>1478.00390625</ele>
      </trkpt>
      <trkpt lat="45.803203582763672" lon="6.986639499664307">
        <ele>1477.3046875</ele>
      </trkpt>
      <trkpt lat="45.803160667419434" lon="6.986682415008545">
        <ele>1475.51953125</ele>
      </trkpt>
      <trkpt lat="45.803139209747314" lon="6.986789703369141">
        <ele>1475.0703125</ele>
      </trkpt>
      <trkpt lat="45.803096294403076" lon="6.986832618713379">
        <ele>1473.32421875</ele>
      </trkpt>
      <trkpt lat="45.803031921386719" lon="6.986660957336426">
        <ele>1469.4296875</ele>
      </trkpt>
      <trkpt lat="45.80298900604248" lon="6.986424922943115">
        <ele>1466.53125</ele>
      </trkpt>
      <trkpt lat="45.8030104637146" lon="6.986188888549805">
        <ele>1466.984375</ele>
      </trkpt>
      <trkpt lat="45.80324649810791" lon="6.985716819763184">
        <ele>1479.5546875</ele>
      </trkpt>
      <trkpt lat="45.803289413452148" lon="6.985588073730469">
        <ele>1482.4609375</ele>
      </trkpt>
      <trkpt lat="45.803267955780029" lon="6.985437870025635">
        <ele>1481.6796875</ele>
      </trkpt>
      <trkpt lat="45.803182125091553" lon="6.985223293304443">
        <ele>1477.15625</ele>
      </trkpt>
      <trkpt lat="45.80298900604248" lon="6.985116004943848">
        <ele>1465.6171875</ele>
      </trkpt>
      <trkpt lat="45.802881717681885" lon="6.985073089599609">
        <ele>1459.6328125</ele>
      </trkpt>
      <trkpt lat="45.802774429321289" lon="6.985008716583252">
        <ele>1454.29296875</ele>
      </trkpt>
      <trkpt lat="45.802731513977051" lon="6.984879970550537">
        <ele>1452.28125</ele>
      </trkpt>
      <trkpt lat="45.802710056304932" lon="6.984772682189941">
        <ele>1452.24609375</ele>
      </trkpt>
      <trkpt lat="45.802731513977051" lon="6.98455810546875">
        <ele>1455.62890625</ele>
      </trkpt>
      <trkpt lat="45.802731513977051" lon="6.984429359436035">
        <ele>1456.96875</ele>
      </trkpt>
      <trkpt lat="45.802688598632812" lon="6.984257698059082">
        <ele>1456.13671875</ele>
      </trkpt>
      <trkpt lat="45.802602767944336" lon="6.984107494354248">
        <ele>1452.1796875</ele>
      </trkpt>
      <trkpt lat="45.802516937255859" lon="6.984000205993652">
        <ele>1446.7890625</ele>
      </trkpt>
      <trkpt lat="45.802474021911621" lon="6.983914375305176">
        <ele>1443.77734375</ele>
      </trkpt>
      <trkpt lat="45.802474021911621" lon="6.983742713928223">
        <ele>1443.296875</ele>
      </trkpt>
      <trkpt lat="45.802431106567383" lon="6.983528137207031">
        <ele>1439.69140625</ele>
      </trkpt>
      <trkpt lat="45.802452564239502" lon="6.983292102813721">
        <ele>1440.46875</ele>
      </trkpt>
      <trkpt lat="45.802474021911621" lon="6.983141899108887">
        <ele>1440.65625</ele>
      </trkpt>
      <trkpt lat="45.802474021911621" lon="6.983034610748291">
        <ele>1439.37109375</ele>
      </trkpt>
      <trkpt lat="45.802452564239502" lon="6.982970237731934">
        <ele>1437.0234375</ele>
      </trkpt>
      <trkpt lat="45.802388191223145" lon="6.982970237731934">
        <ele>1432.30859375</ele>
      </trkpt>
      <trkpt lat="45.802345275878906" lon="6.983034610748291">
        <ele>1429.94140625</ele>
      </trkpt>
      <trkpt lat="45.802290039137006" lon="6.983158914372325">
        <ele>1427.38671875</ele>
      </trkpt>
      <trkpt lat="45.80225944519043" lon="6.983227729797363">
        <ele>1425.97265625</ele>
      </trkpt>
      <trkpt lat="45.802216529846191" lon="6.98331356048584">
        <ele>1423.43359375</ele>
      </trkpt>
      <trkpt lat="45.802152156829834" lon="6.983592510223389">
        <ele>1420.58984375</ele>
      </trkpt>
      <trkpt lat="45.802066326141357" lon="6.984043121337891">
        <ele>1418.4921875</ele>
      </trkpt>
      <trkpt lat="45.801959037780762" lon="6.984343528747559">
        <ele>1414.48046875</ele>
      </trkpt>
      <trkpt lat="45.801916122436523" lon="6.98430061340332">
        <ele>1412.63671875</ele>
      </trkpt>
      <trkpt lat="45.801894664764404" lon="6.984236240386963">
        <ele>1411.46484375</ele>
      </trkpt>
      <trkpt lat="45.801873207092285" lon="6.984128952026367">
        <ele>1409.98046875</ele>
      </trkpt>
      <trkpt lat="45.801851749420166" lon="6.984086036682129">
        <ele>1408.74609375</ele>
      </trkpt>
      <trkpt lat="45.801808834075928" lon="6.98406457901001">
        <ele>1406.58984375</ele>
      </trkpt>
      <trkpt lat="45.801723003387451" lon="6.98406457901001">
        <ele>1402.5703125</ele>
      </trkpt>
      <trkpt lat="45.801594257354736" lon="6.98406457901001">
        <ele>1396.54296875</ele>
      </trkpt>
      <trkpt lat="45.80150842666626" lon="6.984150409698486">
        <ele>1393.8125</ele>
      </trkpt>
      <trkpt lat="45.801486968994141" lon="6.984193325042725">
        <ele>1393.59375</ele>
      </trkpt>
      <trkpt lat="45.801486968994141" lon="6.984515190124512">
        <ele>1399.11328125</ele>
      </trkpt>
      <trkpt lat="45.801465511322021" lon="6.98455810546875">
        <ele>1399.15625</ele>
      </trkpt>
      <trkpt lat="45.801401138305664" lon="6.984622478485107">
        <ele>1398.34765625</ele>
      </trkpt>
      <trkpt lat="45.801336765289307" lon="6.984686851501465">
        <ele>1397.79296875</ele>
      </trkpt>
      <trkpt lat="45.801208019256592" lon="6.984579563140869">
        <ele>1394.4140625</ele>
      </trkpt>
      <trkpt lat="45.801057815551758" lon="6.984322071075439">
        <ele>1391.19140625</ele>
      </trkpt>
      <trkpt lat="45.801036357879639" lon="6.984236240386963">
        <ele>1389.23046875</ele>
      </trkpt>
      <trkpt lat="45.800929069519043" lon="6.983721256256104">
        <ele>1382.63671875</ele>
      </trkpt>
      <trkpt lat="45.800843238830566" lon="6.98331356048584">
        <ele>1378.828125</ele>
      </trkpt>
      <trkpt lat="45.800800323486328" lon="6.982927322387695">
        <ele>1376.0625</ele>
      </trkpt>
      <trkpt lat="45.800800323486328" lon="6.982734203338623">
        <ele>1374.6953125</ele>
      </trkpt>
      <trkpt lat="45.801057815551758" lon="6.98206901550293">
        <ele>1367.671875</ele>
      </trkpt>
      <trkpt lat="45.801079273223877" lon="6.981983184814453">
        <ele>1366.87109375</ele>
      </trkpt>
      <trkpt lat="45.801100730895996" lon="6.981747150421143">
        <ele>1365.046875</ele>
      </trkpt>
      <trkpt lat="45.800971984863281" lon="6.981232166290283">
        <ele>1363.6171875</ele>
      </trkpt>
      <trkpt lat="45.800950527191162" lon="6.981103420257568">
        <ele>1363.08984375</ele>
      </trkpt>
      <trkpt lat="45.800950527191162" lon="6.980717182159424">
        <ele>1361.0078125</ele>
      </trkpt>
      <trkpt lat="45.800907611846924" lon="6.980609893798828">
        <ele>1360.66796875</ele>
      </trkpt>
      <trkpt lat="45.800821781158447" lon="6.980481147766113">
        <ele>1360.05078125</ele>
      </trkpt>
      <trkpt lat="45.800671577453613" lon="6.980373859405518">
        <ele>1359.0859375</ele>
      </trkpt>
      <trkpt lat="45.800564289093018" lon="6.980266571044922">
        <ele>1357.78515625</ele>
      </trkpt>
      <trkpt lat="45.800478458404541" lon="6.980116367340088">
        <ele>1355.7578125</ele>
      </trkpt>
      <trkpt lat="45.800178050994873" lon="6.979773044586182">
        <ele>1350.47265625</ele>
      </trkpt>
      <trkpt lat="45.800092220306396" lon="6.979644298553467">
        <ele>1348.23828125</ele>
      </trkpt>
      <trkpt lat="45.80000638961792" lon="6.979494094848633">
        <ele>1345.4140625</ele>
      </trkpt>
      <trkpt lat="45.799877643585205" lon="6.979279518127441">
        <ele>1340.80078125</ele>
      </trkpt>
      <trkpt lat="45.799620151519775" lon="6.978850364685059">
        <ele>1332.63671875</ele>
      </trkpt>
      <trkpt lat="45.799555778503418" lon="6.978785991668701">
        <ele>1331.3125</ele>
      </trkpt>
      <trkpt lat="45.799469947814941" lon="6.978721618652344">
        <ele>1329.61328125</ele>
      </trkpt>
      <trkpt lat="45.799427032470703" lon="6.978635787963867">
        <ele>1328.375</ele>
      </trkpt>
      <trkpt lat="45.799341201782227" lon="6.978421211242676">
        <ele>1325.59375</ele>
      </trkpt>
      <trkpt lat="45.799298286437988" lon="6.978335380554199">
        <ele>1324.359375</ele>
      </trkpt>
      <trkpt lat="45.799233913421631" lon="6.978228092193604">
        <ele>1322.59375</ele>
      </trkpt>
      <trkpt lat="45.79899787902832" lon="6.977906227111816">
        <ele>1316</ele>
      </trkpt>
      <trkpt lat="45.798912048339844" lon="6.97782039642334">
        <ele>1313.9609375</ele>
      </trkpt>
      <trkpt lat="45.798354148864746" lon="6.977176666259766">
        <ele>1300.11328125</ele>
      </trkpt>
      <trkpt lat="45.798182487487793" lon="6.977005004882812">
        <ele>1296.39453125</ele>
      </trkpt>
      <trkpt lat="45.797946453094482" lon="6.976618766784668">
        <ele>1290.47265625</ele>
      </trkpt>
      <trkpt lat="45.797882080078125" lon="6.976490020751953">
        <ele>1289.1015625</ele>
      </trkpt>
      <trkpt lat="45.797839164733887" lon="6.976404190063477">
        <ele>1288.26171875</ele>
      </trkpt>
      <trkpt lat="45.79775333404541" lon="6.976232528686523">
        <ele>1286.546875</ele>
      </trkpt>
      <trkpt lat="45.797667503356934" lon="6.976103782653809">
        <ele>1285.11328125</ele>
      </trkpt>
      <trkpt lat="45.797410011291504" lon="6.97582483291626">
        <ele>1281.48046875</ele>
      </trkpt>
      <trkpt lat="45.797109603881836" lon="6.975631713867188">
        <ele>1278.23046875</ele>
      </trkpt>
      <trkpt lat="45.796723365783691" lon="6.975417137145996">
        <ele>1275.08203125</ele>
      </trkpt>
      <trkpt lat="45.796401500701904" lon="6.975245475769043">
        <ele>1272.359375</ele>
      </trkpt>
      <trkpt lat="45.796165466308594" lon="6.97507381439209">
        <ele>1270.5390625</ele>
      </trkpt>
      <trkpt lat="45.795993804931641" lon="6.974945068359375">
        <ele>1269.34765625</ele>
      </trkpt>
      <trkpt lat="45.795650482177734" lon="6.974794864654541">
        <ele>1267.8671875</ele>
      </trkpt>
      <trkpt lat="45.795328617095947" lon="6.974623203277588">
        <ele>1266.6328125</ele>
      </trkpt>
      <trkpt lat="45.795199871063232" lon="6.974537372589111">
        <ele>1265.953125</ele>
      </trkpt>
      <trkpt lat="45.795092582702637" lon="6.974430084228516">
        <ele>1264.41796875</ele>
      </trkpt>
      <trkpt lat="45.794813632965088" lon="6.974236965179443">
        <ele>1260.0625</ele>
      </trkpt>
      <trkpt lat="45.794620513916016" lon="6.974151134490967">
        <ele>1256.984375</ele>
      </trkpt>
      <trkpt lat="45.79451322555542" lon="6.974129676818848">
        <ele>1255.9375</ele>
      </trkpt>
      <trkpt lat="45.794341564178467" lon="6.97406530380249">
        <ele>1253.55859375</ele>
      </trkpt>
      <trkpt lat="45.794298648834229" lon="6.974022388458252">
        <ele>1252.87109375</ele>
      </trkpt>
      <trkpt lat="45.794105529785156" lon="6.973958015441895">
        <ele>1251.18359375</ele>
      </trkpt>
      <trkpt lat="45.793805122375488" lon="6.973743438720703">
        <ele>1247.12109375</ele>
      </trkpt>
      <trkpt lat="45.793569087982178" lon="6.97357177734375">
        <ele>1245.1015625</ele>
      </trkpt>
      <trkpt lat="45.79326868057251" lon="6.973357200622559">
        <ele>1241.6875</ele>
      </trkpt>
      <trkpt lat="45.793118476867676" lon="6.973249912261963">
        <ele>1239.43359375</ele>
      </trkpt>
      <trkpt lat="45.792474746704102" lon="6.972734928131104">
        <ele>1232.12109375</ele>
      </trkpt>
      <trkpt lat="45.792367458343506" lon="6.972670555114746">
        <ele>1231.08203125</ele>
      </trkpt>
      <trkpt lat="45.7920241355896" lon="6.972649097442627">
        <ele>1230.20703125</ele>
      </trkpt>
      <trkpt lat="45.791873931884766" lon="6.972692012786865">
        <ele>1230.58203125</ele>
      </trkpt>
      <trkpt lat="45.791809558868408" lon="6.972713470458984">
        <ele>1230.78125</ele>
      </trkpt>
      <trkpt lat="45.791745185852051" lon="6.972692012786865">
        <ele>1230.37890625</ele>
      </trkpt>
      <trkpt lat="45.791680812835693" lon="6.972627639770508">
        <ele>1229.38671875</ele>
      </trkpt>
      <trkpt lat="45.791659355163574" lon="6.97256326675415">
        <ele>1228.46875</ele>
      </trkpt>
      <trkpt lat="45.791723728179932" lon="6.972520351409912">
        <ele>1227.9609375</ele>
      </trkpt>
      <trkpt lat="45.791723728179932" lon="6.972477436065674">
        <ele>1227.3671875</ele>
      </trkpt>
      <trkpt lat="45.791938304901123" lon="6.972391605377197">
        <ele>1226.5546875</ele>
      </trkpt>
      <trkpt lat="45.792152881622314" lon="6.97232723236084">
        <ele>1226.25390625</ele>
      </trkpt>
      <trkpt lat="45.792238712310791" lon="6.972305774688721">
        <ele>1226.25390625</ele>
      </trkpt>
      <trkpt lat="45.792263019829988" lon="6.972278114408255">
        <ele>1226.046875</ele>
      </trkpt>
      <trkpt lat="45.792560577392578" lon="6.971940994262695">
        <ele>1223.5234375</ele>
      </trkpt>
      <trkpt lat="45.792667865753174" lon="6.971769332885742">
        <ele>1222.12890625</ele>
      </trkpt>
      <trkpt lat="45.792646408081055" lon="6.971726417541504">
        <ele>1221.66796875</ele>
      </trkpt>
      <trkpt lat="45.792496204376221" lon="6.971640586853027">
        <ele>1220.48046875</ele>
      </trkpt>
      <trkpt lat="45.792431831359863" lon="6.971619129180908">
        <ele>1220.12109375</ele>
      </trkpt>
      <trkpt lat="45.792324542999268" lon="6.971597671508789">
        <ele>1219.65625</ele>
      </trkpt>
      <trkpt lat="45.792254386469722" lon="6.971585936844349">
        <ele>1219.375</ele>
      </trkpt>
      <trkpt lat="45.792195796966553" lon="6.97157621383667">
        <ele>1219.1640625</ele>
      </trkpt>
      <trkpt lat="45.791959762573242" lon="6.971554756164551">
        <ele>1218.7734375</ele>
      </trkpt>
      <trkpt lat="45.791895389556885" lon="6.97157621383667">
        <ele>1218.9296875</ele>
      </trkpt>
      <trkpt lat="45.791852474212646" lon="6.97157621383667">
        <ele>1218.9296875</ele>
      </trkpt>
      <trkpt lat="45.791444778442383" lon="6.971704959869385">
        <ele>1220.03515625</ele>
      </trkpt>
      <trkpt lat="45.791401863098145" lon="6.971726417541504">
        <ele>1220.2109375</ele>
      </trkpt>
      <trkpt lat="45.790951251983643" lon="6.971876621246338">
        <ele>1220.3125</ele>
      </trkpt>
      <trkpt lat="45.790865421295166" lon="6.971855163574219">
        <ele>1219.8203125</ele>
      </trkpt>
      <trkpt lat="45.790822505950928" lon="6.9718337059021">
        <ele>1219.484375</ele>
      </trkpt>
      <trkpt lat="45.790779590606689" lon="6.971726417541504">
        <ele>1218.4296875</ele>
      </trkpt>
      <trkpt lat="45.790779590606689" lon="6.971673276275396">
        <ele>1217.984375</ele>
      </trkpt>
      <trkpt lat="45.790779590606689" lon="6.971511840820312">
        <ele>1216.625</ele>
      </trkpt>
      <trkpt lat="45.790822505950928" lon="6.971383094787598">
        <ele>1215.69921875</ele>
      </trkpt>
      <trkpt lat="45.790865421295166" lon="6.971189975738525">
        <ele>1214.23046875</ele>
      </trkpt>
      <trkpt lat="45.790865421295166" lon="6.971147060394287">
        <ele>1213.87109375</ele>
      </trkpt>
      <trkpt lat="45.790822505950928" lon="6.970953941345215">
        <ele>1212.08984375</ele>
      </trkpt>
      <trkpt lat="45.790779590606689" lon="6.970911026000977">
        <ele>1211.578125</ele>
      </trkpt>
      <trkpt lat="45.790736675262451" lon="6.9708251953125">
        <ele>1210.69921875</ele>
      </trkpt>
      <trkpt lat="45.790736675262451" lon="6.970717906951904">
        <ele>1209.7578125</ele>
      </trkpt>
      <trkpt lat="45.790779590606689" lon="6.970610618591309">
        <ele>1208.87890625</ele>
      </trkpt>
      <trkpt lat="45.790822505950928" lon="6.97056770324707">
        <ele>1208.625</ele>
      </trkpt>
      <trkpt lat="45.790908336639404" lon="6.97056770324707">
        <ele>1208.93359375</ele>
      </trkpt>
      <trkpt lat="45.790908336639404" lon="6.970396041870117">
        <ele>1207.28515625</ele>
      </trkpt>
      <trkpt lat="45.790908336639404" lon="6.970206275582314">
        <ele>1205.4609375</ele>
      </trkpt>
      <trkpt lat="45.790908336639404" lon="6.970396041870117">
        <ele>1207.28515625</ele>
      </trkpt>
      <trkpt lat="45.790929794311523" lon="6.970181465148926">
        <ele>1205.30078125</ele>
      </trkpt>
      <trkpt lat="45.790972709655762" lon="6.970052719116211">
        <ele>1204.21875</ele>
      </trkpt>
      <trkpt lat="45.790994167327881" lon="6.970009803771973">
        <ele>1203.8828125</ele>
      </trkpt>
      <trkpt lat="45.791037082672119" lon="6.969945430755615">
        <ele>1203.41796875</ele>
      </trkpt>
      <trkpt lat="45.791101455688477" lon="6.969881057739258">
        <ele>1202.94921875</ele>
      </trkpt>
      <trkpt lat="45.791165828704834" lon="6.96983814239502">
        <ele>1202.70703125</ele>
      </trkpt>
      <trkpt lat="45.79127311706543" lon="6.969795227050781">
        <ele>1202.671875</ele>
      </trkpt>
      <trkpt lat="45.791294574737549" lon="6.969752311706543">
        <ele>1202.26953125</ele>
      </trkpt>
      <trkpt lat="45.791380405426025" lon="6.969709396362305">
        <ele>1202.06640625</ele>
      </trkpt>
      <trkpt lat="45.791380405426025" lon="6.969666481018066">
        <ele>1201.6171875</ele>
      </trkpt>
      <trkpt lat="45.791444778442383" lon="6.969430446624756">
        <ele>1199.390625</ele>
      </trkpt>
      <trkpt lat="45.791444778442383" lon="6.969387531280518">
        <ele>1198.94921875</ele>
      </trkpt>
      <trkpt lat="45.791401863098145" lon="6.969344615936279">
        <ele>1198.33203125</ele>
      </trkpt>
      <trkpt lat="45.791444778442383" lon="6.969237327575684">
        <ele>1197.40234375</ele>
      </trkpt>
      <trkpt lat="45.791487693786621" lon="6.969194412231445">
        <ele>1197.15234375</ele>
      </trkpt>
      <trkpt lat="45.791548965498805" lon="6.969153508543968">
        <ele>1197.01953125</ele>
      </trkpt>
      <trkpt lat="45.791895389556885" lon="6.968958377838135">
        <ele>1195.5078125</ele>
      </trkpt>
      <trkpt lat="45.791981220245361" lon="6.968894004821777">
        <ele>1194.69140625</ele>
      </trkpt>
      <trkpt lat="45.792303085327148" lon="6.968464851379395">
        <ele>1189</ele>
      </trkpt>
      <trkpt lat="45.792646408081055" lon="6.968035697937012">
        <ele>1185.08984375</ele>
      </trkpt>
      <trkpt lat="45.792689323425293" lon="6.967928409576416">
        <ele>1183.47265625</ele>
      </trkpt>
      <trkpt lat="45.792732238769531" lon="6.967864036560059">
        <ele>1182.53125</ele>
      </trkpt>
      <trkpt lat="45.79275369644165" lon="6.967778205871582">
        <ele>1181.0078125</ele>
      </trkpt>
      <trkpt lat="45.79275369644165" lon="6.967628002166748">
        <ele>1178.1484375</ele>
      </trkpt>
      <trkpt lat="45.792732238769531" lon="6.967542171478271">
        <ele>1176.5</ele>
      </trkpt>
      <trkpt lat="45.792667865753174" lon="6.967177391052246">
        <ele>1175.984375</ele>
      </trkpt>
      <trkpt lat="45.792582035064697" lon="6.967005729675293">
        <ele>1177.20703125</ele>
      </trkpt>
      <trkpt lat="45.792346000671387" lon="6.966662406921387">
        <ele>1179.53125</ele>
      </trkpt>
      <trkpt lat="45.792303085327148" lon="6.966490745544434">
        <ele>1181.05859375</ele>
      </trkpt>
      <trkpt lat="45.792238712310791" lon="6.966447830200195">
        <ele>1181.578125</ele>
      </trkpt>
      <trkpt lat="45.792152881622314" lon="6.966297626495361">
        <ele>1183.40625</ele>
      </trkpt>
      <trkpt lat="45.7920241355896" lon="6.966040134429932">
        <ele>1187.03515625</ele>
      </trkpt>
      <trkpt lat="45.791745185852051" lon="6.965610980987549">
        <ele>1194.015625</ele>
      </trkpt>
      <trkpt lat="45.791680812835693" lon="6.965482234954834">
        <ele>1195.80859375</ele>
      </trkpt>
      <trkpt lat="45.791723728179932" lon="6.965460777282715">
        <ele>1195.69921875</ele>
      </trkpt>
      <trkpt lat="45.791702270507812" lon="6.965396404266357">
        <ele>1196.51953125</ele>
      </trkpt>
      <trkpt lat="45.791337490081787" lon="6.965696811676025">
        <ele>1196.12109375</ele>
      </trkpt>
      <trkpt lat="45.791230201721191" lon="6.965761184692383">
        <ele>1196.1328125</ele>
      </trkpt>
      <trkpt lat="45.791165828704834" lon="6.965782642364502">
        <ele>1196.1796875</ele>
      </trkpt>
      <trkpt lat="45.790779590606689" lon="6.96582555770874">
        <ele>1197.78515625</ele>
      </trkpt>
      <trkpt lat="45.790672302246094" lon="6.96582555770874">
        <ele>1198.41796875</ele>
      </trkpt>
      <trkpt lat="45.790436267852783" lon="6.965739727020264">
        <ele>1201.12109375</ele>
      </trkpt>
      <trkpt lat="45.790393352508545" lon="6.965718269348145">
        <ele>1201.3671875</ele>
      </trkpt>
      <trkpt lat="45.79026460647583" lon="6.965696811676025">
        <ele>1201.71484375</ele>
      </trkpt>
      <trkpt lat="45.790114402770996" lon="6.965632438659668">
        <ele>1202.4765625</ele>
      </trkpt>
      <trkpt lat="45.789921283721924" lon="6.965525150299072">
        <ele>1203.72265625</ele>
      </trkpt>
      <trkpt lat="45.789813995361328" lon="6.965482234954834">
        <ele>1204.2890625</ele>
      </trkpt>
      <trkpt lat="45.789728164672852" lon="6.965460777282715">
        <ele>1204.62890625</ele>
      </trkpt>
      <trkpt lat="45.789620876312256" lon="6.965439319610596">
        <ele>1205.0078125</ele>
      </trkpt>
      <trkpt lat="45.78925609588623" lon="6.965482234954834">
        <ele>1205.04296875</ele>
      </trkpt>
      <trkpt lat="45.789170265197754" lon="6.965482234954834">
        <ele>1205.14453125</ele>
      </trkpt>
      <trkpt lat="45.788998603820801" lon="6.965439319610596">
        <ele>1205.76171875</ele>
      </trkpt>
      <trkpt lat="45.788784027099609" lon="6.965224742889404">
        <ele>1208.08203125</ele>
      </trkpt>
      <trkpt lat="45.788975218310952" lon="6.965124495327473">
        <ele>1208.81640625</ele>
      </trkpt>
      <trkpt lat="45.789234638214111" lon="6.964988708496094">
        <ele>1209.80859375</ele>
      </trkpt>
      <trkpt lat="45.789878368377686" lon="6.964645385742188">
        <ele>1211.66796875</ele>
      </trkpt>
      <trkpt lat="45.790200233459473" lon="6.964409351348877">
        <ele>1212.87890625</ele>
      </trkpt>
      <trkpt lat="45.790157318115234" lon="6.964409351348877">
        <ele>1212.98046875</ele>
      </trkpt>
      <trkpt lat="45.790052292868495" lon="6.964367274194956">
        <ele>1213.5859375</ele>
      </trkpt>
      <trkpt lat="45.789921283721924" lon="6.964259147644043">
        <ele>1214.80859375</ele>
      </trkpt>
      <trkpt lat="45.789835453033447" lon="6.96408748626709">
        <ele>1216.45703125</ele>
      </trkpt>
      <trkpt lat="45.789685249328613" lon="6.963722705841064">
        <ele>1219.83984375</ele>
      </trkpt>
      <trkpt lat="45.789599418640137" lon="6.963465213775635">
        <ele>1222.25390625</ele>
      </trkpt>
      <trkpt lat="45.789556503295898" lon="6.96333646774292">
        <ele>1223.38671875</ele>
      </trkpt>
      <trkpt lat="45.789470672607422" lon="6.962993144989014">
        <ele>1226.42578125</ele>
      </trkpt>
      <trkpt lat="45.789384841918945" lon="6.962950229644775">
        <ele>1226.9375</ele>
      </trkpt>
      <trkpt lat="45.789148807525635" lon="6.962563991546631">
        <ele>1230.8203125</ele>
      </trkpt>
      <trkpt lat="45.788977146148682" lon="6.962113380432129">
        <ele>1235.30078125</ele>
      </trkpt>
      <trkpt lat="45.788891315460205" lon="6.961748600006104">
        <ele>1238.625</ele>
      </trkpt>
      <trkpt lat="45.788848400115967" lon="6.961619853973389">
        <ele>1239.7578125</ele>
      </trkpt>
      <trkpt lat="45.788826942443848" lon="6.961405277252197">
        <ele>1241.56640625</ele>
      </trkpt>
      <trkpt lat="45.788612365722656" lon="6.960632801055908">
        <ele>1249.12890625</ele>
      </trkpt>
      <trkpt lat="45.788612365722656" lon="6.960546970367432">
        <ele>1250.19921875</ele>
      </trkpt>
      <trkpt lat="45.788676738739014" lon="6.960353851318359">
        <ele>1252.296875</ele>
      </trkpt>
      <trkpt lat="45.788698196411133" lon="6.960160732269287">
        <ele>1254.5546875</ele>
      </trkpt>
      <trkpt lat="45.788698196411133" lon="6.960074901580811">
        <ele>1255.6015625</ele>
      </trkpt>
      <trkpt lat="45.788698196411133" lon="6.959860324859619">
        <ele>1258.5703125</ele>
      </trkpt>
      <trkpt lat="45.788676738739014" lon="6.959559917449951">
        <ele>1263.90234375</ele>
      </trkpt>
      <trkpt lat="45.788741111755371" lon="6.959302425384521">
        <ele>1268.2734375</ele>
      </trkpt>
      <trkpt lat="45.788719654083252" lon="6.95908784866333">
        <ele>1272.17578125</ele>
      </trkpt>
      <trkpt lat="45.788784027099609" lon="6.958916187286377">
        <ele>1278.16015625</ele>
      </trkpt>
      <trkpt lat="45.788934230804443" lon="6.958937644958496">
        <ele>1279.375</ele>
      </trkpt>
      <trkpt lat="45.789148807525635" lon="6.958873271942139">
        <ele>1284.453125</ele>
      </trkpt>
      <trkpt lat="45.789363384246826" lon="6.959002017974854">
        <ele>1282.53125</ele>
      </trkpt>
      <trkpt lat="45.789535045623779" lon="6.959023475646973">
        <ele>1283.86328125</ele>
      </trkpt>
      <trkpt lat="45.789685249328613" lon="6.958959102630615">
        <ele>1287.0546875</ele>
      </trkpt>
      <trkpt lat="45.789792537689209" lon="6.958980560302734">
        <ele>1286.140625</ele>
      </trkpt>
      <trkpt lat="45.789964199066162" lon="6.958894729614258">
        <ele>1289.00390625</ele>
      </trkpt>
      <trkpt lat="45.789985656738281" lon="6.958723068237305">
        <ele>1294.98828125</ele>
      </trkpt>
      <trkpt lat="45.790114402770996" lon="6.958615779876709">
        <ele>1298.22265625</ele>
      </trkpt>
      <trkpt lat="45.790307521820068" lon="6.958487033843994">
        <ele>1301.5859375</ele>
      </trkpt>
      <trkpt lat="45.790436267852783" lon="6.958465576171875">
        <ele>1301.578125</ele>
      </trkpt>
      <trkpt lat="45.790607929229736" lon="6.958272457122803">
        <ele>1306.375</ele>
      </trkpt>
      <trkpt lat="45.790715217590332" lon="6.95810079574585">
        <ele>1311.8515625</ele>
      </trkpt>
      <trkpt lat="45.790801048278809" lon="6.957993507385254">
        <ele>1315.25</ele>
      </trkpt>
      <trkpt lat="45.790951251983643" lon="6.957907676696777">
        <ele>1317.50390625</ele>
      </trkpt>
      <trkpt lat="45.791058540344238" lon="6.957693099975586">
        <ele>1324.953125</ele>
      </trkpt>
      <trkpt lat="45.791144371032715" lon="6.957650184631348">
        <ele>1326.109375</ele>
      </trkpt>
      <trkpt lat="45.790908336639404" lon="6.957564353942871">
        <ele>1330.60546875</ele>
      </trkpt>
      <trkpt lat="45.790801048278809" lon="6.957435607910156">
        <ele>1335.9375</ele>
      </trkpt>
      <trkpt lat="45.790908336639404" lon="6.95734977722168">
        <ele>1339.28125</ele>
      </trkpt>
      <trkpt lat="45.791058540344238" lon="6.957306861877441">
        <ele>1340.578125</ele>
      </trkpt>
      <trkpt lat="45.791165828704834" lon="6.957221031188965">
        <ele>1344.09375</ele>
      </trkpt>
      <trkpt lat="45.791015625" lon="6.957135200500488">
        <ele>1348.68359375</ele>
      </trkpt>
      <trkpt lat="45.790865421295166" lon="6.956920623779297">
        <ele>1359.078125</ele>
      </trkpt>
      <trkpt lat="45.790779590606689" lon="6.956899166107178">
        <ele>1360.33984375</ele>
      </trkpt>
      <trkpt lat="45.790650844573975" lon="6.956856250762939">
        <ele>1362.6953125</ele>
      </trkpt>
      <trkpt lat="45.790801048278809" lon="6.956813335418701">
        <ele>1364.17578125</ele>
      </trkpt>
      <trkpt lat="45.790736675262451" lon="6.956727504730225">
        <ele>1368.2578125</ele>
      </trkpt>
      <trkpt lat="45.790736675262451" lon="6.956641674041748">
        <ele>1372.14453125</ele>
      </trkpt>
      <trkpt lat="45.790843963623047" lon="6.956577301025391">
        <ele>1374.95703125</ele>
      </trkpt>
      <trkpt lat="45.790972709655762" lon="6.956534385681152">
        <ele>1376.96484375</ele>
      </trkpt>
      <trkpt lat="45.791251659393311" lon="6.956362724304199">
        <ele>1385.5703125</ele>
      </trkpt>
      <trkpt lat="45.791316032409668" lon="6.956362724304199">
        <ele>1386.625</ele>
      </trkpt>
      <trkpt lat="45.791487693786621" lon="6.956276893615723">
        <ele>1395.05859375</ele>
      </trkpt>
      <trkpt lat="45.791594982147217" lon="6.956212520599365">
        <ele>1400.93359375</ele>
      </trkpt>
      <trkpt lat="45.791530609130859" lon="6.956062316894531">
        <ele>1407.6796875</ele>
      </trkpt>
      <trkpt lat="45.791466236114502" lon="6.956019401550293">
        <ele>1408.5703125</ele>
      </trkpt>
      <trkpt lat="45.791423320770264" lon="6.955933570861816">
        <ele>1412.265625</ele>
      </trkpt>
      <trkpt lat="45.791444778442383" lon="6.955869197845459">
        <ele>1416.24609375</ele>
      </trkpt>
      <trkpt lat="45.791530609130859" lon="6.955804824829102">
        <ele>1421.69140625</ele>
      </trkpt>
      <trkpt lat="45.791573524475098" lon="6.955633163452148">
        <ele>1432.8359375</ele>
      </trkpt>
      <trkpt lat="45.791573524475098" lon="6.955547332763672">
        <ele>1438.05078125</ele>
      </trkpt>
      <trkpt lat="45.791466236114502" lon="6.955482959747314">
        <ele>1439.5625</ele>
      </trkpt>
      <trkpt lat="45.791251659393311" lon="6.955397129058838">
        <ele>1440.28125</ele>
      </trkpt>
      <trkpt lat="45.791122913360596" lon="6.955397129058838">
        <ele>1439.77734375</ele>
      </trkpt>
      <trkpt lat="45.790972709655762" lon="6.95533275604248">
        <ele>1442.8046875</ele>
      </trkpt>
      <trkpt lat="45.790886878967285" lon="6.955289840698242">
        <ele>1444.71875</ele>
      </trkpt>
      <trkpt lat="45.790779590606689" lon="6.955268383026123">
        <ele>1445.234375</ele>
      </trkpt>
      <trkpt lat="45.790672302246094" lon="6.955204010009766">
        <ele>1447.85546875</ele>
      </trkpt>
      <trkpt lat="45.790736675262451" lon="6.955161094665527">
        <ele>1450.55859375</ele>
      </trkpt>
      <trkpt lat="45.790684707462788" lon="6.955128572881222">
        <ele>1451.80859375</ele>
      </trkpt>
      <trkpt lat="45.790565013885498" lon="6.955053806304932">
        <ele>1454.453125</ele>
      </trkpt>
      <trkpt lat="45.790457725524902" lon="6.954967975616455">
        <ele>1457.453125</ele>
      </trkpt>
      <trkpt lat="45.790479183197021" lon="6.954882144927979">
        <ele>1460.90625</ele>
      </trkpt>
      <trkpt lat="45.790650844573975" lon="6.954817771911621">
        <ele>1465.37890625</ele>
      </trkpt>
      <trkpt lat="45.790565013885498" lon="6.954753398895264">
        <ele>1466.09765625</ele>
      </trkpt>
      <trkpt lat="45.790586471557617" lon="6.954624652862549">
        <ele>1470.5859375</ele>
      </trkpt>
      <trkpt lat="45.790650844573975" lon="6.954538822174072">
        <ele>1474.83203125</ele>
      </trkpt>
      <trkpt lat="45.79075813293457" lon="6.954581737518311">
        <ele>1475.7421875</ele>
      </trkpt>
      <trkpt lat="45.790801048278809" lon="6.954474449157715">
        <ele>1480.78515625</ele>
      </trkpt>
      <trkpt lat="45.790886878967285" lon="6.954410076141357">
        <ele>1485.5625</ele>
      </trkpt>
      <trkpt lat="45.790865421295166" lon="6.954259872436523">
        <ele>1491</ele>
      </trkpt>
      <trkpt lat="45.790951251983643" lon="6.954174041748047">
        <ele>1497.33984375</ele>
      </trkpt>
      <trkpt lat="45.790951251983643" lon="6.954045295715332">
        <ele>1502.21875</ele>
      </trkpt>
      <trkpt lat="45.790929794311523" lon="6.953980922698975">
        <ele>1503.3515625</ele>
      </trkpt>
      <trkpt lat="45.790951251983643" lon="6.953916549682617">
        <ele>1506.1875</ele>
      </trkpt>
      <trkpt lat="45.791101455688477" lon="6.954045295715332">
        <ele>1507.87109375</ele>
      </trkpt>
      <trkpt lat="45.791058540344238" lon="6.953701972961426">
        <ele>1518.0078125</ele>
      </trkpt>
      <trkpt lat="45.791058540344238" lon="6.953530311584473">
        <ele>1523.88671875</ele>
      </trkpt>
      <trkpt lat="45.791144371032715" lon="6.953315734863281">
        <ele>1536.44921875</ele>
      </trkpt>
      <trkpt lat="45.791230201721191" lon="6.953251361846924">
        <ele>1543.8828125</ele>
      </trkpt>
      <trkpt lat="45.791251659393311" lon="6.953530311584473">
        <ele>1534.30859375</ele>
      </trkpt>
      <trkpt lat="45.791466236114502" lon="6.953272819519043">
        <ele>1555.15234375</ele>
      </trkpt>
      <trkpt lat="45.791530609130859" lon="6.953015327453613">
        <ele>1563.46484375</ele>
      </trkpt>
      <trkpt lat="45.791788101196289" lon="6.952714920043945">
        <ele>1585.48046875</ele>
      </trkpt>
      <trkpt lat="45.79176664352417" lon="6.952543258666992">
        <ele>1588.54296875</ele>
      </trkpt>
      <trkpt lat="45.79176664352417" lon="6.952478885650635">
        <ele>1590.1953125</ele>
      </trkpt>
      <trkpt lat="45.791873931884766" lon="6.952435970306396">
        <ele>1598.88671875</ele>
      </trkpt>
      <trkpt lat="45.791873931884766" lon="6.951577663421631">
        <ele>1617.11328125</ele>
      </trkpt>
      <trkpt lat="45.79176664352417" lon="6.950376033782959">
        <ele>1637.34375</ele>
      </trkpt>
      <trkpt lat="45.79176664352417" lon="6.949646472930908">
        <ele>1658.3359375</ele>
      </trkpt>
      <trkpt lat="45.791702270507812" lon="6.94911003112793">
        <ele>1668.6640625</ele>
      </trkpt>
      <trkpt lat="45.791659355163574" lon="6.948873996734619">
        <ele>1673.0078125</ele>
      </trkpt>
      <trkpt lat="45.791659355163574" lon="6.948659420013428">
        <ele>1679.9453125</ele>
      </trkpt>
      <trkpt lat="45.791594982147217" lon="6.948444843292236">
        <ele>1682.921875</ele>
      </trkpt>
      <trkpt lat="45.791702270507812" lon="6.948466300964355">
        <ele>1688.84765625</ele>
      </trkpt>
      <trkpt lat="45.791680812835693" lon="6.94835901260376">
        <ele>1690.9375</ele>
      </trkpt>
      <trkpt lat="45.791745185852051" lon="6.948423385620117">
        <ele>1692.8125</ele>
      </trkpt>
      <trkpt lat="45.791809558868408" lon="6.948530673980713">
        <ele>1693.62109375</ele>
      </trkpt>
      <trkpt lat="45.79200267791748" lon="6.948745250701904">
        <ele>1700.51171875</ele>
      </trkpt>
      <trkpt lat="45.792088508605957" lon="6.9488525390625">
        <ele>1703.875</ele>
      </trkpt>
      <trkpt lat="45.792152881622314" lon="6.948788166046143">
        <ele>1710.19921875</ele>
      </trkpt>
      <trkpt lat="45.792067050933838" lon="6.948637962341309">
        <ele>1707.4140625</ele>
      </trkpt>
      <trkpt lat="45.792217254638672" lon="6.948659420013428">
        <ele>1717.85546875</ele>
      </trkpt>
      <trkpt lat="45.792174339294434" lon="6.948487758636475">
        <ele>1718.3984375</ele>
      </trkpt>
      <trkpt lat="45.792281627655029" lon="6.948573589324951">
        <ele>1724.421875</ele>
      </trkpt>
      <trkpt lat="45.792281627655029" lon="6.948466300964355">
        <ele>1726.6171875</ele>
      </trkpt>
      <trkpt lat="45.792367458343506" lon="6.948509216308594">
        <ele>1731.98828125</ele>
      </trkpt>
      <trkpt lat="45.792346000671387" lon="6.948251724243164">
        <ele>1735.3359375</ele>
      </trkpt>
      <trkpt lat="45.792303085327148" lon="6.9478440284729">
        <ele>1736.515625</ele>
      </trkpt>
      <trkpt lat="45.792281627655029" lon="6.947779655456543">
        <ele>1735.70703125</ele>
      </trkpt>
      <trkpt lat="45.792195796966553" lon="6.947715282440186">
        <ele>1730.52734375</ele>
      </trkpt>
      <trkpt lat="45.792174339294434" lon="6.947414875030518">
        <ele>1732.23046875</ele>
      </trkpt>
      <trkpt lat="45.792152881622314" lon="6.946513652801514">
        <ele>1739.53515625</ele>
      </trkpt>
      <trkpt lat="45.792195796966553" lon="6.946256160736084">
        <ele>1745.12109375</ele>
      </trkpt>
      <trkpt lat="45.792238712310791" lon="6.945419311523438">
        <ele>1756.25390625</ele>
      </trkpt>
      <trkpt lat="45.792303085327148" lon="6.944968700408936">
        <ele>1764.42578125</ele>
      </trkpt>
      <trkpt lat="45.792281627655029" lon="6.944689750671387">
        <ele>1766.0390625</ele>
      </trkpt>
      <trkpt lat="45.79226016998291" lon="6.94460391998291">
        <ele>1765.62890625</ele>
      </trkpt>
      <trkpt lat="45.792217254638672" lon="6.944646835327148">
        <ele>1762.484375</ele>
      </trkpt>
      <trkpt lat="45.792174339294434" lon="6.944561004638672">
        <ele>1760.734375</ele>
      </trkpt>
      <trkpt lat="45.792131423950195" lon="6.944625377655029">
        <ele>1757.359375</ele>
      </trkpt>
      <trkpt lat="45.792131423950195" lon="6.944561004638672">
        <ele>1758.0546875</ele>
      </trkpt>
      <trkpt lat="45.792152881622314" lon="6.944389343261719">
        <ele>1761.25</ele>
      </trkpt>
      <trkpt lat="45.792131423950195" lon="6.944153308868408">
        <ele>1762.4609375</ele>
      </trkpt>
      <trkpt lat="45.792131423950195" lon="6.943981647491455">
        <ele>1765.0625</ele>
      </trkpt>
      <trkpt lat="45.792152881622314" lon="6.943767070770264">
        <ele>1770.08984375</ele>
      </trkpt>
      <trkpt lat="45.792152881622314" lon="6.943380832672119">
        <ele>1776.703125</ele>
      </trkpt>
      <trkpt lat="45.792067050933838" lon="6.942651271820068">
        <ele>1787.76171875</ele>
      </trkpt>
      <trkpt lat="45.792037881910801" lon="6.942301159724593">
        <ele>1794.87890625</ele>
      </trkpt>
      <trkpt lat="45.7920241355896" lon="6.942136287689209">
        <ele>1798.41015625</ele>
      </trkpt>
      <trkpt lat="45.7920241355896" lon="6.941514015197754">
        <ele>1813.11328125</ele>
      </trkpt>
      <trkpt lat="45.791981220245361" lon="6.941063404083252">
        <ele>1818.65234375</ele>
      </trkpt>
      <trkpt lat="45.791916847229004" lon="6.940720081329346">
        <ele>1821.26953125</ele>
      </trkpt>
      <trkpt lat="45.792088508605957" lon="6.940462589263916">
        <ele>1828.73046875</ele>
      </trkpt>
      <trkpt lat="45.792152881622314" lon="6.940419673919678">
        <ele>1832.12890625</ele>
      </trkpt>
      <trkpt lat="45.792174339294434" lon="6.940076351165771">
        <ele>1834.2890625</ele>
      </trkpt>
      <trkpt lat="45.79226016998291" lon="6.939818859100342">
        <ele>1840.078125</ele>
      </trkpt>
      <trkpt lat="45.792281627655029" lon="6.939647197723389">
        <ele>1842.70703125</ele>
      </trkpt>
      <trkpt lat="45.792281627655029" lon="6.93936824798584">
        <ele>1845.32421875</ele>
      </trkpt>
      <trkpt lat="45.792388916015625" lon="6.939303874969482">
        <ele>1850.23046875</ele>
      </trkpt>
      <trkpt lat="45.792346000671387" lon="6.939153671264648">
        <ele>1849.77734375</ele>
      </trkpt>
      <trkpt lat="45.792324542999268" lon="6.938681602478027">
        <ele>1854.2109375</ele>
      </trkpt>
      <trkpt lat="45.792367458343506" lon="6.938467025756836">
        <ele>1857.73828125</ele>
      </trkpt>
      <trkpt lat="45.792453289031982" lon="6.93835973739624">
        <ele>1860.87109375</ele>
      </trkpt>
      <trkpt lat="45.792474746704102" lon="6.938252449035645">
        <ele>1862.59375</ele>
      </trkpt>
      <trkpt lat="45.792603492736816" lon="6.938080787658691">
        <ele>1869.26953125</ele>
      </trkpt>
      <trkpt lat="45.792689323425293" lon="6.937994956970215">
        <ele>1872.90625</ele>
      </trkpt>
      <trkpt lat="45.792732238769531" lon="6.937994956970215">
        <ele>1873.74609375</ele>
      </trkpt>
      <trkpt lat="45.79277515411377" lon="6.938037872314453">
        <ele>1873.6640625</ele>
      </trkpt>
      <trkpt lat="45.792818069458008" lon="6.938166618347168">
        <ele>1871.78515625</ele>
      </trkpt>
      <trkpt lat="45.792839527130127" lon="6.938402652740479">
        <ele>1869.7734375</ele>
      </trkpt>
      <trkpt lat="45.792796611785889" lon="6.938531398773193">
        <ele>1868.4140625</ele>
      </trkpt>
      <trkpt lat="45.792818069458008" lon="6.9388747215271">
        <ele>1868.25</ele>
      </trkpt>
      <trkpt lat="45.792946815490723" lon="6.938810348510742">
        <ele>1872.4296875</ele>
      </trkpt>
      <trkpt lat="45.79301118850708" lon="6.938810348510742">
        <ele>1874.296875</ele>
      </trkpt>
      <trkpt lat="45.793139934539795" lon="6.938788890838623">
        <ele>1877.98046875</ele>
      </trkpt>
      <trkpt lat="45.793161392211914" lon="6.938788890838623">
        <ele>1878.59765625</ele>
      </trkpt>
      <trkpt lat="45.793204307556152" lon="6.938681602478027">
        <ele>1879.49609375</ele>
      </trkpt>
      <trkpt lat="45.793333053588867" lon="6.938552856445312">
        <ele>1882.4453125</ele>
      </trkpt>
      <trkpt lat="45.793397426605225" lon="6.938531398773193">
        <ele>1884.0078125</ele>
      </trkpt>
      <trkpt lat="45.79350471496582" lon="6.938488483428955">
        <ele>1886.4921875</ele>
      </trkpt>
      <trkpt lat="45.793590545654297" lon="6.938424110412598">
        <ele>1888.171875</ele>
      </trkpt>
      <trkpt lat="45.793633460998535" lon="6.938467025756836">
        <ele>1889.57421875</ele>
      </trkpt>
      <trkpt lat="45.793719291687012" lon="6.938338279724121">
        <ele>1890.5546875</ele>
      </trkpt>
      <trkpt lat="45.793783664703369" lon="6.938209533691406">
        <ele>1891.90625</ele>
      </trkpt>
      <trkpt lat="45.793823981657624" lon="6.938048182055354">
        <ele>1894.015625</ele>
      </trkpt>
      <trkpt lat="45.793826580047607" lon="6.937930583953857">
        <ele>1895.01171875</ele>
      </trkpt>
      <trkpt lat="45.793783664703369" lon="6.937737464904785">
        <ele>1895.82421875</ele>
      </trkpt>
      <trkpt lat="45.793740749359131" lon="6.937565803527832">
        <ele>1896.63671875</ele>
      </trkpt>
      <trkpt lat="45.793590545654297" lon="6.937243938446045">
        <ele>1901.47265625</ele>
      </trkpt>
      <trkpt lat="45.793526172637939" lon="6.937158107757568">
        <ele>1903.1015625</ele>
      </trkpt>
      <trkpt lat="45.793440341949463" lon="6.936943531036377">
        <ele>1907.96484375</ele>
      </trkpt>
      <trkpt lat="45.793311595916748" lon="6.936771869659424">
        <ele>1911.109375</ele>
      </trkpt>
      <trkpt lat="45.793182849884033" lon="6.936664581298828">
        <ele>1912.46875</ele>
      </trkpt>
      <trkpt lat="45.792989730834961" lon="6.936492919921875">
        <ele>1915.96484375</ele>
      </trkpt>
      <trkpt lat="45.792860984802246" lon="6.936385631561279">
        <ele>1917.6328125</ele>
      </trkpt>
      <trkpt lat="45.792689323425293" lon="6.936192512512207">
        <ele>1920.7421875</ele>
      </trkpt>
      <trkpt lat="45.792431831359863" lon="6.935999393463135">
        <ele>1921.48828125</ele>
      </trkpt>
      <trkpt lat="45.792217254638672" lon="6.935956478118896">
        <ele>1917.75</ele>
      </trkpt>
      <trkpt lat="45.792067050933838" lon="6.935720443725586">
        <ele>1922.25</ele>
      </trkpt>
      <trkpt lat="45.791916847229004" lon="6.935505867004395">
        <ele>1926.70703125</ele>
      </trkpt>
      <trkpt lat="45.791809558868408" lon="6.935441493988037">
        <ele>1926.4765625</ele>
      </trkpt>
      <trkpt lat="45.791573524475098" lon="6.935312747955322">
        <ele>1925.47265625</ele>
      </trkpt>
      <trkpt lat="45.791466236114502" lon="6.935076713562012">
        <ele>1931.8359375</ele>
      </trkpt>
      <trkpt lat="45.791401863098145" lon="6.934797763824463">
        <ele>1938.60546875</ele>
      </trkpt>
      <trkpt lat="45.791358947753906" lon="6.934475898742676">
        <ele>1944.765625</ele>
      </trkpt>
      <trkpt lat="45.791348470374942" lon="6.93430314771831">
        <ele>1948.40234375</ele>
      </trkpt>
      <trkpt lat="45.791316032409668" lon="6.933767795562744">
        <ele>1957.89453125</ele>
      </trkpt>
      <trkpt lat="45.791230201721191" lon="6.933274269104004">
        <ele>1964.48046875</ele>
      </trkpt>
      <trkpt lat="45.791187286376953" lon="6.933102607727051">
        <ele>1964.046875</ele>
      </trkpt>
      <trkpt lat="45.791101455688477" lon="6.932802200317383">
        <ele>1963.078125</ele>
      </trkpt>
      <trkpt lat="45.791079998016357" lon="6.932716369628906">
        <ele>1962.8359375</ele>
      </trkpt>
      <trkpt lat="45.791037082672119" lon="6.932458877563477">
        <ele>1962.40625</ele>
      </trkpt>
      <trkpt lat="45.791037082672119" lon="6.932373046875">
        <ele>1962.4140625</ele>
      </trkpt>
      <trkpt lat="45.790865421295166" lon="6.932308673858643">
        <ele>1959.9609375</ele>
      </trkpt>
      <trkpt lat="45.790801048278809" lon="6.932179927825928">
        <ele>1959.33984375</ele>
      </trkpt>
      <trkpt lat="45.790779590606689" lon="6.932094097137451">
        <ele>1959.27734375</ele>
      </trkpt>
      <trkpt lat="45.79075813293457" lon="6.93187952041626">
        <ele>1959.6015625</ele>
      </trkpt>
      <trkpt lat="45.790779590606689" lon="6.931750774383545">
        <ele>1960.140625</ele>
      </trkpt>
      <trkpt lat="45.790865421295166" lon="6.931493282318115">
        <ele>1961.23046875</ele>
      </trkpt>
      <trkpt lat="45.790886878967285" lon="6.931407451629639">
        <ele>1961.421875</ele>
      </trkpt>
      <trkpt lat="45.790865421295166" lon="6.931343078613281">
        <ele>1961.3828125</ele>
      </trkpt>
      <trkpt lat="45.790843963623047" lon="6.931278705596924">
        <ele>1961.37890625</ele>
      </trkpt>
      <trkpt lat="45.790736675262451" lon="6.931192874908447">
        <ele>1961.23046875</ele>
      </trkpt>
      <trkpt lat="45.790543556213379" lon="6.930892467498779">
        <ele>1962.19140625</ele>
      </trkpt>
      <trkpt lat="45.790479183197021" lon="6.93087100982666">
        <ele>1962.375</ele>
      </trkpt>
      <trkpt lat="45.790350437164307" lon="6.930763721466064">
        <ele>1965.76171875</ele>
      </trkpt>
      <trkpt lat="45.790286064147949" lon="6.930592060089111">
        <ele>1968.7109375</ele>
      </trkpt>
      <trkpt lat="45.790092945098877" lon="6.930270195007324">
        <ele>1976.7265625</ele>
      </trkpt>
      <trkpt lat="45.790071487426758" lon="6.930012702941895">
        <ele>1978.80859375</ele>
      </trkpt>
      <trkpt lat="45.789985656738281" lon="6.929841041564941">
        <ele>1981.859375</ele>
      </trkpt>
      <trkpt lat="45.789985656738281" lon="6.929669380187988">
        <ele>1981.52734375</ele>
      </trkpt>
      <trkpt lat="45.789921283721924" lon="6.92936897277832">
        <ele>1982.94921875</ele>
      </trkpt>
      <trkpt lat="45.789792537689209" lon="6.929047107696533">
        <ele>1985.34375</ele>
      </trkpt>
      <trkpt lat="45.78977108001709" lon="6.928896903991699">
        <ele>1983.94140625</ele>
      </trkpt>
      <trkpt lat="45.789492130279541" lon="6.928274631500244">
        <ele>1986.625</ele>
      </trkpt>
      <trkpt lat="45.789062976837158" lon="6.927609443664551">
        <ele>1996.3046875</ele>
      </trkpt>
      <trkpt lat="45.788934230804443" lon="6.927351951599121">
        <ele>1999.125</ele>
      </trkpt>
      <trkpt lat="45.788826942443848" lon="6.927201747894287">
        <ele>2002.19140625</ele>
      </trkpt>
      <trkpt lat="45.78876256942749" lon="6.927030086517334">
        <ele>2002.78515625</ele>
      </trkpt>
      <trkpt lat="45.788719654083252" lon="6.926815509796143">
        <ele>2001.66796875</ele>
      </trkpt>
      <trkpt lat="45.788483619689941" lon="6.926493644714355">
        <ele>2009.3046875</ele>
      </trkpt>
      <trkpt lat="45.788376331329346" lon="6.926300525665283">
        <ele>2012.33984375</ele>
      </trkpt>
      <trkpt lat="45.788247585296631" lon="6.926171779632568">
        <ele>2017.59765625</ele>
      </trkpt>
      <trkpt lat="45.788054466247559" lon="6.925914287567139">
        <ele>2024.94140625</ele>
      </trkpt>
      <trkpt lat="45.787925720214844" lon="6.925699710845947">
        <ele>2029.46875</ele>
      </trkpt>
      <trkpt lat="45.787861347198486" lon="6.925506591796875">
        <ele>2030.578125</ele>
      </trkpt>
      <trkpt lat="45.78777551651001" lon="6.925356388092041">
        <ele>2033.5078125</ele>
      </trkpt>
      <trkpt lat="45.787646770477295" lon="6.925270557403564">
        <ele>2039.75390625</ele>
      </trkpt>
      <trkpt lat="45.787582397460938" lon="6.92514181137085">
        <ele>2041.796875</ele>
      </trkpt>
      <trkpt lat="45.787554569542408" lon="6.925106942653656">
        <ele>2042.953125</ele>
      </trkpt>
      <trkpt lat="45.787496566772461" lon="6.925034523010254">
        <ele>2045.37109375</ele>
      </trkpt>
      <trkpt lat="45.787324905395508" lon="6.924476623535156">
        <ele>2054.58203125</ele>
      </trkpt>
      <trkpt lat="45.787196159362793" lon="6.924369335174561">
        <ele>2062.203125</ele>
      </trkpt>
      <trkpt lat="45.787174701690674" lon="6.924262046813965">
        <ele>2063.578125</ele>
      </trkpt>
      <trkpt lat="45.786981582641602" lon="6.923983097076416">
        <ele>2075.60546875</ele>
      </trkpt>
      <trkpt lat="45.78676700592041" lon="6.923468112945557">
        <ele>2087.53125</ele>
      </trkpt>
      <trkpt lat="45.786702632904053" lon="6.923425197601318">
        <ele>2091.64453125</ele>
      </trkpt>
      <trkpt lat="45.786337852478027" lon="6.922738552093506">
        <ele>2110.34375</ele>
      </trkpt>
      <trkpt lat="45.786294937133789" lon="6.922588348388672">
        <ele>2111.703125</ele>
      </trkpt>
      <trkpt lat="45.786166191101074" lon="6.922309398651123">
        <ele>2117.19140625</ele>
      </trkpt>
      <trkpt lat="45.786123275756836" lon="6.922073364257812">
        <ele>2117.65234375</ele>
      </trkpt>
      <trkpt lat="45.786080360412598" lon="6.92188024520874">
        <ele>2118.40625</ele>
      </trkpt>
      <trkpt lat="45.78601598739624" lon="6.921751499176025">
        <ele>2120.9453125</ele>
      </trkpt>
      <trkpt lat="45.785973072052002" lon="6.921579837799072">
        <ele>2121.703125</ele>
      </trkpt>
      <trkpt lat="45.785908699035645" lon="6.921472549438477">
        <ele>2124.265625</ele>
      </trkpt>
      <trkpt lat="45.785865783691406" lon="6.921193599700928">
        <ele>2123.71484375</ele>
      </trkpt>
      <trkpt lat="45.785801410675049" lon="6.921043395996094">
        <ele>2125.703125</ele>
      </trkpt>
      <trkpt lat="45.785586833953857" lon="6.920850276947021">
        <ele>2135.48046875</ele>
      </trkpt>
      <trkpt lat="45.785501003265381" lon="6.920807361602783">
        <ele>2139.73046875</ele>
      </trkpt>
      <trkpt lat="45.785436630249023" lon="6.920742988586426">
        <ele>2142.46875</ele>
      </trkpt>
      <trkpt lat="45.785136222839355" lon="6.920206546783447">
        <ele>2147.1484375</ele>
      </trkpt>
      <trkpt lat="45.78502893447876" lon="6.920077800750732">
        <ele>2149.49609375</ele>
      </trkpt>
      <trkpt lat="45.784943103790283" lon="6.919841766357422">
        <ele>2149.52734375</ele>
      </trkpt>
      <trkpt lat="45.784749984741211" lon="6.919541358947754">
        <ele>2152.98046875</ele>
      </trkpt>
      <trkpt lat="45.784621238708496" lon="6.919434070587158">
        <ele>2156.51171875</ele>
      </trkpt>
      <trkpt lat="45.784406661987305" lon="6.919047832489014">
        <ele>2156.02734375</ele>
      </trkpt>
      <trkpt lat="45.784299373626709" lon="6.918940544128418">
        <ele>2157.12890625</ele>
      </trkpt>
      <trkpt lat="45.784041881561279" lon="6.918511390686035">
        <ele>2158.26171875</ele>
      </trkpt>
      <trkpt lat="45.783913135528564" lon="6.917932033538818">
        <ele>2158.17578125</ele>
      </trkpt>
      <trkpt lat="45.783720016479492" lon="6.917459964752197">
        <ele>2161.734375</ele>
      </trkpt>
      <trkpt lat="45.783548355102539" lon="6.916859149932861">
        <ele>2160.69921875</ele>
      </trkpt>
      <trkpt lat="45.783355236053467" lon="6.916494369506836">
        <ele>2161.33984375</ele>
      </trkpt>
      <trkpt lat="45.783226490020752" lon="6.916365623474121">
        <ele>2162.20703125</ele>
      </trkpt>
      <trkpt lat="45.783205032348633" lon="6.916215419769287">
        <ele>2160.71484375</ele>
      </trkpt>
      <trkpt lat="45.783224646002054" lon="6.9163528829813">
        <ele>2162.078125</ele>
      </trkpt>
      <trkpt lat="45.783205032348633" lon="6.916215419769287">
        <ele>2160.71484375</ele>
      </trkpt>
      <trkpt lat="45.782840251922607" lon="6.915593147277832">
        <ele>2161.6640625</ele>
      </trkpt>
      <trkpt lat="45.782711505889893" lon="6.915442943572998">
        <ele>2163.44140625</ele>
      </trkpt>
      <trkpt lat="45.782582759857178" lon="6.915335655212402">
        <ele>2165.49609375</ele>
      </trkpt>
      <trkpt lat="45.782411098480225" lon="6.915314197540283">
        <ele>2169.90625</ele>
      </trkpt>
      <trkpt lat="45.782368183135986" lon="6.915185451507568">
        <ele>2168.80859375</ele>
      </trkpt>
      <trkpt lat="45.782239437103271" lon="6.915099620819092">
        <ele>2170.56640625</ele>
      </trkpt>
      <trkpt lat="45.782132148742676" lon="6.915099620819092">
        <ele>2173.30078125</ele>
      </trkpt>
      <trkpt lat="45.78178882598877" lon="6.914777755737305">
        <ele>2177.44140625</ele>
      </trkpt>
      <trkpt lat="45.781381130218506" lon="6.914176940917969">
        <ele>2174.51171875</ele>
      </trkpt>
      <trkpt lat="45.781209468841553" lon="6.913812160491943">
        <ele>2171.6328125</ele>
      </trkpt>
      <trkpt lat="45.78101634979248" lon="6.913232803344727">
        <ele>2167.66015625</ele>
      </trkpt>
      <trkpt lat="45.780930519104004" lon="6.913061141967773">
        <ele>2171.3359375</ele>
      </trkpt>
      <trkpt lat="45.780844688415527" lon="6.91265344619751">
        <ele>2175.859375</ele>
      </trkpt>
      <trkpt lat="45.780887603759766" lon="6.912460327148438">
        <ele>2174.69921875</ele>
      </trkpt>
      <trkpt lat="45.780994892120361" lon="6.911838054656982">
        <ele>2166.62890625</ele>
      </trkpt>
      <trkpt lat="45.780887603759766" lon="6.911709308624268">
        <ele>2170.234375</ele>
      </trkpt>
      <trkpt lat="45.780415534973145" lon="6.911687850952148">
        <ele>2189.41015625</ele>
      </trkpt>
      <trkpt lat="45.780308246612549" lon="6.911537647247314">
        <ele>2192.27734375</ele>
      </trkpt>
      <trkpt lat="45.780222415924072" lon="6.911215782165527">
        <ele>2191.69921875</ele>
      </trkpt>
      <trkpt lat="45.780093669891357" lon="6.911087036132812">
        <ele>2196.48046875</ele>
      </trkpt>
      <trkpt lat="45.779943466186523" lon="6.911001205444336">
        <ele>2203.30078125</ele>
      </trkpt>
      <trkpt lat="45.779879093170166" lon="6.91089391708374">
        <ele>2205.7890625</ele>
      </trkpt>
      <trkpt lat="45.779879093170166" lon="6.910743713378906">
        <ele>2205.41796875</ele>
      </trkpt>
      <trkpt lat="45.780007839202881" lon="6.910443305969238">
        <ele>2201.375</ele>
      </trkpt>
      <trkpt lat="45.780050754547119" lon="6.910228729248047">
        <ele>2201.2265625</ele>
      </trkpt>
      <trkpt lat="45.780029296875" lon="6.910078525543213">
        <ele>2203.92578125</ele>
      </trkpt>
      <trkpt lat="45.780007839202881" lon="6.909778118133545">
        <ele>2207.81640625</ele>
      </trkpt>
      <trkpt lat="45.779964923858643" lon="6.909692287445068">
        <ele>2210.78515625</ele>
      </trkpt>
      <trkpt lat="45.779922008514404" lon="6.909499168395996">
        <ele>2214.546875</ele>
      </trkpt>
      <trkpt lat="45.779922008514404" lon="6.909327507019043">
        <ele>2215.890625</ele>
      </trkpt>
      <trkpt lat="45.779836177825928" lon="6.909091472625732">
        <ele>2221.37109375</ele>
      </trkpt>
      <trkpt lat="45.779235363006592" lon="6.908061504364014">
        <ele>2241.07421875</ele>
      </trkpt>
      <trkpt lat="45.778956413269043" lon="6.907417774200439">
        <ele>2246.8984375</ele>
      </trkpt>
      <trkpt lat="45.77878475189209" lon="6.907181739807129">
        <ele>2251.48828125</ele>
      </trkpt>
      <trkpt lat="45.778677463531494" lon="6.907052993774414">
        <ele>2254.34765625</ele>
      </trkpt>
      <trkpt lat="45.778462886810303" lon="6.90666675567627">
        <ele>2257.35546875</ele>
      </trkpt>
      <trkpt lat="45.778513681143522" lon="6.906758202239871">
        <ele>2256.6875</ele>
      </trkpt>
      <trkpt lat="45.778462886810303" lon="6.90666675567627">
        <ele>2257.35546875</ele>
      </trkpt>
      <trkpt lat="45.77777624130249" lon="6.90615177154541">
        <ele>2272.02734375</ele>
      </trkpt>
      <trkpt lat="45.777368545532227" lon="6.906065940856934">
        <ele>2280.6796875</ele>
      </trkpt>
      <trkpt lat="45.77728271484375" lon="6.906173229217529">
        <ele>2286.75</ele>
      </trkpt>
      <trkpt lat="45.776875019073486" lon="6.906044483184814">
        <ele>2292.796875</ele>
      </trkpt>
      <trkpt lat="45.776488780975342" lon="6.905744075775146">
        <ele>2291.625</ele>
      </trkpt>
      <trkpt lat="45.776317119598389" lon="6.905486583709717">
        <ele>2284.84375</ele>
      </trkpt>
      <trkpt lat="45.776231288909912" lon="6.90540075302124">
        <ele>2283.1875</ele>
      </trkpt>
      <trkpt lat="45.775952339172363" lon="6.905272006988525">
        <ele>2284.65625</ele>
      </trkpt>
      <trkpt lat="45.775501728057861" lon="6.90516471862793">
        <ele>2291.3828125</ele>
      </trkpt>
      <trkpt lat="45.775308609008789" lon="6.905207633972168">
        <ele>2300.76953125</ele>
      </trkpt>
      <trkpt lat="45.775222778320312" lon="6.905186176300049">
        <ele>2303.8125</ele>
      </trkpt>
      <trkpt lat="45.775136947631836" lon="6.905014514923096">
        <ele>2301.43359375</ele>
      </trkpt>
      <trkpt lat="45.775136947631836" lon="6.904735565185547">
        <ele>2297.3671875</ele>
      </trkpt>
      <trkpt lat="45.775051116943359" lon="6.904456615447998">
        <ele>2299.203125</ele>
      </trkpt>
      <trkpt lat="45.775008201599121" lon="6.904199123382568">
        <ele>2299.0859375</ele>
      </trkpt>
      <trkpt lat="45.774986743927002" lon="6.903877258300781">
        <ele>2298.125</ele>
      </trkpt>
      <trkpt lat="45.774879455566406" lon="6.903705596923828">
        <ele>2302.359375</ele>
      </trkpt>
      <trkpt lat="45.77404260635376" lon="6.903126239776611">
        <ele>2317.93359375</ele>
      </trkpt>
      <trkpt lat="45.773870944976807" lon="6.903104782104492">
        <ele>2320.75390625</ele>
      </trkpt>
      <trkpt lat="45.77378511428833" lon="6.903190612792969">
        <ele>2323.49609375</ele>
      </trkpt>
      <trkpt lat="45.773591995239258" lon="6.903190612792969">
        <ele>2325.10546875</ele>
      </trkpt>
      <trkpt lat="45.772883892059326" lon="6.902375221252441">
        <ele>2326.75390625</ele>
      </trkpt>
      <trkpt lat="45.772755146026611" lon="6.902182102203369">
        <ele>2330.20703125</ele>
      </trkpt>
      <trkpt lat="45.77277660369873" lon="6.902053356170654">
        <ele>2329.81640625</ele>
      </trkpt>
      <trkpt lat="45.772733688354492" lon="6.901838779449463">
        <ele>2330.921875</ele>
      </trkpt>
      <trkpt lat="45.772690773010254" lon="6.901688575744629">
        <ele>2331.85546875</ele>
      </trkpt>
      <trkpt lat="45.772647857666016" lon="6.901516914367676">
        <ele>2332.28515625</ele>
      </trkpt>
      <trkpt lat="45.772583484649658" lon="6.901452541351318">
        <ele>2333.234375</ele>
      </trkpt>
      <trkpt lat="45.772519111633301" lon="6.901323795318604">
        <ele>2333.875</ele>
      </trkpt>
      <trkpt lat="45.772411823272705" lon="6.901259422302246">
        <ele>2335.4921875</ele>
      </trkpt>
      <trkpt lat="45.77228307723999" lon="6.901066303253174">
        <ele>2336.74609375</ele>
      </trkpt>
      <trkpt lat="45.772218704223633" lon="6.900873184204102">
        <ele>2336.7578125</ele>
      </trkpt>
      <trkpt lat="45.772154331207275" lon="6.900765895843506">
        <ele>1664.4609375</ele>
      </trkpt>
      <trkpt lat="45.772132873535156" lon="6.90065860748291">
        <ele>1753.453125</ele>
      </trkpt>
      <trkpt lat="45.772089958190918" lon="6.900615692138672">
        <ele>1789.19921875</ele>
      </trkpt>
      <trkpt lat="45.771682262420654" lon="6.900444030761719">
        <ele>1935.015625</ele>
      </trkpt>
      <trkpt lat="45.771639347076416" lon="6.900379657745361">
        <ele>1989.48046875</ele>
      </trkpt>
      <trkpt lat="45.771553516387939" lon="6.900122165679932">
        <ele>2207.25390625</ele>
      </trkpt>
      <trkpt lat="45.771381855010986" lon="6.899757385253906">
        <ele>2342.4609375</ele>
      </trkpt>
      <trkpt lat="45.77129602432251" lon="6.899650096893311">
        <ele>2342.890625</ele>
      </trkpt>
      <trkpt lat="45.77129602432251" lon="6.899478435516357">
        <ele>2340.81640625</ele>
      </trkpt>
      <trkpt lat="45.771253108978271" lon="6.899456977844238">
        <ele>2341.14453125</ele>
      </trkpt>
      <trkpt lat="45.771231651306152" lon="6.8994140625">
        <ele>2340.82421875</ele>
      </trkpt>
      <trkpt lat="45.771167278289795" lon="6.899220943450928">
        <ele>2339.2265625</ele>
      </trkpt>
      <trkpt lat="45.771145820617676" lon="6.899113655090332">
        <ele>2338.23828125</ele>
      </trkpt>
      <trkpt lat="45.771145820617676" lon="6.89892053604126">
        <ele>2335.87109375</ele>
      </trkpt>
      <trkpt lat="45.771102905273438" lon="6.89866304397583">
        <ele>2333.32421875</ele>
      </trkpt>
      <trkpt lat="45.77103853225708" lon="6.898448467254639">
        <ele>2331.7734375</ele>
      </trkpt>
      <trkpt lat="45.770974159240723" lon="6.898190975189209">
        <ele>2329.58203125</ele>
      </trkpt>
      <trkpt lat="45.770909786224365" lon="6.897976398468018">
        <ele>2327.7890625</ele>
      </trkpt>
      <trkpt lat="45.770673751831055" lon="6.897568702697754">
        <ele>2328.1328125</ele>
      </trkpt>
      <trkpt lat="45.770673751831055" lon="6.897289752960205">
        <ele>2324.82421875</ele>
      </trkpt>
      <trkpt lat="45.770523548126221" lon="6.897139549255371">
        <ele>2327.78125</ele>
      </trkpt>
      <trkpt lat="45.770480632781982" lon="6.89692497253418">
        <ele>2327.22265625</ele>
      </trkpt>
      <trkpt lat="45.770308971405029" lon="6.896753311157227">
        <ele>2331.80859375</ele>
      </trkpt>
      <trkpt lat="45.770201683044434" lon="6.896195411682129">
        <ele>2332.69140625</ele>
      </trkpt>
      <trkpt lat="45.770223140716553" lon="6.896066665649414">
        <ele>2331</ele>
      </trkpt>
      <trkpt lat="45.770266056060791" lon="6.895530223846436">
        <ele>2331.7890625</ele>
      </trkpt>
      <trkpt lat="45.770373344421387" lon="6.895143985748291">
        <ele>2332.2265625</ele>
      </trkpt>
      <trkpt lat="45.770373344421387" lon="6.894843578338623">
        <ele>2337.91015625</ele>
      </trkpt>
      <trkpt lat="45.770416259765625" lon="6.894371509552002">
        <ele>2345.6015625</ele>
      </trkpt>
      <trkpt lat="45.770480632781982" lon="6.893963813781738">
        <ele>2351.55078125</ele>
      </trkpt>
      <trkpt lat="45.770566463470459" lon="6.893877983093262">
        <ele>2349.44921875</ele>
      </trkpt>
      <trkpt lat="45.770587921142578" lon="6.893534660339355">
        <ele>2356.765625</ele>
      </trkpt>
      <trkpt lat="45.770738124847412" lon="6.892998218536377">
        <ele>2364.08203125</ele>
      </trkpt>
      <trkpt lat="45.770845413208008" lon="6.892762184143066">
        <ele>2365.69921875</ele>
      </trkpt>
      <trkpt lat="45.770931243896484" lon="6.892633438110352">
        <ele>2365.02734375</ele>
      </trkpt>
      <trkpt lat="45.771017074584961" lon="6.892397403717041">
        <ele>2368.484375</ele>
      </trkpt>
      <trkpt lat="45.771167278289795" lon="6.89218282699585">
        <ele>2369.484375</ele>
      </trkpt>
      <trkpt lat="45.771896839141846" lon="6.891560554504395">
        <ele>2373.4375</ele>
      </trkpt>
      <trkpt lat="45.772154331207275" lon="6.891131401062012">
        <ele>2388.71875</ele>
      </trkpt>
      <trkpt lat="45.772390365600586" lon="6.891002655029297">
        <ele>2380.515625</ele>
      </trkpt>
      <trkpt lat="45.772454738616943" lon="6.890852451324463">
        <ele>2383.6171875</ele>
      </trkpt>
      <trkpt lat="45.772304534912109" lon="6.890702247619629">
        <ele>2398.30859375</ele>
      </trkpt>
      <trkpt lat="45.77204704284668" lon="6.890788078308105">
        <ele>2412.38671875</ele>
      </trkpt>
      <trkpt lat="45.771939754486084" lon="6.890723705291748">
        <ele>2416.90234375</ele>
      </trkpt>
      <trkpt lat="45.772068500518799" lon="6.890573501586914">
        <ele>2415.3515625</ele>
      </trkpt>
      <trkpt lat="45.772240161895752" lon="6.890230178833008">
        <ele>2411.21875</ele>
      </trkpt>
      <trkpt lat="45.77228307723999" lon="6.890058517456055">
        <ele>2411.2421875</ele>
      </trkpt>
      <trkpt lat="45.772240161895752" lon="6.889865398406982">
        <ele>2414.98046875</ele>
      </trkpt>
      <trkpt lat="45.772132873535156" lon="6.889693737030029">
        <ele>2420.8828125</ele>
      </trkpt>
      <trkpt lat="45.771939754486084" lon="6.889522075653076">
        <ele>2422.4921875</ele>
      </trkpt>
      <trkpt lat="45.771811008453369" lon="6.889479160308838">
        <ele>2423.2265625</ele>
      </trkpt>
      <trkpt lat="45.771553516387939" lon="6.889350414276123">
        <ele>2423.46484375</ele>
      </trkpt>
      <trkpt lat="45.770952701568604" lon="6.889200210571289">
        <ele>2419.50390625</ele>
      </trkpt>
      <trkpt lat="45.77078104019165" lon="6.889114379882812">
        <ele>2415.58203125</ele>
      </trkpt>
      <trkpt lat="45.77054500579834" lon="6.888728141784668">
        <ele>2402.0859375</ele>
      </trkpt>
      <trkpt lat="45.770094394683838" lon="6.888213157653809">
        <ele>2391.57421875</ele>
      </trkpt>
      <trkpt lat="45.769944190979004" lon="6.888105869293213">
        <ele>2391.0703125</ele>
      </trkpt>
      <trkpt lat="45.769686698913574" lon="6.887719631195068">
        <ele>2386.1953125</ele>
      </trkpt>
      <trkpt lat="45.769386291503906" lon="6.886904239654541">
        <ele>2369.95703125</ele>
      </trkpt>
      <trkpt lat="45.769364833831787" lon="6.88668966293335">
        <ele>2364.25390625</ele>
      </trkpt>
      <trkpt lat="45.769279003143311" lon="6.886603832244873">
        <ele>2363.47265625</ele>
      </trkpt>
      <trkpt lat="45.769128799438477" lon="6.88666820526123">
        <ele>2368.16796875</ele>
      </trkpt>
      <trkpt lat="45.768849849700928" lon="6.886646747589111">
        <ele>2372.921875</ele>
      </trkpt>
      <trkpt lat="45.768613815307617" lon="6.886775493621826">
        <ele>2373.953125</ele>
      </trkpt>
      <trkpt lat="45.768527984619141" lon="6.886839866638184">
        <ele>2373.69140625</ele>
      </trkpt>
      <trkpt lat="45.768356323242188" lon="6.886947154998779">
        <ele>2372.5078125</ele>
      </trkpt>
      <trkpt lat="45.768249034881592" lon="6.886839866638184">
        <ele>2367.16796875</ele>
      </trkpt>
      <trkpt lat="45.768077373504639" lon="6.886711120605469">
        <ele>2359.85546875</ele>
      </trkpt>
      <trkpt lat="45.767862796783447" lon="6.886732578277588">
        <ele>2355.68359375</ele>
      </trkpt>
      <trkpt lat="45.767626762390137" lon="6.886818408966064">
        <ele>2352.73828125</ele>
      </trkpt>
      <trkpt lat="45.767691135406494" lon="6.886646747589111">
        <ele>2350.2890625</ele>
      </trkpt>
      <trkpt lat="45.768077373504639" lon="6.885659694671631">
        <ele>2336.16796875</ele>
      </trkpt>
      <trkpt lat="45.768249034881592" lon="6.885530948638916">
        <ele>2336.09765625</ele>
      </trkpt>
      <trkpt lat="45.768334865570068" lon="6.885337829589844">
        <ele>2333.30078125</ele>
      </trkpt>
      <trkpt lat="45.768399238586426" lon="6.885015964508057">
        <ele>2327.36328125</ele>
      </trkpt>
      <trkpt lat="45.768356323242188" lon="6.88493013381958">
        <ele>2325.2421875</ele>
      </trkpt>
      <trkpt lat="45.768635272979736" lon="6.884157657623291">
        <ele>2313.8359375</ele>
      </trkpt>
      <trkpt lat="45.768849849700928" lon="6.883792877197266">
        <ele>2304.22265625</ele>
      </trkpt>
      <trkpt lat="45.768849849700928" lon="6.883642673492432">
        <ele>2300.44921875</ele>
      </trkpt>
      <trkpt lat="45.768806934356689" lon="6.883578300476074">
        <ele>2299.46875</ele>
      </trkpt>
      <trkpt lat="45.768806934356689" lon="6.883449554443359">
        <ele>2296.2265625</ele>
      </trkpt>
      <trkpt lat="45.769150257110596" lon="6.883299350738525">
        <ele>2287.578125</ele>
      </trkpt>
      <trkpt lat="45.769171714782715" lon="6.883170604705811">
        <ele>2285.55859375</ele>
      </trkpt>
      <trkpt lat="45.769279003143311" lon="6.883149147033691">
        <ele>2283.77734375</ele>
      </trkpt>
      <trkpt lat="45.769407749176025" lon="6.883213520050049">
        <ele>2282.7890625</ele>
      </trkpt>
      <trkpt lat="45.76953649520874" lon="6.88319206237793">
        <ele>2280.70703125</ele>
      </trkpt>
      <trkpt lat="45.769815444946289" lon="6.882956027984619">
        <ele>2274.7890625</ele>
      </trkpt>
      <trkpt lat="45.770008563995361" lon="6.882591247558594">
        <ele>2267.8671875</ele>
      </trkpt>
      <trkpt lat="45.770137310028076" lon="6.882505416870117">
        <ele>2265.1640625</ele>
      </trkpt>
      <trkpt lat="45.770266056060791" lon="6.882398128509521">
        <ele>2262.11328125</ele>
      </trkpt>
      <trkpt lat="45.770351886749268" lon="6.882312297821045">
        <ele>2259.8515625</ele>
      </trkpt>
      <trkpt lat="45.770502090454102" lon="6.882205009460449">
        <ele>2256.484375</ele>
      </trkpt>
      <trkpt lat="45.770845413208008" lon="6.882097721099854">
        <ele>2250.8359375</ele>
      </trkpt>
      <trkpt lat="45.770974159240723" lon="6.881968975067139">
        <ele>2247.25390625</ele>
      </trkpt>
      <trkpt lat="45.771167278289795" lon="6.881904602050781">
        <ele>2243.828125</ele>
      </trkpt>
      <trkpt lat="45.77129602432251" lon="6.881754398345947">
        <ele>2239.73046875</ele>
      </trkpt>
      <trkpt lat="45.771360397338867" lon="6.881582736968994">
        <ele>2236.4296875</ele>
      </trkpt>
      <trkpt lat="45.771574974060059" lon="6.881346702575684">
        <ele>2230.4921875</ele>
      </trkpt>
      <trkpt lat="45.771596431732178" lon="6.88117504119873">
        <ele>2227.6171875</ele>
      </trkpt>
      <trkpt lat="45.771639347076416" lon="6.881067752838135">
        <ele>2225.23046875</ele>
      </trkpt>
      <trkpt lat="45.771768093109131" lon="6.881003379821777">
        <ele>2221.78125</ele>
      </trkpt>
      <trkpt lat="45.771875381469727" lon="6.880831718444824">
        <ele>2216.55078125</ele>
      </trkpt>
      <trkpt lat="45.771939754486084" lon="6.880853176116943">
        <ele>2215.59375</ele>
      </trkpt>
      <trkpt lat="45.772025585174561" lon="6.880853176116943">
        <ele>2213.7890625</ele>
      </trkpt>
      <trkpt lat="45.772089958190918" lon="6.880745887756348">
        <ele>2210.66796875</ele>
      </trkpt>
      <trkpt lat="45.772240161895752" lon="6.880617141723633">
        <ele>2205.84765625</ele>
      </trkpt>
      <trkpt lat="45.772368907928467" lon="6.88044548034668">
        <ele>2200.37109375</ele>
      </trkpt>
      <trkpt lat="45.772390365600586" lon="6.880316734313965">
        <ele>2197.71484375</ele>
      </trkpt>
      <trkpt lat="45.772840976715088" lon="6.879801750183105">
        <ele>2178.89453125</ele>
      </trkpt>
      <trkpt lat="45.77303409576416" lon="6.879651546478271">
        <ele>2172.86328125</ele>
      </trkpt>
      <trkpt lat="45.772991180419922" lon="6.879587173461914">
        <ele>2173.79296875</ele>
      </trkpt>
      <trkpt lat="45.772905349731445" lon="6.879608631134033">
        <ele>2176.5078125</ele>
      </trkpt>
      <trkpt lat="45.772840976715088" lon="6.879479885101318">
        <ele>2178.74609375</ele>
      </trkpt>
      <trkpt lat="45.773012638092041" lon="6.879286766052246">
        <ele>2172.19140625</ele>
      </trkpt>
      <trkpt lat="45.773077011108398" lon="6.879158020019531">
        <ele>2169.60546875</ele>
      </trkpt>
      <trkpt lat="45.773162841796875" lon="6.878857612609863">
        <ele>2166.22265625</ele>
      </trkpt>
      <trkpt lat="45.773227214813232" lon="6.878707408905029">
        <ele>2163.02734375</ele>
      </trkpt>
      <trkpt lat="45.773227214813232" lon="6.878535747528076">
        <ele>2162.453125</ele>
      </trkpt>
      <trkpt lat="45.773355960845947" lon="6.878235340118408">
        <ele>2154.53125</ele>
      </trkpt>
      <trkpt lat="45.77354907989502" lon="6.877999305725098">
        <ele>2144.9296875</ele>
      </trkpt>
      <trkpt lat="45.773763656616211" lon="6.877763271331787">
        <ele>2135.27734375</ele>
      </trkpt>
      <trkpt lat="45.773806571960449" lon="6.877677440643311">
        <ele>2133.76953125</ele>
      </trkpt>
      <trkpt lat="45.773806571960449" lon="6.87744140625">
        <ele>2135.03515625</ele>
      </trkpt>
      <trkpt lat="45.773849487304688" lon="6.877355575561523">
        <ele>2131.84375</ele>
      </trkpt>
      <trkpt lat="45.773892402648926" lon="6.877334117889404">
        <ele>2129.5</ele>
      </trkpt>
      <trkpt lat="45.773913860321045" lon="6.877269744873047">
        <ele>2127.77734375</ele>
      </trkpt>
      <trkpt lat="45.773956775665283" lon="6.877269744873047">
        <ele>2125.7421875</ele>
      </trkpt>
      <trkpt lat="45.774021148681641" lon="6.877312660217285">
        <ele>2123.04296875</ele>
      </trkpt>
      <trkpt lat="45.774106979370117" lon="6.877377033233643">
        <ele>2119.31640625</ele>
      </trkpt>
      <trkpt lat="45.774149894714355" lon="6.877312660217285">
        <ele>2116.8203125</ele>
      </trkpt>
      <trkpt lat="45.774192810058594" lon="6.877269744873047">
        <ele>2114.5390625</ele>
      </trkpt>
      <trkpt lat="45.774257183074951" lon="6.877269744873047">
        <ele>2111.484375</ele>
      </trkpt>
      <trkpt lat="45.77427864074707" lon="6.877162456512451">
        <ele>2110.13671875</ele>
      </trkpt>
      <trkpt lat="45.774300098419189" lon="6.876969337463379">
        <ele>2108.65234375</ele>
      </trkpt>
      <trkpt lat="45.774343013763428" lon="6.876733303070068">
        <ele>2106.453125</ele>
      </trkpt>
      <trkpt lat="45.774321556091309" lon="6.876626014709473">
        <ele>2106.52734375</ele>
      </trkpt>
      <trkpt lat="45.774364471435547" lon="6.876604557037354">
        <ele>2104.3828125</ele>
      </trkpt>
      <trkpt lat="45.774600505828857" lon="6.876711845397949">
        <ele>2097.09375</ele>
      </trkpt>
      <trkpt lat="45.774686336517334" lon="6.876776218414307">
        <ele>2091.953125</ele>
      </trkpt>
      <trkpt lat="45.774772167205811" lon="6.876883506774902">
        <ele>2086.1640625</ele>
      </trkpt>
      <trkpt lat="45.774815082550049" lon="6.87694787979126">
        <ele>2083.0859375</ele>
      </trkpt>
      <trkpt lat="45.774879455566406" lon="6.876990795135498">
        <ele>2078.7265625</ele>
      </trkpt>
      <trkpt lat="45.774943828582764" lon="6.876969337463379">
        <ele>2074.85546875</ele>
      </trkpt>
      <trkpt lat="45.774986743927002" lon="6.876969337463379">
        <ele>2072.16015625</ele>
      </trkpt>
      <trkpt lat="45.77502965927124" lon="6.87694787979126">
        <ele>2069.68359375</ele>
      </trkpt>
      <trkpt lat="45.775008201599121" lon="6.876904964447021">
        <ele>2071.44921875</ele>
      </trkpt>
      <trkpt lat="45.77502965927124" lon="6.876840591430664">
        <ele>2070.78515625</ele>
      </trkpt>
      <trkpt lat="45.775072574615479" lon="6.876797676086426">
        <ele>2068.64453125</ele>
      </trkpt>
      <trkpt lat="45.775115489959717" lon="6.876776218414307">
        <ele>2066.31640625</ele>
      </trkpt>
      <trkpt lat="45.775094032287598" lon="6.876647472381592">
        <ele>2069.05078125</ele>
      </trkpt>
      <trkpt lat="45.77502965927124" lon="6.876475811004639">
        <ele>2069.19921875</ele>
      </trkpt>
      <trkpt lat="45.774986743927002" lon="6.87645435333252">
        <ele>2071</ele>
      </trkpt>
      <trkpt lat="45.774943828582764" lon="6.876325607299805">
        <ele>2070.203125</ele>
      </trkpt>
      <trkpt lat="45.774900913238525" lon="6.875982284545898">
        <ele>2063.78515625</ele>
      </trkpt>
      <trkpt lat="45.774857997894287" lon="6.875874996185303">
        <ele>2062.734375</ele>
      </trkpt>
      <trkpt lat="45.77479362487793" lon="6.875789165496826">
        <ele>2062.84375</ele>
      </trkpt>
      <trkpt lat="45.774664878845215" lon="6.87568187713623">
        <ele>2064.78125</ele>
      </trkpt>
      <trkpt lat="45.774600505828857" lon="6.875617504119873">
        <ele>2065.55859375</ele>
      </trkpt>
      <trkpt lat="45.774557590484619" lon="6.875510215759277">
        <ele>2064.8671875</ele>
      </trkpt>
      <trkpt lat="45.774493217468262" lon="6.875166893005371">
        <ele>2059.67578125</ele>
      </trkpt>
      <trkpt lat="45.774493217468262" lon="6.874759197235107">
        <ele>2054.296875</ele>
      </trkpt>
      <trkpt lat="45.774579048156738" lon="6.874501705169678">
        <ele>2048.44921875</ele>
      </trkpt>
      <trkpt lat="45.774621963500977" lon="6.87443733215332">
        <ele>2045.91015625</ele>
      </trkpt>
      <trkpt lat="45.774621963500977" lon="6.874372959136963">
        <ele>2045.58984375</ele>
      </trkpt>
      <trkpt lat="45.774686336517334" lon="6.87420129776001">
        <ele>2041.921875</ele>
      </trkpt>
      <trkpt lat="45.774729251861572" lon="6.874029636383057">
        <ele>2039.3984375</ele>
      </trkpt>
      <trkpt lat="45.77479362487793" lon="6.873793601989746">
        <ele>2035.671875</ele>
      </trkpt>
      <trkpt lat="45.774857997894287" lon="6.873621940612793">
        <ele>2031.8515625</ele>
      </trkpt>
      <trkpt lat="45.774879455566406" lon="6.873493194580078">
        <ele>2030.21484375</ele>
      </trkpt>
      <trkpt lat="45.774879455566406" lon="6.873300075531006">
        <ele>2029.3984375</ele>
      </trkpt>
      <trkpt lat="45.774943828582764" lon="6.87269926071167">
        <ele>2023.59375</ele>
      </trkpt>
      <trkpt lat="45.774986743927002" lon="6.872527599334717">
        <ele>2020.2265625</ele>
      </trkpt>
      <trkpt lat="45.77502965927124" lon="6.872398853302002">
        <ele>2017.4296875</ele>
      </trkpt>
      <trkpt lat="45.775094032287598" lon="6.872334480285645">
        <ele>2013.40625</ele>
      </trkpt>
      <trkpt lat="45.775136947631836" lon="6.872184276580811">
        <ele>2010.84765625</ele>
      </trkpt>
      <trkpt lat="45.775222778320312" lon="6.872034072875977">
        <ele>2005.421875</ele>
      </trkpt>
      <trkpt lat="45.775244235992432" lon="6.871991157531738">
        <ele>2004.05078125</ele>
      </trkpt>
      <trkpt lat="45.775351524353027" lon="6.871883869171143">
        <ele>1997.0390625</ele>
      </trkpt>
      <trkpt lat="45.775437355041504" lon="6.871862411499023">
        <ele>1991.35546875</ele>
      </trkpt>
      <trkpt lat="45.775501728057861" lon="6.871862411499023">
        <ele>1988.85546875</ele>
      </trkpt>
      <trkpt lat="45.775553109124303" lon="6.871828129515052">
        <ele>1986.99609375</ele>
      </trkpt>
      <trkpt lat="45.775609016418457" lon="6.871712207794189">
        <ele>1984.9921875</ele>
      </trkpt>
      <trkpt lat="45.775587558746338" lon="6.871368885040283">
        <ele>1982.796875</ele>
      </trkpt>
      <trkpt lat="45.775415897369385" lon="6.870489120483398">
        <ele>1979.35546875</ele>
      </trkpt>
      <trkpt lat="45.775394439697266" lon="6.870338916778564">
        <ele>1979.140625</ele>
      </trkpt>
      <trkpt lat="45.775394439697266" lon="6.86995267868042">
        <ele>1974.84375</ele>
      </trkpt>
      <trkpt lat="45.775802135467529" lon="6.871089935302734">
        <ele>1973.1015625</ele>
      </trkpt>
      <trkpt lat="45.775845050811768" lon="6.871175765991211">
        <ele>1972.4921875</ele>
      </trkpt>
      <trkpt lat="45.775909423828125" lon="6.87119722366333">
        <ele>1970.609375</ele>
      </trkpt>
      <trkpt lat="45.775952339172363" lon="6.87119722366333">
        <ele>1969.2265625</ele>
      </trkpt>
      <trkpt lat="45.776188373565674" lon="6.871132850646973">
        <ele>1961.28515625</ele>
      </trkpt>
      <trkpt lat="45.776317119598389" lon="6.871089935302734">
        <ele>1960.05859375</ele>
      </trkpt>
      <trkpt lat="45.776252746582031" lon="6.870617866516113">
        <ele>1958.28515625</ele>
      </trkpt>
      <trkpt lat="45.776252746582031" lon="6.870467662811279">
        <ele>1958.765625</ele>
      </trkpt>
      <trkpt lat="45.77629566192627" lon="6.86995267868042">
        <ele>1961.0078125</ele>
      </trkpt>
      <trkpt lat="45.776317119598389" lon="6.869781017303467">
        <ele>1962.8515625</ele>
      </trkpt>
      <trkpt lat="45.77629566192627" lon="6.86969518661499">
        <ele>1962.49609375</ele>
      </trkpt>
      <trkpt lat="45.776317119598389" lon="6.869630813598633">
        <ele>1963.6796875</ele>
      </trkpt>
      <trkpt lat="45.77629566192627" lon="6.869566440582275">
        <ele>1963.23828125</ele>
      </trkpt>
      <trkpt lat="45.776231288909912" lon="6.86945915222168">
        <ele>1963.40234375</ele>
      </trkpt>
      <trkpt lat="45.776145458221436" lon="6.869373321533203">
        <ele>1964.26953125</ele>
      </trkpt>
      <trkpt lat="45.77627420425415" lon="6.869308948516846">
        <ele>1964.0390625</ele>
      </trkpt>
      <trkpt lat="45.776338577270508" lon="6.869244575500488">
        <ele>1966.53515625</ele>
      </trkpt>
      <trkpt lat="45.776381492614746" lon="6.869115829467773">
        <ele>1968.390625</ele>
      </trkpt>
      <trkpt lat="45.77629566192627" lon="6.869072914123535">
        <ele>1965.6328125</ele>
      </trkpt>
      <trkpt lat="45.776252746582031" lon="6.869072914123535">
        <ele>1965.015625</ele>
      </trkpt>
      <trkpt lat="45.77627420425415" lon="6.869029998779297">
        <ele>1965</ele>
      </trkpt>
      <trkpt lat="45.776317119598389" lon="6.868922710418701">
        <ele>1966.2265625</ele>
      </trkpt>
      <trkpt lat="45.77627420425415" lon="6.868879795074463">
        <ele>1965</ele>
      </trkpt>
      <trkpt lat="45.77627420425415" lon="6.868815422058105">
        <ele>1965</ele>
      </trkpt>
      <trkpt lat="45.776338577270508" lon="6.868729591369629">
        <ele>1966.703125</ele>
      </trkpt>
      <trkpt lat="45.776338577270508" lon="6.86821460723877">
        <ele>1966.51171875</ele>
      </trkpt>
      <trkpt lat="45.77627420425415" lon="6.868150234222412">
        <ele>1965.19140625</ele>
      </trkpt>
      <trkpt lat="45.77627420425415" lon="6.867978572845459">
        <ele>1965.39453125</ele>
      </trkpt>
      <trkpt lat="45.77629566192627" lon="6.867914199829102">
        <ele>1965.94921875</ele>
      </trkpt>
      <trkpt lat="45.77629566192627" lon="6.867914199829102">
        <ele>1965.94921875</ele>
      </trkpt>
    </trkseg>
  </trk>
</gpx>
