<?xml version="1.0"?>
<gpx xmlns="http://www.topografix.com/GPX/1/1" xmlns:xsi="http://www.w3.org/2001/XMLSchema-instance" xmlns:wptx1="http://www.garmin.com/xmlschemas/WaypointExtension/v1" xmlns:gpxtrx="http://www.garmin.com/xmlschemas/GpxExtensions/v3" xmlns:gpxtpx="http://www.garmin.com/xmlschemas/TrackPointExtension/v1" xmlns:gpxx="http://www.garmin.com/xmlschemas/GpxExtensions/v3" xmlns:trp="http://www.garmin.com/xmlschemas/TripExtensions/v1" xmlns:adv="http://www.garmin.com/xmlschemas/AdventuresExtensions/v1" xmlns:prs="http://www.garmin.com/xmlschemas/PressureExtension/v1" xmlns:tmd="http://www.garmin.com/xmlschemas/TripMetaDataExtensions/v1" xmlns:vptm="http://www.garmin.com/xmlschemas/ViaPointTransportationModeExtensions/v1" xmlns:ctx="http://www.garmin.com/xmlschemas/CreationTimeExtension/v1" xmlns:gpxacc="http://www.garmin.com/xmlschemas/AccelerationExtension/v1" xmlns:gpxpx="http://www.garmin.com/xmlschemas/PowerExtension/v1" xmlns:vidx1="http://www.garmin.com/xmlschemas/VideoExtension/v1" creator="Garmin Desktop App" version="1.1" xsi:schemaLocation="http://www.topografix.com/GPX/1/1 http://www.topografix.com/GPX/1/1/gpx.xsd http://www.garmin.com/xmlschemas/WaypointExtension/v1 http://www8.garmin.com/xmlschemas/WaypointExtensionv1.xsd http://www.garmin.com/xmlschemas/TrackPointExtension/v1 http://www.garmin.com/xmlschemas/TrackPointExtensionv1.xsd http://www.garmin.com/xmlschemas/GpxExtensions/v3 http://www8.garmin.com/xmlschemas/GpxExtensionsv3.xsd http://www.garmin.com/xmlschemas/ActivityExtension/v1 http://www8.garmin.com/xmlschemas/ActivityExtensionv1.xsd http://www.garmin.com/xmlschemas/AdventuresExtensions/v1 http://www8.garmin.com/xmlschemas/AdventuresExtensionv1.xsd http://www.garmin.com/xmlschemas/PressureExtension/v1 http://www.garmin.com/xmlschemas/PressureExtensionv1.xsd http://www.garmin.com/xmlschemas/TripExtensions/v1 http://www.garmin.com/xmlschemas/TripExtensionsv1.xsd http://www.garmin.com/xmlschemas/TripMetaDataExtensions/v1 http://www.garmin.com/xmlschemas/TripMetaDataExtensionsv1.xsd http://www.garmin.com/xmlschemas/ViaPointTransportationModeExtensions/v1 http://www.garmin.com/xmlschemas/ViaPointTransportationModeExtensionsv1.xsd http://www.garmin.com/xmlschemas/CreationTimeExtension/v1 http://www.garmin.com/xmlschemas/CreationTimeExtensionsv1.xsd http://www.garmin.com/xmlschemas/AccelerationExtension/v1 http://www.garmin.com/xmlschemas/AccelerationExtensionv1.xsd http://www.garmin.com/xmlschemas/PowerExtension/v1 http://www.garmin.com/xmlschemas/PowerExtensionv1.xsd http://www.garmin.com/xmlschemas/VideoExtension/v1 http://www.garmin.com/xmlschemas/VideoExtensionv1.xsd">
  <metadata>
    <link href="http://www.garmin.com">
      <text>Garmin International</text>
    </link>
    <time>2026-03-04T12:11:25Z</time>
    <bounds maxlat="45.899913311004639" maxlon="7.112681865692139" minlat="45.809201253578067" minlon="6.977777481079102"/>
  </metadata>
  <trk>
    <name>TMB Etappe 05</name>
    <extensions>
      <gpxx:TrackExtension>
        <gpxx:DisplayColor>Green</gpxx:DisplayColor>
      </gpxx:TrackExtension>
    </extensions>
    <trkseg>
      <trkpt lat="45.898544546216726" lon="7.112651523202658">
        <ele>2075.7578125</ele>
        <time>2025-08-29T08:17:02Z</time>
      </trkpt>
      <trkpt lat="45.898647308349609" lon="7.112681865692139">
        <ele>2075.6875</ele>
      </trkpt>
      <trkpt lat="45.898776054382324" lon="7.112574577331543">
        <ele>2079.7734375</ele>
      </trkpt>
      <trkpt lat="45.898840427398682" lon="7.112574577331543">
        <ele>2080.03515625</ele>
      </trkpt>
      <trkpt lat="45.899055004119873" lon="7.112531661987305">
        <ele>2082.30078125</ele>
      </trkpt>
      <trkpt lat="45.899484157562256" lon="7.112553119659424">
        <ele>2083.3984375</ele>
      </trkpt>
      <trkpt lat="45.899913311004639" lon="7.112338542938232">
        <ele>2088.99609375</ele>
      </trkpt>
      <trkpt lat="45.899569988250732" lon="7.112038135528564">
        <ele>2101.83984375</ele>
      </trkpt>
      <trkpt lat="45.899205207824707" lon="7.111930847167969">
        <ele>2105.16015625</ele>
      </trkpt>
      <trkpt lat="45.898818969726562" lon="7.111694812774658">
        <ele>2113.9609375</ele>
      </trkpt>
      <trkpt lat="45.898770019412041" lon="7.111641839146614">
        <ele>2116.109375</ele>
      </trkpt>
      <trkpt lat="45.898282527923584" lon="7.111115455627441">
        <ele>2131.765625</ele>
      </trkpt>
      <trkpt lat="45.897831916809082" lon="7.110750675201416">
        <ele>2141</ele>
      </trkpt>
      <trkpt lat="45.897660255432129" lon="7.110450267791748">
        <ele>2148.3125</ele>
      </trkpt>
      <trkpt lat="45.897359848022461" lon="7.110042572021484">
        <ele>2156.24609375</ele>
      </trkpt>
      <trkpt lat="45.897424221038818" lon="7.109978199005127">
        <ele>2159.6484375</ele>
      </trkpt>
      <trkpt lat="45.897574424743652" lon="7.109935283660889">
        <ele>2163.9765625</ele>
      </trkpt>
      <trkpt lat="45.897896289825439" lon="7.10991382598877">
        <ele>2170.76171875</ele>
      </trkpt>
      <trkpt lat="45.897896289825439" lon="7.109870910644531">
        <ele>2172.21484375</ele>
      </trkpt>
      <trkpt lat="45.897188186645508" lon="7.108755111694336">
        <ele>2195.8125</ele>
      </trkpt>
      <trkpt lat="45.897080898284912" lon="7.108669281005859">
        <ele>2195.65234375</ele>
      </trkpt>
      <trkpt lat="45.896716117858887" lon="7.107596397399902">
        <ele>2212.51953125</ele>
      </trkpt>
      <trkpt lat="45.896651744842529" lon="7.1071457862854">
        <ele>2222.015625</ele>
      </trkpt>
      <trkpt lat="45.896694660186768" lon="7.107038497924805">
        <ele>2226.6953125</ele>
      </trkpt>
      <trkpt lat="45.896437168121338" lon="7.106180191040039">
        <ele>2237.7265625</ele>
      </trkpt>
      <trkpt lat="45.896415710449219" lon="7.105965614318848">
        <ele>2241.5078125</ele>
      </trkpt>
      <trkpt lat="45.896286964416504" lon="7.105579376220703">
        <ele>2243.58984375</ele>
      </trkpt>
      <trkpt lat="45.896158218383789" lon="7.104828357696533">
        <ele>2249.73828125</ele>
      </trkpt>
      <trkpt lat="45.896158218383789" lon="7.104506492614746">
        <ele>2255.9609375</ele>
      </trkpt>
      <trkpt lat="45.896008014678955" lon="7.104034423828125">
        <ele>2257.14453125</ele>
      </trkpt>
      <trkpt lat="45.895986557006836" lon="7.103712558746338">
        <ele>2263.26171875</ele>
      </trkpt>
      <trkpt lat="45.895535945892334" lon="7.102532386779785">
        <ele>2268.37890625</ele>
      </trkpt>
      <trkpt lat="45.895450115203857" lon="7.102146148681641">
        <ele>2274.48046875</ele>
      </trkpt>
      <trkpt lat="45.895299911499023" lon="7.101867198944092">
        <ele>2274.08984375</ele>
      </trkpt>
      <trkpt lat="45.895020961761475" lon="7.100965976715088">
        <ele>2286.953125</ele>
      </trkpt>
      <trkpt lat="45.894505977630615" lon="7.100129127502441">
        <ele>2290.59765625</ele>
      </trkpt>
      <trkpt lat="45.894248485565186" lon="7.099850177764893">
        <ele>2285.27734375</ele>
      </trkpt>
      <trkpt lat="45.894205570220947" lon="7.099699974060059">
        <ele>2288.1953125</ele>
      </trkpt>
      <trkpt lat="45.894184112548828" lon="7.09942102432251">
        <ele>2297.31640625</ele>
      </trkpt>
      <trkpt lat="45.893905162811279" lon="7.099120616912842">
        <ele>2291.7109375</ele>
      </trkpt>
      <trkpt lat="45.89388370513916" lon="7.09892749786377">
        <ele>2296.7578125</ele>
      </trkpt>
      <trkpt lat="45.893776416778564" lon="7.098820209503174">
        <ele>2293.0234375</ele>
      </trkpt>
      <trkpt lat="45.893583297729492" lon="7.098455429077148">
        <ele>2291.01953125</ele>
      </trkpt>
      <trkpt lat="45.893497467041016" lon="7.097811698913574">
        <ele>2300.625</ele>
      </trkpt>
      <trkpt lat="45.893239974975586" lon="7.09716796875">
        <ele>2302.96484375</ele>
      </trkpt>
      <trkpt lat="45.892789363861084" lon="7.095816135406494">
        <ele>2317.3828125</ele>
      </trkpt>
      <trkpt lat="45.892724990844727" lon="7.095086574554443">
        <ele>2333.57421875</ele>
      </trkpt>
      <trkpt lat="45.892574787139893" lon="7.09467887878418">
        <ele>2340.609375</ele>
      </trkpt>
      <trkpt lat="45.892446041107178" lon="7.094743251800537">
        <ele>2335.5625</ele>
      </trkpt>
      <trkpt lat="45.892446041107178" lon="7.094464302062988">
        <ele>2343.2421875</ele>
      </trkpt>
      <trkpt lat="45.892295837402344" lon="7.094206809997559">
        <ele>2345.90234375</ele>
      </trkpt>
      <trkpt lat="45.892167091369629" lon="7.093842029571533">
        <ele>2350.96875</ele>
      </trkpt>
      <trkpt lat="45.89214563369751" lon="7.09343433380127">
        <ele>2359.7734375</ele>
      </trkpt>
      <trkpt lat="45.892038345336914" lon="7.093219757080078">
        <ele>2361.05078125</ele>
      </trkpt>
      <trkpt lat="45.892059803009033" lon="7.09266185760498">
        <ele>2370.83984375</ele>
      </trkpt>
      <trkpt lat="45.892038345336914" lon="7.092533111572266">
        <ele>2372.0703125</ele>
      </trkpt>
      <trkpt lat="45.892124176025391" lon="7.091803550720215">
        <ele>2383.53515625</ele>
      </trkpt>
      <trkpt lat="45.89214563369751" lon="7.091159820556641">
        <ele>2390.32421875</ele>
      </trkpt>
      <trkpt lat="45.892038345336914" lon="7.090902328491211">
        <ele>2388.12890625</ele>
      </trkpt>
      <trkpt lat="45.892059803009033" lon="7.090086936950684">
        <ele>2395.84765625</ele>
      </trkpt>
      <trkpt lat="45.892124176025391" lon="7.089850902557373">
        <ele>2400.3671875</ele>
      </trkpt>
      <trkpt lat="45.891973972320557" lon="7.088370323181152">
        <ele>2409.12109375</ele>
      </trkpt>
      <trkpt lat="45.891995429992676" lon="7.088134288787842">
        <ele>2411.63671875</ele>
      </trkpt>
      <trkpt lat="45.891952514648438" lon="7.087233066558838">
        <ele>2420.16796875</ele>
      </trkpt>
      <trkpt lat="45.891909599304199" lon="7.087082862854004">
        <ele>2421.44921875</ele>
      </trkpt>
      <trkpt lat="45.891952514648438" lon="7.086782455444336">
        <ele>2426.06640625</ele>
      </trkpt>
      <trkpt lat="45.89165210723877" lon="7.086031436920166">
        <ele>2431.734375</ele>
      </trkpt>
      <trkpt lat="45.891673564910889" lon="7.085859775543213">
        <ele>2434.90234375</ele>
      </trkpt>
      <trkpt lat="45.891609191894531" lon="7.08568811416626">
        <ele>2435.52734375</ele>
      </trkpt>
      <trkpt lat="45.891437530517578" lon="7.085559368133545">
        <ele>2431.25</ele>
      </trkpt>
      <trkpt lat="45.89139461517334" lon="7.085280418395996">
        <ele>2431.93359375</ele>
      </trkpt>
      <trkpt lat="45.891501903533936" lon="7.08493709564209">
        <ele>2439.01953125</ele>
      </trkpt>
      <trkpt lat="45.891780853271484" lon="7.08442211151123">
        <ele>2452.515625</ele>
      </trkpt>
      <trkpt lat="45.892038345336914" lon="7.084207534790039">
        <ele>2459.9140625</ele>
      </trkpt>
      <trkpt lat="45.892231464385986" lon="7.084121704101562">
        <ele>2464.80859375</ele>
      </trkpt>
      <trkpt lat="45.892231464385986" lon="7.083215452730656">
        <ele>2472.48046875</ele>
      </trkpt>
      <trkpt lat="45.892231464385986" lon="7.083134651184082">
        <ele>2473.51171875</ele>
      </trkpt>
      <trkpt lat="45.89214563369751" lon="7.082920074462891">
        <ele>2474.02734375</ele>
      </trkpt>
      <trkpt lat="45.89214563369751" lon="7.082576751708984">
        <ele>2478.97265625</ele>
      </trkpt>
      <trkpt lat="45.892016887664795" lon="7.082405090332031">
        <ele>2477.89453125</ele>
      </trkpt>
      <trkpt lat="45.891931056976318" lon="7.082104682922363">
        <ele>2480.17578125</ele>
      </trkpt>
      <trkpt lat="45.891995429992676" lon="7.081503868103027">
        <ele>2488.296875</ele>
      </trkpt>
      <trkpt lat="45.892059803009033" lon="7.081396579742432">
        <ele>2490.6484375</ele>
      </trkpt>
      <trkpt lat="45.892081260681152" lon="7.081160545349121">
        <ele>2493.26953125</ele>
      </trkpt>
      <trkpt lat="45.891952514648438" lon="7.081010341644287">
        <ele>2491.55859375</ele>
      </trkpt>
      <trkpt lat="45.891716480255127" lon="7.080302238464355">
        <ele>2494.67578125</ele>
      </trkpt>
      <trkpt lat="45.89163064956665" lon="7.080173492431641">
        <ele>2494.74609375</ele>
      </trkpt>
      <trkpt lat="45.891544818878174" lon="7.07970142364502">
        <ele>2499.703125</ele>
      </trkpt>
      <trkpt lat="45.891373157501221" lon="7.07944393157959">
        <ele>2500.11328125</ele>
      </trkpt>
      <trkpt lat="45.891330242156982" lon="7.079143524169922">
        <ele>2503.6171875</ele>
      </trkpt>
      <trkpt lat="45.891244411468506" lon="7.078843116760254">
        <ele>2506.5</ele>
      </trkpt>
      <trkpt lat="45.891287326812744" lon="7.078649997711182">
        <ele>2510.3046875</ele>
      </trkpt>
      <trkpt lat="45.891244411468506" lon="7.078585624694824">
        <ele>2510.50390625</ele>
      </trkpt>
      <trkpt lat="45.891051292419434" lon="7.078564167022705">
        <ele>2509.2265625</ele>
      </trkpt>
      <trkpt lat="45.890514850616455" lon="7.078006267547607">
        <ele>2517.6015625</ele>
      </trkpt>
      <trkpt lat="45.889699459075928" lon="7.078049182891846">
        <ele>2523.59765625</ele>
      </trkpt>
      <trkpt lat="45.889291763305664" lon="7.077877521514893">
        <ele>2529.125</ele>
      </trkpt>
      <trkpt lat="45.889248847961426" lon="7.077813148498535">
        <ele>2529.71484375</ele>
      </trkpt>
      <trkpt lat="45.889055728912354" lon="7.077834606170654">
        <ele>2529.99609375</ele>
      </trkpt>
      <trkpt lat="45.888991355895996" lon="7.077856063842773">
        <ele>2530.18359375</ele>
      </trkpt>
      <trkpt lat="45.888926982879639" lon="7.077877521514893">
        <ele>2530.46875</ele>
      </trkpt>
      <trkpt lat="45.8888840675354" lon="7.077856063842773">
        <ele>2530.5</ele>
      </trkpt>
      <trkpt lat="45.888798236846924" lon="7.077813148498535">
        <ele>2530.375</ele>
      </trkpt>
      <trkpt lat="45.888669490814209" lon="7.077791690826416">
        <ele>2530</ele>
      </trkpt>
      <trkpt lat="45.888605117797852" lon="7.077813148498535">
        <ele>2529.8828125</ele>
      </trkpt>
      <trkpt lat="45.888519287109375" lon="7.077791690826416">
        <ele>2529</ele>
      </trkpt>
      <trkpt lat="45.888411998748779" lon="7.077791690826416">
        <ele>2528.28125</ele>
      </trkpt>
      <trkpt lat="45.888197422027588" lon="7.077770233154297">
        <ele>2526.3125</ele>
      </trkpt>
      <trkpt lat="45.887961387634277" lon="7.077770233154297">
        <ele>2524.60546875</ele>
      </trkpt>
      <trkpt lat="45.887875556945801" lon="7.077791690826416">
        <ele>2524.70703125</ele>
      </trkpt>
      <trkpt lat="45.887811183929443" lon="7.077770233154297">
        <ele>2523.9765625</ele>
      </trkpt>
      <trkpt lat="45.887768268585205" lon="7.077727317810059">
        <ele>2522.49609375</ele>
      </trkpt>
      <trkpt lat="45.887575149536133" lon="7.077662944793701">
        <ele>2520.08984375</ele>
      </trkpt>
      <trkpt lat="45.887510776519775" lon="7.077662944793701">
        <ele>2520.03125</ele>
      </trkpt>
      <trkpt lat="45.887424945831299" lon="7.077641487121582">
        <ele>2519.14453125</ele>
      </trkpt>
      <trkpt lat="45.887339115142822" lon="7.077598571777344">
        <ele>2517.41015625</ele>
      </trkpt>
      <trkpt lat="45.887231826782227" lon="7.077577114105225">
        <ele>2516.40625</ele>
      </trkpt>
      <trkpt lat="45.88714599609375" lon="7.077512741088867">
        <ele>2513.6953125</ele>
      </trkpt>
      <trkpt lat="45.887081623077393" lon="7.077491283416748">
        <ele>2512.68359375</ele>
      </trkpt>
      <trkpt lat="45.887038707733154" lon="7.077491283416748">
        <ele>2512.5859375</ele>
      </trkpt>
      <trkpt lat="45.886909961700439" lon="7.077469825744629">
        <ele>2511.80078125</ele>
      </trkpt>
      <trkpt lat="45.886716842651367" lon="7.077383995056152">
        <ele>2508.55078125</ele>
      </trkpt>
      <trkpt lat="45.886631011962891" lon="7.077362537384033">
        <ele>2507.80859375</ele>
      </trkpt>
      <trkpt lat="45.886566638946533" lon="7.077319622039795">
        <ele>2505.953125</ele>
      </trkpt>
      <trkpt lat="45.886437892913818" lon="7.077255249023438">
        <ele>2503.3671875</ele>
      </trkpt>
      <trkpt lat="45.886373519897461" lon="7.077255249023438">
        <ele>2503.5625</ele>
      </trkpt>
      <trkpt lat="45.886223316192627" lon="7.07719087600708">
        <ele>2501.453125</ele>
      </trkpt>
      <trkpt lat="45.886180400848389" lon="7.077169418334961">
        <ele>2500.3046875</ele>
      </trkpt>
      <trkpt lat="45.886116027832031" lon="7.077147960662842">
        <ele>2498.67578125</ele>
      </trkpt>
      <trkpt lat="45.886094570159912" lon="7.077105045318604">
        <ele>2496.8125</ele>
      </trkpt>
      <trkpt lat="45.886008739471436" lon="7.077040672302246">
        <ele>2493.5625</ele>
      </trkpt>
      <trkpt lat="45.885965824127197" lon="7.076976299285889">
        <ele>2490.91796875</ele>
      </trkpt>
      <trkpt lat="45.885944366455078" lon="7.07693338394165">
        <ele>2489.27734375</ele>
      </trkpt>
      <trkpt lat="45.885944366455078" lon="7.076890468597412">
        <ele>2487.82421875</ele>
      </trkpt>
      <trkpt lat="45.88590145111084" lon="7.076783180236816">
        <ele>2483.9921875</ele>
      </trkpt>
      <trkpt lat="45.88590145111084" lon="7.07669734954834">
        <ele>2481.1640625</ele>
      </trkpt>
      <trkpt lat="45.885837078094482" lon="7.076632976531982">
        <ele>2478.9609375</ele>
      </trkpt>
      <trkpt lat="45.885815620422363" lon="7.076525688171387">
        <ele>2475.59765625</ele>
      </trkpt>
      <trkpt lat="45.885751247406006" lon="7.076396942138672">
        <ele>2471.48828125</ele>
      </trkpt>
      <trkpt lat="45.885708332061768" lon="7.076268196105957">
        <ele>2467.62890625</ele>
      </trkpt>
      <trkpt lat="45.885665416717529" lon="7.07618236541748">
        <ele>2465.359375</ele>
      </trkpt>
      <trkpt lat="45.885622501373291" lon="7.076117992401123">
        <ele>2463.91015625</ele>
      </trkpt>
      <trkpt lat="45.885579586029053" lon="7.076010704040527">
        <ele>2461.39453125</ele>
      </trkpt>
      <trkpt lat="45.885558128356934" lon="7.075881958007812">
        <ele>2458.16015625</ele>
      </trkpt>
      <trkpt lat="45.885558128356934" lon="7.07568883895874">
        <ele>2452.83984375</ele>
      </trkpt>
      <trkpt lat="45.885536670684814" lon="7.075495719909668">
        <ele>2446.8046875</ele>
      </trkpt>
      <trkpt lat="45.885536670684814" lon="7.075173854827881">
        <ele>2435.9375</ele>
      </trkpt>
      <trkpt lat="45.885515213012695" lon="7.075130939483643">
        <ele>2435.16796875</ele>
      </trkpt>
      <trkpt lat="45.8854079246521" lon="7.075088024139404">
        <ele>2437.203125</ele>
      </trkpt>
      <trkpt lat="45.885365009307861" lon="7.075088024139404">
        <ele>2437.890625</ele>
      </trkpt>
      <trkpt lat="45.885257720947266" lon="7.075130939483643">
        <ele>2435.70703125</ele>
      </trkpt>
      <trkpt lat="45.885193347930908" lon="7.0751953125">
        <ele>2435.640625</ele>
      </trkpt>
      <trkpt lat="45.88515043258667" lon="7.075216770172119">
        <ele>2434.921875</ele>
      </trkpt>
      <trkpt lat="45.885043144226074" lon="7.075345516204834">
        <ele>2435.5703125</ele>
      </trkpt>
      <trkpt lat="45.884935855865479" lon="7.07545280456543">
        <ele>2435.59765625</ele>
      </trkpt>
      <trkpt lat="45.884807109832764" lon="7.075517177581787">
        <ele>2433.609375</ele>
      </trkpt>
      <trkpt lat="45.884785652160645" lon="7.075560092926025">
        <ele>2434.33984375</ele>
      </trkpt>
      <trkpt lat="45.884742736816406" lon="7.075581550598145">
        <ele>2433.69140625</ele>
      </trkpt>
      <trkpt lat="45.884721279144287" lon="7.075624465942383">
        <ele>2434.4375</ele>
      </trkpt>
      <trkpt lat="45.88465690612793" lon="7.075667381286621">
        <ele>2433.84375</ele>
      </trkpt>
      <trkpt lat="45.884506702423096" lon="7.075731754302979">
        <ele>2429.8359375</ele>
      </trkpt>
      <trkpt lat="45.884442329406738" lon="7.075774669647217">
        <ele>2427.23046875</ele>
      </trkpt>
      <trkpt lat="45.884377956390381" lon="7.075796127319336">
        <ele>2424.28125</ele>
      </trkpt>
      <trkpt lat="45.884335041046143" lon="7.075839042663574">
        <ele>2422.7265625</ele>
      </trkpt>
      <trkpt lat="45.884206295013428" lon="7.075881958007812">
        <ele>2416.7578125</ele>
      </trkpt>
      <trkpt lat="45.884099006652832" lon="7.075903415679932">
        <ele>2411.55078125</ele>
      </trkpt>
      <trkpt lat="45.884056091308594" lon="7.075924873352051">
        <ele>2409.63671875</ele>
      </trkpt>
      <trkpt lat="45.883991718292236" lon="7.075989246368408">
        <ele>2407.17578125</ele>
      </trkpt>
      <trkpt lat="45.883927345275879" lon="7.076075077056885">
        <ele>2404.95703125</ele>
      </trkpt>
      <trkpt lat="45.88390588760376" lon="7.076117992401123">
        <ele>2404.390625</ele>
      </trkpt>
      <trkpt lat="45.883862972259521" lon="7.076160907745361">
        <ele>2402.69140625</ele>
      </trkpt>
      <trkpt lat="45.883820056915283" lon="7.07618236541748">
        <ele>2400.70703125</ele>
      </trkpt>
      <trkpt lat="45.883820056915283" lon="7.076225280761719">
        <ele>2401.2421875</ele>
      </trkpt>
      <trkpt lat="45.883777141571045" lon="7.076225280761719">
        <ele>2398.98046875</ele>
      </trkpt>
      <trkpt lat="45.883734226226807" lon="7.0762038230896">
        <ele>2396.453125</ele>
      </trkpt>
      <trkpt lat="45.883734226226807" lon="7.076246738433838">
        <ele>2396.9765625</ele>
      </trkpt>
      <trkpt lat="45.883605480194092" lon="7.07618236541748">
        <ele>2388.6796875</ele>
      </trkpt>
      <trkpt lat="45.883562564849854" lon="7.07618236541748">
        <ele>2386.1171875</ele>
      </trkpt>
      <trkpt lat="45.883498191833496" lon="7.07618236541748">
        <ele>2382.26953125</ele>
      </trkpt>
      <trkpt lat="45.883476734161377" lon="7.076225280761719">
        <ele>2381.390625</ele>
      </trkpt>
      <trkpt lat="45.8833909034729" lon="7.076075077056885">
        <ele>2374.96875</ele>
      </trkpt>
      <trkpt lat="45.883326530456543" lon="7.075924873352051">
        <ele>2370.06640625</ele>
      </trkpt>
      <trkpt lat="45.883347988128662" lon="7.07568883895874">
        <ele>2369.43359375</ele>
      </trkpt>
      <trkpt lat="45.8833909034729" lon="7.075624465942383">
        <ele>2369.75</ele>
      </trkpt>
      <trkpt lat="45.8833909034729" lon="7.075560092926025">
        <ele>2367.74609375</ele>
      </trkpt>
      <trkpt lat="45.883433818817139" lon="7.075474262237549">
        <ele>2367.28515625</ele>
      </trkpt>
      <trkpt lat="45.883455276489258" lon="7.075388431549072">
        <ele>2365.65234375</ele>
      </trkpt>
      <trkpt lat="45.88341236114502" lon="7.075302600860596">
        <ele>2360.7890625</ele>
      </trkpt>
      <trkpt lat="45.883347988128662" lon="7.075281143188477">
        <ele>2356.94140625</ele>
      </trkpt>
      <trkpt lat="45.883326530456543" lon="7.075238227844238">
        <ele>2354.578125</ele>
      </trkpt>
      <trkpt lat="45.883197784423828" lon="7.075281143188477">
        <ele>2349.53125</ele>
      </trkpt>
      <trkpt lat="45.88315486907959" lon="7.075281143188477">
        <ele>2347.4140625</ele>
      </trkpt>
      <trkpt lat="45.883111953735352" lon="7.075302600860596">
        <ele>2345.8984375</ele>
      </trkpt>
      <trkpt lat="45.883069038391113" lon="7.075366973876953">
        <ele>2345.53515625</ele>
      </trkpt>
      <trkpt lat="45.882983207702637" lon="7.07545280456543">
        <ele>2343.484375</ele>
      </trkpt>
      <trkpt lat="45.882875919342041" lon="7.075538635253906">
        <ele>2340.12109375</ele>
      </trkpt>
      <trkpt lat="45.882833003997803" lon="7.075581550598145">
        <ele>2338.30859375</ele>
      </trkpt>
      <trkpt lat="45.882811546325684" lon="7.075624465942383">
        <ele>2337.9140625</ele>
      </trkpt>
      <trkpt lat="45.882811546325684" lon="7.07568883895874">
        <ele>2339.50390625</ele>
      </trkpt>
      <trkpt lat="45.882768630981445" lon="7.075731754302979">
        <ele>2336.6875</ele>
      </trkpt>
      <trkpt lat="45.882768630981445" lon="7.075774669647217">
        <ele>2336.8125</ele>
      </trkpt>
      <trkpt lat="45.882747173309326" lon="7.075710296630859">
        <ele>2335.16015625</ele>
      </trkpt>
      <trkpt lat="45.882704257965088" lon="7.07568883895874">
        <ele>2332.16015625</ele>
      </trkpt>
      <trkpt lat="45.882682800292969" lon="7.075731754302979">
        <ele>2330.83203125</ele>
      </trkpt>
      <trkpt lat="45.88266134262085" lon="7.075774669647217">
        <ele>2329.5078125</ele>
      </trkpt>
      <trkpt lat="45.882596969604492" lon="7.07568883895874">
        <ele>2324.81640625</ele>
      </trkpt>
      <trkpt lat="45.882575511932373" lon="7.075603008270264">
        <ele>2321.40625</ele>
      </trkpt>
      <trkpt lat="45.882596969604492" lon="7.075495719909668">
        <ele>2320.4140625</ele>
      </trkpt>
      <trkpt lat="45.882575511932373" lon="7.07545280456543">
        <ele>2318.01171875</ele>
      </trkpt>
      <trkpt lat="45.882532596588135" lon="7.07545280456543">
        <ele>2315.1640625</ele>
      </trkpt>
      <trkpt lat="45.882468223571777" lon="7.075517177581787">
        <ele>2312.28515625</ele>
      </trkpt>
      <trkpt lat="45.882425308227539" lon="7.075517177581787">
        <ele>2309.41015625</ele>
      </trkpt>
      <trkpt lat="45.88240385055542" lon="7.075409889221191">
        <ele>2305.70703125</ele>
      </trkpt>
      <trkpt lat="45.882489681243896" lon="7.075324058532715">
        <ele>2309.5</ele>
      </trkpt>
      <trkpt lat="45.882511138916016" lon="7.075259685516357">
        <ele>2309.48046875</ele>
      </trkpt>
      <trkpt lat="45.882489681243896" lon="7.0751953125">
        <ele>2306.68359375</ele>
      </trkpt>
      <trkpt lat="45.882489681243896" lon="7.075130939483643">
        <ele>2305.27734375</ele>
      </trkpt>
      <trkpt lat="45.882532596588135" lon="7.075023651123047">
        <ele>2305.62109375</ele>
      </trkpt>
      <trkpt lat="45.882554054260254" lon="7.074809074401855">
        <ele>2301.96875</ele>
      </trkpt>
      <trkpt lat="45.882554054260254" lon="7.074530124664307">
        <ele>2294.6171875</ele>
      </trkpt>
      <trkpt lat="45.882596969604492" lon="7.074315547943115">
        <ele>2291.15234375</ele>
      </trkpt>
      <trkpt lat="45.88266134262085" lon="7.074251174926758">
        <ele>2292.6171875</ele>
      </trkpt>
      <trkpt lat="45.882704257965088" lon="7.074229717254639">
        <ele>2294.1328125</ele>
      </trkpt>
      <trkpt lat="45.882768630981445" lon="7.074251174926758">
        <ele>2297.96875</ele>
      </trkpt>
      <trkpt lat="45.882768630981445" lon="7.074143886566162">
        <ele>2294.7109375</ele>
      </trkpt>
      <trkpt lat="45.882725715637207" lon="7.074100971221924">
        <ele>2291.38671875</ele>
      </trkpt>
      <trkpt lat="45.882725715637207" lon="7.073993682861328">
        <ele>2288.24609375</ele>
      </trkpt>
      <trkpt lat="45.882768630981445" lon="7.073864936828613">
        <ele>2286.359375</ele>
      </trkpt>
      <trkpt lat="45.882918834686279" lon="7.073585987091064">
        <ele>2283.546875</ele>
      </trkpt>
      <trkpt lat="45.882918834686279" lon="7.073543071746826">
        <ele>2282.15234375</ele>
      </trkpt>
      <trkpt lat="45.882875919342041" lon="7.073521614074707">
        <ele>2279.6953125</ele>
      </trkpt>
      <trkpt lat="45.882811546325684" lon="7.073521614074707">
        <ele>2277.59765625</ele>
      </trkpt>
      <trkpt lat="45.882790088653564" lon="7.073478698730469">
        <ele>2275.6015625</ele>
      </trkpt>
      <trkpt lat="45.882811546325684" lon="7.07343578338623">
        <ele>2274.9609375</ele>
      </trkpt>
      <trkpt lat="45.882854461669922" lon="7.073392868041992">
        <ele>2274.8984375</ele>
      </trkpt>
      <trkpt lat="45.882918834686279" lon="7.073371410369873">
        <ele>2276.578125</ele>
      </trkpt>
      <trkpt lat="45.882940292358398" lon="7.073178291320801">
        <ele>2271.15625</ele>
      </trkpt>
      <trkpt lat="45.882940292358398" lon="7.073071002960205">
        <ele>2267.4296875</ele>
      </trkpt>
      <trkpt lat="45.883004665374756" lon="7.072877883911133">
        <ele>2263.37890625</ele>
      </trkpt>
      <trkpt lat="45.883047580718994" lon="7.072834968566895">
        <ele>2263.6640625</ele>
      </trkpt>
      <trkpt lat="45.883090496063232" lon="7.072813510894775">
        <ele>2264.69921875</ele>
      </trkpt>
      <trkpt lat="45.883111953735352" lon="7.072770595550537">
        <ele>2264.10546875</ele>
      </trkpt>
      <trkpt lat="45.883111953735352" lon="7.072727680206299">
        <ele>2262.62890625</ele>
      </trkpt>
      <trkpt lat="45.88315486907959" lon="7.072641849517822">
        <ele>2261.453125</ele>
      </trkpt>
      <trkpt lat="45.88315486907959" lon="7.072598934173584">
        <ele>2259.9765625</ele>
      </trkpt>
      <trkpt lat="45.883197784423828" lon="7.072491645812988">
        <ele>2258.078125</ele>
      </trkpt>
      <trkpt lat="45.883240699768066" lon="7.072298526763916">
        <ele>2253.5</ele>
      </trkpt>
      <trkpt lat="45.883433818817139" lon="7.072277069091797">
        <ele>2260.8125</ele>
      </trkpt>
      <trkpt lat="45.883433818817139" lon="7.072169780731201">
        <ele>2257.375</ele>
      </trkpt>
      <trkpt lat="45.883455276489258" lon="7.072041034698486">
        <ele>2254.0859375</ele>
      </trkpt>
      <trkpt lat="45.883541107177734" lon="7.071869373321533">
        <ele>2251.73046875</ele>
      </trkpt>
      <trkpt lat="45.883541107177734" lon="7.071590423583984">
        <ele>2242.49609375</ele>
      </trkpt>
      <trkpt lat="45.883519649505615" lon="7.071397304534912">
        <ele>2236.359375</ele>
      </trkpt>
      <trkpt lat="45.883584022521973" lon="7.07094669342041">
        <ele>2226.640625</ele>
      </trkpt>
      <trkpt lat="45.883519649505615" lon="7.070903778076172">
        <ele>2223.8125</ele>
      </trkpt>
      <trkpt lat="45.883476734161377" lon="7.070860862731934">
        <ele>2221.609375</ele>
      </trkpt>
      <trkpt lat="45.88341236114502" lon="7.070839405059814">
        <ele>2219.41796875</ele>
      </trkpt>
      <trkpt lat="45.883347988128662" lon="7.070817947387695">
        <ele>2217.2578125</ele>
      </trkpt>
      <trkpt lat="45.883283615112305" lon="7.070796489715576">
        <ele>2215.1328125</ele>
      </trkpt>
      <trkpt lat="45.883240699768066" lon="7.070775032043457">
        <ele>2213.57421875</ele>
      </trkpt>
      <trkpt lat="45.883219242095947" lon="7.070732116699219">
        <ele>2212.09375</ele>
      </trkpt>
      <trkpt lat="45.883219242095947" lon="7.070538997650146">
        <ele>2207.01171875</ele>
      </trkpt>
      <trkpt lat="45.883262157440186" lon="7.070496082305908">
        <ele>2206.78125</ele>
      </trkpt>
      <trkpt lat="45.883326530456543" lon="7.07045316696167">
        <ele>2206.97265625</ele>
      </trkpt>
      <trkpt lat="45.8833909034729" lon="7.070474624633789">
        <ele>2208.9921875</ele>
      </trkpt>
      <trkpt lat="45.883455276489258" lon="7.070410251617432">
        <ele>2208.4765625</ele>
      </trkpt>
      <trkpt lat="45.883476734161377" lon="7.070324420928955">
        <ele>2206.34765625</ele>
      </trkpt>
      <trkpt lat="45.883519649505615" lon="7.070324420928955">
        <ele>2207.21875</ele>
      </trkpt>
      <trkpt lat="45.884056091308594" lon="7.070024013519287">
        <ele>2201.5078125</ele>
      </trkpt>
      <trkpt lat="45.884099006652832" lon="7.069938182830811">
        <ele>2198.41015625</ele>
      </trkpt>
      <trkpt lat="45.884184837341309" lon="7.069916725158691">
        <ele>2197.57421875</ele>
      </trkpt>
      <trkpt lat="45.884206295013428" lon="7.069873809814453">
        <ele>2195.95703125</ele>
      </trkpt>
      <trkpt lat="45.884249210357666" lon="7.069852352142334">
        <ele>2195.0234375</ele>
      </trkpt>
      <trkpt lat="45.884270668029785" lon="7.069809436798096">
        <ele>2192.87890625</ele>
      </trkpt>
      <trkpt lat="45.884163379669189" lon="7.069723606109619">
        <ele>2189.02734375</ele>
      </trkpt>
      <trkpt lat="45.884120464324951" lon="7.069723606109619">
        <ele>2189.1796875</ele>
      </trkpt>
      <trkpt lat="45.884056091308594" lon="7.069637775421143">
        <ele>2185.4921875</ele>
      </trkpt>
      <trkpt lat="45.88390588760376" lon="7.069487571716309">
        <ele>2179.78515625</ele>
      </trkpt>
      <trkpt lat="45.883841514587402" lon="7.06944465637207">
        <ele>2178.48046875</ele>
      </trkpt>
      <trkpt lat="45.883712768554688" lon="7.069272994995117">
        <ele>2172.74609375</ele>
      </trkpt>
      <trkpt lat="45.883626937866211" lon="7.069230079650879">
        <ele>2170.7578125</ele>
      </trkpt>
      <trkpt lat="45.883519649505615" lon="7.069144248962402">
        <ele>2167.25390625</ele>
      </trkpt>
      <trkpt lat="45.88341236114502" lon="7.069101333618164">
        <ele>2165.5546875</ele>
      </trkpt>
      <trkpt lat="45.883133411407471" lon="7.068672180175781">
        <ele>2147.43359375</ele>
      </trkpt>
      <trkpt lat="45.883133411407471" lon="7.068629264831543">
        <ele>2145.546875</ele>
      </trkpt>
      <trkpt lat="45.883176326751709" lon="7.068607807159424">
        <ele>2144.21484375</ele>
      </trkpt>
      <trkpt lat="45.883519649505615" lon="7.068629264831543">
        <ele>2142.23046875</ele>
      </trkpt>
      <trkpt lat="45.883562564849854" lon="7.068607807159424">
        <ele>2140.72265625</ele>
      </trkpt>
      <trkpt lat="45.883626937866211" lon="7.068607807159424">
        <ele>2140.13671875</ele>
      </trkpt>
      <trkpt lat="45.883519649505615" lon="7.068521976470947">
        <ele>2136.6171875</ele>
      </trkpt>
      <trkpt lat="45.883476734161377" lon="7.06845760345459">
        <ele>2133.78125</ele>
      </trkpt>
      <trkpt lat="45.88341236114502" lon="7.068393230438232">
        <ele>2131.3515625</ele>
      </trkpt>
      <trkpt lat="45.8833909034729" lon="7.068307399749756">
        <ele>2127.39453125</ele>
      </trkpt>
      <trkpt lat="45.883262157440186" lon="7.068178653717041">
        <ele>2123.30859375</ele>
      </trkpt>
      <trkpt lat="45.883219242095947" lon="7.068114280700684">
        <ele>2120.7421875</ele>
      </trkpt>
      <trkpt lat="45.883262157440186" lon="7.068114280700684">
        <ele>2120.00390625</ele>
      </trkpt>
      <trkpt lat="45.883347988128662" lon="7.068092823028564">
        <ele>2117.4453125</ele>
      </trkpt>
      <trkpt lat="45.883433818817139" lon="7.068135738372803">
        <ele>2118.11328125</ele>
      </trkpt>
      <trkpt lat="45.883584022521973" lon="7.068157196044922">
        <ele>2116.52734375</ele>
      </trkpt>
      <trkpt lat="45.883712768554688" lon="7.068114280700684">
        <ele>2112.26171875</ele>
      </trkpt>
      <trkpt lat="45.883862972259521" lon="7.068092823028564">
        <ele>2109.4921875</ele>
      </trkpt>
      <trkpt lat="45.883948802947998" lon="7.068135738372803">
        <ele>2110.34375</ele>
      </trkpt>
      <trkpt lat="45.884056091308594" lon="7.068114280700684">
        <ele>2108.1171875</ele>
      </trkpt>
      <trkpt lat="45.884184837341309" lon="7.068092823028564">
        <ele>2105.70703125</ele>
      </trkpt>
      <trkpt lat="45.884313583374023" lon="7.068028450012207">
        <ele>2101.73828125</ele>
      </trkpt>
      <trkpt lat="45.884463787078857" lon="7.068049907684326">
        <ele>2100.8828125</ele>
      </trkpt>
      <trkpt lat="45.884571075439453" lon="7.068006992340088">
        <ele>2098.37890625</ele>
      </trkpt>
      <trkpt lat="45.884721279144287" lon="7.067878246307373">
        <ele>2093.359375</ele>
      </trkpt>
      <trkpt lat="45.884935855865479" lon="7.067770957946777">
        <ele>2089.12890625</ele>
      </trkpt>
      <trkpt lat="45.884957313537598" lon="7.067599296569824">
        <ele>2083.59765625</ele>
      </trkpt>
      <trkpt lat="45.884935855865479" lon="7.067492008209229">
        <ele>2080.203125</ele>
      </trkpt>
      <trkpt lat="45.884978771209717" lon="7.067363262176514">
        <ele>2076.0859375</ele>
      </trkpt>
      <trkpt lat="45.885000228881836" lon="7.067255973815918">
        <ele>2074.421875</ele>
      </trkpt>
      <trkpt lat="45.885021686553955" lon="7.067170143127441">
        <ele>2073.125</ele>
      </trkpt>
      <trkpt lat="45.885064601898193" lon="7.067105770111084">
        <ele>2072.13671875</ele>
      </trkpt>
      <trkpt lat="45.885043144226074" lon="7.067062854766846">
        <ele>2071.49609375</ele>
      </trkpt>
      <trkpt lat="45.884957313537598" lon="7.066805362701416">
        <ele>2067.66796875</ele>
      </trkpt>
      <trkpt lat="45.884935855865479" lon="7.066633701324463">
        <ele>2065.11328125</ele>
      </trkpt>
      <trkpt lat="45.884850025177002" lon="7.066376209259033">
        <ele>2061.16796875</ele>
      </trkpt>
      <trkpt lat="45.884807109832764" lon="7.066376209259033">
        <ele>2061.359375</ele>
      </trkpt>
      <trkpt lat="45.884742736816406" lon="7.066290378570557">
        <ele>2060.453125</ele>
      </trkpt>
      <trkpt lat="45.884721279144287" lon="7.066247463226318">
        <ele>2060.01171875</ele>
      </trkpt>
      <trkpt lat="45.884699821472168" lon="7.066183090209961">
        <ele>2059.33203125</ele>
      </trkpt>
      <trkpt lat="45.88465690612793" lon="7.066140174865723">
        <ele>2059.18359375</ele>
      </trkpt>
      <trkpt lat="45.884721279144287" lon="7.065861225128174">
        <ele>2054.8125</ele>
      </trkpt>
      <trkpt lat="45.88465690612793" lon="7.065796852111816">
        <ele>2055.0390625</ele>
      </trkpt>
      <trkpt lat="45.884592533111572" lon="7.065775394439697">
        <ele>2055.90625</ele>
      </trkpt>
      <trkpt lat="45.884506702423096" lon="7.065603733062744">
        <ele>2052.48828125</ele>
      </trkpt>
      <trkpt lat="45.884356498718262" lon="7.065603733062744">
        <ele>2052</ele>
      </trkpt>
      <trkpt lat="45.884292125701904" lon="7.065539360046387">
        <ele>2049.88671875</ele>
      </trkpt>
      <trkpt lat="45.884206295013428" lon="7.065496444702148">
        <ele>2048.61328125</ele>
      </trkpt>
      <trkpt lat="45.88414192199707" lon="7.065496444702148">
        <ele>2048.61328125</ele>
      </trkpt>
      <trkpt lat="45.884099006652832" lon="7.065474987030029">
        <ele>2048.10546875</ele>
      </trkpt>
      <trkpt lat="45.884034633636475" lon="7.065432071685791">
        <ele>2047.2109375</ele>
      </trkpt>
      <trkpt lat="45.88390588760376" lon="7.065410614013672">
        <ele>2047.078125</ele>
      </trkpt>
      <trkpt lat="45.883798599243164" lon="7.06545352935791">
        <ele>2047.984375</ele>
      </trkpt>
      <trkpt lat="45.883755683898926" lon="7.06545352935791">
        <ele>2048.04296875</ele>
      </trkpt>
      <trkpt lat="45.883584022521973" lon="7.065432071685791">
        <ele>2045.16015625</ele>
      </trkpt>
      <trkpt lat="45.883519649505615" lon="7.065389156341553">
        <ele>2043.3203125</ele>
      </trkpt>
      <trkpt lat="45.883455276489258" lon="7.065389156341553">
        <ele>2041.96484375</ele>
      </trkpt>
      <trkpt lat="45.8833909034729" lon="7.065367698669434">
        <ele>2040.390625</ele>
      </trkpt>
      <trkpt lat="45.883111953735352" lon="7.065110206604004">
        <ele>2032.3515625</ele>
      </trkpt>
      <trkpt lat="45.883026123046875" lon="7.064981460571289">
        <ele>2029.64453125</ele>
      </trkpt>
      <trkpt lat="45.88289737701416" lon="7.064895629882812">
        <ele>2026.609375</ele>
      </trkpt>
      <trkpt lat="45.882833003997803" lon="7.064809799194336">
        <ele>2024.4609375</ele>
      </trkpt>
      <trkpt lat="45.882725715637207" lon="7.064723968505859">
        <ele>2021.265625</ele>
      </trkpt>
      <trkpt lat="45.882704257965088" lon="7.064681053161621">
        <ele>2020.28515625</ele>
      </trkpt>
      <trkpt lat="45.882682800292969" lon="7.064638137817383">
        <ele>2019.3046875</ele>
      </trkpt>
      <trkpt lat="45.882511138916016" lon="7.064402103424072">
        <ele>2012.890625</ele>
      </trkpt>
      <trkpt lat="45.882382392883301" lon="7.064273357391357">
        <ele>2008.71484375</ele>
      </trkpt>
      <trkpt lat="45.882318019866943" lon="7.064123153686523">
        <ele>2005.49609375</ele>
      </trkpt>
      <trkpt lat="45.882296562194824" lon="7.063972949981689">
        <ele>2001.9921875</ele>
      </trkpt>
      <trkpt lat="45.882253646850586" lon="7.063844203948975">
        <ele>1997.1796875</ele>
      </trkpt>
      <trkpt lat="45.882210731506348" lon="7.063758373260498">
        <ele>1994</ele>
      </trkpt>
      <trkpt lat="45.882167816162109" lon="7.063629627227783">
        <ele>1989.80078125</ele>
      </trkpt>
      <trkpt lat="45.882124900817871" lon="7.063565254211426">
        <ele>1987.71484375</ele>
      </trkpt>
      <trkpt lat="45.882039070129395" lon="7.063522338867188">
        <ele>1986.109375</ele>
      </trkpt>
      <trkpt lat="45.88191032409668" lon="7.063522338867188">
        <ele>1983.48046875</ele>
      </trkpt>
      <trkpt lat="45.881867408752441" lon="7.063479423522949">
        <ele>1981.5234375</ele>
      </trkpt>
      <trkpt lat="45.881824493408203" lon="7.063479423522949">
        <ele>1980.64453125</ele>
      </trkpt>
      <trkpt lat="45.881760120391846" lon="7.063500881195068">
        <ele>1979.87109375</ele>
      </trkpt>
      <trkpt lat="45.881717205047607" lon="7.063479423522949">
        <ele>1978.45703125</ele>
      </trkpt>
      <trkpt lat="45.881695747375488" lon="7.063436508178711">
        <ele>1976.9375</ele>
      </trkpt>
      <trkpt lat="45.881609916687012" lon="7.063436508178711">
        <ele>1975.18359375</ele>
      </trkpt>
      <trkpt lat="45.881567001342773" lon="7.063350677490234">
        <ele>1972.14453125</ele>
      </trkpt>
      <trkpt lat="45.88165283203125" lon="7.063307762145996">
        <ele>1972.8125</ele>
      </trkpt>
      <trkpt lat="45.881695747375488" lon="7.063307762145996">
        <ele>1973.6875</ele>
      </trkpt>
      <trkpt lat="45.881738662719727" lon="7.063286304473877">
        <ele>1974.0234375</ele>
      </trkpt>
      <trkpt lat="45.881781578063965" lon="7.0632004737854">
        <ele>1972.734375</ele>
      </trkpt>
      <trkpt lat="45.881781578063965" lon="7.063007354736328">
        <ele>1965.0703125</ele>
      </trkpt>
      <trkpt lat="45.881717205047607" lon="7.062878608703613">
        <ele>1959.13671875</ele>
      </trkpt>
      <trkpt lat="45.881674289703369" lon="7.062878608703613">
        <ele>1958.61328125</ele>
      </trkpt>
      <trkpt lat="45.881588459014893" lon="7.062835693359375">
        <ele>1956.06640625</ele>
      </trkpt>
      <trkpt lat="45.881545543670654" lon="7.062771320343018">
        <ele>1953.4140625</ele>
      </trkpt>
      <trkpt lat="45.881502628326416" lon="7.062685489654541">
        <ele>1950.1953125</ele>
      </trkpt>
      <trkpt lat="45.881266593933105" lon="7.062556743621826">
        <ele>1945.078125</ele>
      </trkpt>
      <trkpt lat="45.881030559539795" lon="7.062385082244873">
        <ele>1939.453125</ele>
      </trkpt>
      <trkpt lat="45.88090181350708" lon="7.062256336212158">
        <ele>1933.98046875</ele>
      </trkpt>
      <trkpt lat="45.880858898162842" lon="7.062191963195801">
        <ele>1931.3359375</ele>
      </trkpt>
      <trkpt lat="45.880815982818604" lon="7.062149047851562">
        <ele>1929.57421875</ele>
      </trkpt>
      <trkpt lat="45.880773067474365" lon="7.062127590179443">
        <ele>1928.65625</ele>
      </trkpt>
      <trkpt lat="45.880730152130127" lon="7.062084674835205">
        <ele>1926.98828125</ele>
      </trkpt>
      <trkpt lat="45.880622863769531" lon="7.062041759490967">
        <ele>1925.28515625</ele>
      </trkpt>
      <trkpt lat="45.880494117736816" lon="7.061913013458252">
        <ele>1920.875</ele>
      </trkpt>
      <trkpt lat="45.880451202392578" lon="7.061848640441895">
        <ele>1918.8203125</ele>
      </trkpt>
      <trkpt lat="45.88040828704834" lon="7.061848640441895">
        <ele>1918.87890625</ele>
      </trkpt>
      <trkpt lat="45.880343914031982" lon="7.061676979064941">
        <ele>1913.93359375</ele>
      </trkpt>
      <trkpt lat="45.880300998687744" lon="7.061655521392822">
        <ele>1913.71875</ele>
      </trkpt>
      <trkpt lat="45.880258083343506" lon="7.061612606048584">
        <ele>1912.84375</ele>
      </trkpt>
      <trkpt lat="45.880215167999268" lon="7.061591148376465">
        <ele>1912.63671875</ele>
      </trkpt>
      <trkpt lat="45.880129337310791" lon="7.061591148376465">
        <ele>1913.55859375</ele>
      </trkpt>
      <trkpt lat="45.880086421966553" lon="7.061483860015869">
        <ele>1910.4140625</ele>
      </trkpt>
      <trkpt lat="45.880064964294434" lon="7.06146240234375">
        <ele>1909.85546875</ele>
      </trkpt>
      <trkpt lat="45.880000591278076" lon="7.061376571655273">
        <ele>1907.4140625</ele>
      </trkpt>
      <trkpt lat="45.879936218261719" lon="7.061333656311035">
        <ele>1906.5859375</ele>
      </trkpt>
      <trkpt lat="45.87989330291748" lon="7.061333656311035">
        <ele>1907.0859375</ele>
      </trkpt>
      <trkpt lat="45.879871845245361" lon="7.061269283294678">
        <ele>1905.00390625</ele>
      </trkpt>
      <trkpt lat="45.879828929901123" lon="7.061183452606201">
        <ele>1902.421875</ele>
      </trkpt>
      <trkpt lat="45.879786014556885" lon="7.061247825622559">
        <ele>1905.2578125</ele>
      </trkpt>
      <trkpt lat="45.879743099212646" lon="7.061333656311035">
        <ele>1908.8359375</ele>
      </trkpt>
      <trkpt lat="45.879700183868408" lon="7.061290740966797">
        <ele>1907.8125</ele>
      </trkpt>
      <trkpt lat="45.879678726196289" lon="7.061226367950439">
        <ele>1905.7890625</ele>
      </trkpt>
      <trkpt lat="45.87965726852417" lon="7.061183452606201">
        <ele>1904.53515625</ele>
      </trkpt>
      <trkpt lat="45.87965726852417" lon="7.061011791229248">
        <ele>1898.47265625</ele>
      </trkpt>
      <trkpt lat="45.879635810852051" lon="7.060925960540771">
        <ele>1895.73046875</ele>
      </trkpt>
      <trkpt lat="45.879635810852051" lon="7.060818672180176">
        <ele>1891.953125</ele>
      </trkpt>
      <trkpt lat="45.87965726852417" lon="7.060647010803223">
        <ele>1885.9921875</ele>
      </trkpt>
      <trkpt lat="45.87965726852417" lon="7.060410976409912">
        <ele>1879.4921875</ele>
      </trkpt>
      <trkpt lat="45.879614353179932" lon="7.060368061065674">
        <ele>1878.765625</ele>
      </trkpt>
      <trkpt lat="45.879528522491455" lon="7.060303688049316">
        <ele>1877.8828125</ele>
      </trkpt>
      <trkpt lat="45.879464149475098" lon="7.060153484344482">
        <ele>1874.2734375</ele>
      </trkpt>
      <trkpt lat="45.879421234130859" lon="7.060110569000244">
        <ele>1873.45703125</ele>
      </trkpt>
      <trkpt lat="45.879356861114502" lon="7.060089111328125">
        <ele>1873.48828125</ele>
      </trkpt>
      <trkpt lat="45.879335403442383" lon="7.060024738311768">
        <ele>1871.6484375</ele>
      </trkpt>
      <trkpt lat="45.879292488098145" lon="7.059981822967529">
        <ele>1870.65625</ele>
      </trkpt>
      <trkpt lat="45.879206657409668" lon="7.05996036529541">
        <ele>1870.69921875</ele>
      </trkpt>
      <trkpt lat="45.879185199737549" lon="7.059874534606934">
        <ele>1867.921875</ele>
      </trkpt>
      <trkpt lat="45.879142284393311" lon="7.059831619262695">
        <ele>1867.1875</ele>
      </trkpt>
      <trkpt lat="45.879099369049072" lon="7.059810161590576">
        <ele>1867.015625</ele>
      </trkpt>
      <trkpt lat="45.879056453704834" lon="7.059810161590576">
        <ele>1867.3046875</ele>
      </trkpt>
      <trkpt lat="45.878949165344238" lon="7.059638500213623">
        <ele>1864.046875</ele>
      </trkpt>
      <trkpt lat="45.878927707672119" lon="7.059574127197266">
        <ele>1862.65625</ele>
      </trkpt>
      <trkpt lat="45.878927707672119" lon="7.059531211853027">
        <ele>1861.65234375</ele>
      </trkpt>
      <trkpt lat="45.878884792327881" lon="7.059445381164551">
        <ele>1859.80078125</ele>
      </trkpt>
      <trkpt lat="45.878841876983643" lon="7.059402465820312">
        <ele>1858.921875</ele>
      </trkpt>
      <trkpt lat="45.878820419311523" lon="7.059338092803955">
        <ele>1857.42578125</ele>
      </trkpt>
      <trkpt lat="45.878777503967285" lon="7.059295177459717">
        <ele>1856.48046875</ele>
      </trkpt>
      <trkpt lat="45.878756046295166" lon="7.059252262115479">
        <ele>1855.46484375</ele>
      </trkpt>
      <trkpt lat="45.878756046295166" lon="7.059187889099121">
        <ele>1853.86328125</ele>
      </trkpt>
      <trkpt lat="45.878734588623047" lon="7.059123516082764">
        <ele>1852.28125</ele>
      </trkpt>
      <trkpt lat="45.87864875793457" lon="7.058994770050049">
        <ele>1849.80859375</ele>
      </trkpt>
      <trkpt lat="45.878562927246094" lon="7.058908939361572">
        <ele>1848.85546875</ele>
      </trkpt>
      <trkpt lat="45.878026485443115" lon="7.058565616607666">
        <ele>1842.77734375</ele>
      </trkpt>
      <trkpt lat="45.877490043640137" lon="7.058351039886475">
        <ele>1841.60546875</ele>
      </trkpt>
      <trkpt lat="45.877296924591064" lon="7.058136463165283">
        <ele>1835.7578125</ele>
      </trkpt>
      <trkpt lat="45.877082347869873" lon="7.057986259460449">
        <ele>1833</ele>
      </trkpt>
      <trkpt lat="45.876588821411133" lon="7.057492733001709">
        <ele>1823.6015625</ele>
      </trkpt>
      <trkpt lat="45.876202583312988" lon="7.057192325592041">
        <ele>1816.24609375</ele>
      </trkpt>
      <trkpt lat="45.876052379608154" lon="7.057127952575684">
        <ele>1817.3046875</ele>
      </trkpt>
      <trkpt lat="45.875687599182129" lon="7.056891918182373">
        <ele>1815.05859375</ele>
      </trkpt>
      <trkpt lat="45.875129699707031" lon="7.056441307067871">
        <ele>1805.10546875</ele>
      </trkpt>
      <trkpt lat="45.874829292297363" lon="7.056140899658203">
        <ele>1801.23828125</ele>
      </trkpt>
      <trkpt lat="45.874764919281006" lon="7.056033611297607">
        <ele>1798.62890625</ele>
      </trkpt>
      <trkpt lat="45.874743461608887" lon="7.055797576904297">
        <ele>1792.25</ele>
      </trkpt>
      <trkpt lat="45.874722003936768" lon="7.055668830871582">
        <ele>1789.26953125</ele>
      </trkpt>
      <trkpt lat="45.87465763092041" lon="7.055583000183105">
        <ele>1788.22265625</ele>
      </trkpt>
      <trkpt lat="45.874614715576172" lon="7.055540084838867">
        <ele>1787.6015625</ele>
      </trkpt>
      <trkpt lat="45.874571800231934" lon="7.055518627166748">
        <ele>1787.1015625</ele>
      </trkpt>
      <trkpt lat="45.874507427215576" lon="7.055561542510986">
        <ele>1787.21875</ele>
      </trkpt>
      <trkpt lat="45.874357223510742" lon="7.055690288543701">
        <ele>1788.3828125</ele>
      </trkpt>
      <trkpt lat="45.874292850494385" lon="7.055668830871582">
        <ele>1788.36328125</ele>
      </trkpt>
      <trkpt lat="45.873949527740479" lon="7.055454254150391">
        <ele>1786.890625</ele>
      </trkpt>
      <trkpt lat="45.873456001281738" lon="7.055239677429199">
        <ele>1783.6953125</ele>
      </trkpt>
      <trkpt lat="45.873305797576904" lon="7.05521821975708">
        <ele>1783.01171875</ele>
      </trkpt>
      <trkpt lat="45.873005390167236" lon="7.055068016052246">
        <ele>1780.48828125</ele>
      </trkpt>
      <trkpt lat="45.872855186462402" lon="7.05498218536377">
        <ele>1779.4140625</ele>
      </trkpt>
      <trkpt lat="45.872597694396973" lon="7.054767608642578">
        <ele>1779.27734375</ele>
      </trkpt>
      <trkpt lat="45.872554779052734" lon="7.054746150970459">
        <ele>1779.3828125</ele>
      </trkpt>
      <trkpt lat="45.872468948364258" lon="7.054789066314697">
        <ele>1779.75390625</ele>
      </trkpt>
      <trkpt lat="45.87242603302002" lon="7.054874897003174">
        <ele>1780.3125</ele>
      </trkpt>
      <trkpt lat="45.872340202331543" lon="7.054896354675293">
        <ele>1781.1328125</ele>
      </trkpt>
      <trkpt lat="45.872297286987305" lon="7.054746150970459">
        <ele>1780.12109375</ele>
      </trkpt>
      <trkpt lat="45.872254371643066" lon="7.054767608642578">
        <ele>1780.37890625</ele>
      </trkpt>
      <trkpt lat="45.872189998626709" lon="7.054746150970459">
        <ele>1780.42578125</ele>
      </trkpt>
      <trkpt lat="45.872082710266113" lon="7.054638862609863">
        <ele>1779.7578125</ele>
      </trkpt>
      <trkpt lat="45.872039794921875" lon="7.05446720123291">
        <ele>1778.34375</ele>
      </trkpt>
      <trkpt lat="45.87191104888916" lon="7.054295539855957">
        <ele>1778.5078125</ele>
      </trkpt>
      <trkpt lat="45.871868133544922" lon="7.054123878479004">
        <ele>1776.75390625</ele>
      </trkpt>
      <trkpt lat="45.871760845184326" lon="7.05397367477417">
        <ele>1776.02734375</ele>
      </trkpt>
      <trkpt lat="45.871717929840088" lon="7.053866386413574">
        <ele>1775.578125</ele>
      </trkpt>
      <trkpt lat="45.871632099151611" lon="7.053802013397217">
        <ele>1775.546875</ele>
      </trkpt>
      <trkpt lat="45.871589183807373" lon="7.053802013397217">
        <ele>1775.765625</ele>
      </trkpt>
      <trkpt lat="45.871546268463135" lon="7.053737640380859">
        <ele>1775.359375</ele>
      </trkpt>
      <trkpt lat="45.87141752243042" lon="7.053523063659668">
        <ele>1773.4140625</ele>
      </trkpt>
      <trkpt lat="45.871353149414062" lon="7.053415775299072">
        <ele>1772.14453125</ele>
      </trkpt>
      <trkpt lat="45.871331691741943" lon="7.053308486938477">
        <ele>1770.76171875</ele>
      </trkpt>
      <trkpt lat="45.871331691741943" lon="7.053072452545166">
        <ele>1769.5234375</ele>
      </trkpt>
      <trkpt lat="45.871310234069824" lon="7.052686214447021">
        <ele>1769.81640625</ele>
      </trkpt>
      <trkpt lat="45.871310234069824" lon="7.052600383758545">
        <ele>1769.89453125</ele>
      </trkpt>
      <trkpt lat="45.871181488037109" lon="7.052600383758545">
        <ele>1769.87890625</ele>
      </trkpt>
      <trkpt lat="45.870945453643799" lon="7.052621841430664">
        <ele>1770.984375</ele>
      </trkpt>
      <trkpt lat="45.870795249938965" lon="7.052621841430664">
        <ele>1771.6953125</ele>
      </trkpt>
      <trkpt lat="45.870752334594727" lon="7.052600383758545">
        <ele>1771.734375</ele>
      </trkpt>
      <trkpt lat="45.870687961578369" lon="7.052536010742188">
        <ele>1771.453125</ele>
      </trkpt>
      <trkpt lat="45.870645046234131" lon="7.05247163772583">
        <ele>1770.97265625</ele>
      </trkpt>
      <trkpt lat="45.870559215545654" lon="7.05223560333252">
        <ele>1770</ele>
      </trkpt>
      <trkpt lat="45.87040901184082" lon="7.052021026611328">
        <ele>1770</ele>
      </trkpt>
      <trkpt lat="45.870344638824463" lon="7.051956653594971">
        <ele>1770.4609375</ele>
      </trkpt>
      <trkpt lat="45.870280265808105" lon="7.051870822906494">
        <ele>1771.08203125</ele>
      </trkpt>
      <trkpt lat="45.870151519775391" lon="7.051784992218018">
        <ele>1772.15234375</ele>
      </trkpt>
      <trkpt lat="45.870087146759033" lon="7.051763534545898">
        <ele>1772.6640625</ele>
      </trkpt>
      <trkpt lat="45.870044231414795" lon="7.051742076873779">
        <ele>1772.953125</ele>
      </trkpt>
      <trkpt lat="45.870001316070557" lon="7.051699161529541">
        <ele>1773.109375</ele>
      </trkpt>
      <trkpt lat="45.869958400726318" lon="7.051634788513184">
        <ele>1773.1015625</ele>
      </trkpt>
      <trkpt lat="45.869872570037842" lon="7.05146312713623">
        <ele>1772.9140625</ele>
      </trkpt>
      <trkpt lat="45.869743824005127" lon="7.051291465759277">
        <ele>1773.16796875</ele>
      </trkpt>
      <trkpt lat="45.86965799331665" lon="7.05122709274292">
        <ele>1773.390625</ele>
      </trkpt>
      <trkpt lat="45.869593620300293" lon="7.051184177398682">
        <ele>1773.54296875</ele>
      </trkpt>
      <trkpt lat="45.869550704956055" lon="7.051098346710205">
        <ele>1773.4375</ele>
      </trkpt>
      <trkpt lat="45.869481386616826" lon="7.051019137725234">
        <ele>1773.99609375</ele>
      </trkpt>
      <trkpt lat="45.869400501251221" lon="7.050926685333252">
        <ele>1774.4296875</ele>
      </trkpt>
      <trkpt lat="45.869336128234863" lon="7.050840854644775">
        <ele>1774.515625</ele>
      </trkpt>
      <trkpt lat="45.869293212890625" lon="7.050755023956299">
        <ele>1774.2578125</ele>
      </trkpt>
      <trkpt lat="45.86916446685791" lon="7.050626277923584">
        <ele>1774.29296875</ele>
      </trkpt>
      <trkpt lat="45.869100093841553" lon="7.050583362579346">
        <ele>1774.4296875</ele>
      </trkpt>
      <trkpt lat="45.869035720825195" lon="7.050604820251465">
        <ele>1774.9921875</ele>
      </trkpt>
      <trkpt lat="45.868992805480957" lon="7.050604820251465">
        <ele>1775.26953125</ele>
      </trkpt>
      <trkpt lat="45.8689284324646" lon="7.050626277923584">
        <ele>1775.86328125</ele>
      </trkpt>
      <trkpt lat="45.868864059448242" lon="7.050712108612061">
        <ele>1777.07421875</ele>
      </trkpt>
      <trkpt lat="45.868842601776123" lon="7.050755023956299">
        <ele>1777.8671875</ele>
      </trkpt>
      <trkpt lat="45.868585109710693" lon="7.050948143005371">
        <ele>1783.46484375</ele>
      </trkpt>
      <trkpt lat="45.868434906005859" lon="7.051055431365967">
        <ele>1787.015625</ele>
      </trkpt>
      <trkpt lat="45.868263244628906" lon="7.05122709274292">
        <ele>1792.34375</ele>
      </trkpt>
      <trkpt lat="45.868306159973145" lon="7.051270008087158">
        <ele>1792.671875</ele>
      </trkpt>
      <trkpt lat="45.868284702301025" lon="7.051334381103516">
        <ele>1794.22265625</ele>
      </trkpt>
      <trkpt lat="45.868027210235596" lon="7.051613330841064">
        <ele>1804.38671875</ele>
      </trkpt>
      <trkpt lat="45.868005752563477" lon="7.051656246185303">
        <ele>1806.06640625</ele>
      </trkpt>
      <trkpt lat="45.868005752563477" lon="7.051699161529541">
        <ele>1807.4296875</ele>
      </trkpt>
      <trkpt lat="45.868048667907715" lon="7.05172061920166">
        <ele>1807.4453125</ele>
      </trkpt>
      <trkpt lat="45.86817741394043" lon="7.051699161529541">
        <ele>1804.796875</ele>
      </trkpt>
      <trkpt lat="45.868220329284668" lon="7.051742076873779">
        <ele>1805.4453125</ele>
      </trkpt>
      <trkpt lat="45.868189232423902" lon="7.051794631406665">
        <ele>1807.54296875</ele>
      </trkpt>
      <trkpt lat="45.867984294891357" lon="7.051999568939209">
        <ele>1817.328125</ele>
      </trkpt>
      <trkpt lat="45.867919921875" lon="7.052042484283447">
        <ele>1819.80859375</ele>
      </trkpt>
      <trkpt lat="45.867877006530762" lon="7.052042484283447">
        <ele>1820.58203125</ele>
      </trkpt>
      <trkpt lat="45.867919921875" lon="7.052149772644043">
        <ele>1823.265625</ele>
      </trkpt>
      <trkpt lat="45.867941379547119" lon="7.052192687988281">
        <ele>1824.26171875</ele>
      </trkpt>
      <trkpt lat="45.867855548858643" lon="7.052192687988281">
        <ele>1825.8203125</ele>
      </trkpt>
      <trkpt lat="45.867705345153809" lon="7.052257061004639">
        <ele>1830.46875</ele>
      </trkpt>
      <trkpt lat="45.867812633514404" lon="7.052428722381592">
        <ele>1834.21875</ele>
      </trkpt>
      <trkpt lat="45.867812633514404" lon="7.05247163772583">
        <ele>1835.7265625</ele>
      </trkpt>
      <trkpt lat="45.867791175842285" lon="7.052514553070068">
        <ele>1837.5234375</ele>
      </trkpt>
      <trkpt lat="45.867748260498047" lon="7.052536010742188">
        <ele>1838.84765625</ele>
      </trkpt>
      <trkpt lat="45.867726802825928" lon="7.052578926086426">
        <ele>1840.59375</ele>
      </trkpt>
      <trkpt lat="45.867791175842285" lon="7.052621841430664">
        <ele>1841.2578125</ele>
      </trkpt>
      <trkpt lat="45.867941379547119" lon="7.052621841430664">
        <ele>1838.984375</ele>
      </trkpt>
      <trkpt lat="45.868027210235596" lon="7.052707672119141">
        <ele>1840.33203125</ele>
      </trkpt>
      <trkpt lat="45.86817741394043" lon="7.052922248840332">
        <ele>1844.84765625</ele>
      </trkpt>
      <trkpt lat="45.868198871612549" lon="7.05296516418457">
        <ele>1845.91015625</ele>
      </trkpt>
      <trkpt lat="45.868134498596191" lon="7.052986621856689">
        <ele>1848.015625</ele>
      </trkpt>
      <trkpt lat="45.868070125579834" lon="7.053008079528809">
        <ele>1850.125</ele>
      </trkpt>
      <trkpt lat="45.868048667907715" lon="7.053072452545166">
        <ele>1852.8671875</ele>
      </trkpt>
      <trkpt lat="45.868091583251953" lon="7.053179740905762">
        <ele>1855.7578125</ele>
      </trkpt>
      <trkpt lat="45.868113040924072" lon="7.053244113922119">
        <ele>1857.59765625</ele>
      </trkpt>
      <trkpt lat="45.868134498596191" lon="7.053287029266357">
        <ele>1858.6796875</ele>
      </trkpt>
      <trkpt lat="45.868198871612549" lon="7.053372859954834">
        <ele>1860.3828125</ele>
      </trkpt>
      <trkpt lat="45.868263244628906" lon="7.05348014831543">
        <ele>1862.85546875</ele>
      </trkpt>
      <trkpt lat="45.868263244628906" lon="7.053673267364502">
        <ele>1869.8125</ele>
      </trkpt>
      <trkpt lat="45.868241786956787" lon="7.05371618270874">
        <ele>1871.8203125</ele>
      </trkpt>
      <trkpt lat="45.868134498596191" lon="7.053737640380859">
        <ele>1874.9140625</ele>
      </trkpt>
      <trkpt lat="45.868005752563477" lon="7.053759098052979">
        <ele>1878.46875</ele>
      </trkpt>
      <trkpt lat="45.867962837219238" lon="7.053780555725098">
        <ele>1880.16796875</ele>
      </trkpt>
      <trkpt lat="45.867877006530762" lon="7.053823471069336">
        <ele>1883.3359375</ele>
      </trkpt>
      <trkpt lat="45.867984294891357" lon="7.054038047790527">
        <ele>1888.99609375</ele>
      </trkpt>
      <trkpt lat="45.867984294891357" lon="7.054123878479004">
        <ele>1892.5546875</ele>
      </trkpt>
      <trkpt lat="45.868091583251953" lon="7.054274082183838">
        <ele>1896.3125</ele>
      </trkpt>
      <trkpt lat="45.868134498596191" lon="7.054424285888672">
        <ele>1901.42578125</ele>
      </trkpt>
      <trkpt lat="45.868134498596191" lon="7.054488658905029">
        <ele>1904.0390625</ele>
      </trkpt>
      <trkpt lat="45.868048667907715" lon="7.05446720123291">
        <ele>1905.234375</ele>
      </trkpt>
      <trkpt lat="45.868005752563477" lon="7.054488658905029">
        <ele>1907.15625</ele>
      </trkpt>
      <trkpt lat="45.868027210235596" lon="7.054681777954102">
        <ele>1914.59765625</ele>
      </trkpt>
      <trkpt lat="45.868027210235596" lon="7.054746150970459">
        <ele>1917.25</ele>
      </trkpt>
      <trkpt lat="45.868005752563477" lon="7.054789066314697">
        <ele>1919.57421875</ele>
      </trkpt>
      <trkpt lat="45.867898464202881" lon="7.054703235626221">
        <ele>1918.76171875</ele>
      </trkpt>
      <trkpt lat="45.867769718170166" lon="7.054681777954102">
        <ele>1917.8984375</ele>
      </trkpt>
      <trkpt lat="45.867576599121094" lon="7.054638862609863">
        <ele>1915.58203125</ele>
      </trkpt>
      <trkpt lat="45.867705345153809" lon="7.05496072769165">
        <ele>1929.34765625</ele>
      </trkpt>
      <trkpt lat="45.86766242980957" lon="7.055003643035889">
        <ele>1930.9921875</ele>
      </trkpt>
      <trkpt lat="45.867512226104736" lon="7.055003643035889">
        <ele>1930.95703125</ele>
      </trkpt>
      <trkpt lat="45.867469310760498" lon="7.055046558380127">
        <ele>1932.67578125</ele>
      </trkpt>
      <trkpt lat="45.867576599121094" lon="7.055239677429199">
        <ele>1940.28515625</ele>
      </trkpt>
      <trkpt lat="45.867619514465332" lon="7.055368423461914">
        <ele>1945.26171875</ele>
      </trkpt>
      <trkpt lat="45.867919921875" lon="7.055797576904297">
        <ele>1959.109375</ele>
      </trkpt>
      <trkpt lat="45.868113040924072" lon="7.055926322937012">
        <ele>1957.75</ele>
      </trkpt>
      <trkpt lat="45.868263244628906" lon="7.05622673034668">
        <ele>1962.3125</ele>
      </trkpt>
      <trkpt lat="45.868327617645264" lon="7.056376934051514">
        <ele>1964.7265625</ele>
      </trkpt>
      <trkpt lat="45.868370532989502" lon="7.056827545166016">
        <ele>1974.97265625</ele>
      </trkpt>
      <trkpt lat="45.868477821350098" lon="7.057042121887207">
        <ele>1976.40625</ele>
      </trkpt>
      <trkpt lat="45.868499279022217" lon="7.057192325592041">
        <ele>1979.140625</ele>
      </trkpt>
      <trkpt lat="45.868692398071289" lon="7.057363986968994">
        <ele>1975.9375</ele>
      </trkpt>
      <trkpt lat="45.868756771087646" lon="7.057578563690186">
        <ele>1978.69140625</ele>
      </trkpt>
      <trkpt lat="45.869035720825195" lon="7.057921886444092">
        <ele>1977.8203125</ele>
      </trkpt>
      <trkpt lat="45.869121551513672" lon="7.058115005493164">
        <ele>1980.5</ele>
      </trkpt>
      <trkpt lat="45.869250297546387" lon="7.058157920837402">
        <ele>1977.8046875</ele>
      </trkpt>
      <trkpt lat="45.869593620300293" lon="7.058544158935547">
        <ele>1982.19140625</ele>
      </trkpt>
      <trkpt lat="45.869636535644531" lon="7.058758735656738">
        <ele>1989.98046875</ele>
      </trkpt>
      <trkpt lat="45.869464874267578" lon="7.058587074279785">
        <ele>1986.04296875</ele>
      </trkpt>
      <trkpt lat="45.869271755218506" lon="7.058565616607666">
        <ele>1989.97265625</ele>
      </trkpt>
      <trkpt lat="45.869057178497314" lon="7.05845832824707">
        <ele>1992.1484375</ele>
      </trkpt>
      <trkpt lat="45.868220329284668" lon="7.057943344116211">
        <ele>2007.41796875</ele>
      </trkpt>
      <trkpt lat="45.868070125579834" lon="7.057900428771973">
        <ele>2011.98046875</ele>
      </trkpt>
      <trkpt lat="45.867962837219238" lon="7.057750225067139">
        <ele>2012.36328125</ele>
      </trkpt>
      <trkpt lat="45.867769718170166" lon="7.057664394378662">
        <ele>2016.203125</ele>
      </trkpt>
      <trkpt lat="45.867555141448975" lon="7.057363986968994">
        <ele>2013.8671875</ele>
      </trkpt>
      <trkpt lat="45.86742639541626" lon="7.057256698608398">
        <ele>2013.20703125</ele>
      </trkpt>
      <trkpt lat="45.8669114112854" lon="7.057278156280518">
        <ele>2022.80078125</ele>
      </trkpt>
      <trkpt lat="45.866439342498779" lon="7.057020664215088">
        <ele>2014.57421875</ele>
      </trkpt>
      <trkpt lat="45.866289138793945" lon="7.057042121887207">
        <ele>2016.015625</ele>
      </trkpt>
      <trkpt lat="45.866224765777588" lon="7.057106494903564">
        <ele>2018.61328125</ele>
      </trkpt>
      <trkpt lat="45.866117477416992" lon="7.057042121887207">
        <ele>2018.23828125</ele>
      </trkpt>
      <trkpt lat="45.866053104400635" lon="7.057085037231445">
        <ele>2020.9453125</ele>
      </trkpt>
      <trkpt lat="45.866010189056396" lon="7.057170867919922">
        <ele>2024.72265625</ele>
      </trkpt>
      <trkpt lat="45.865881443023682" lon="7.05747127532959">
        <ele>2036.6171875</ele>
      </trkpt>
      <trkpt lat="45.865538120269775" lon="7.05695629119873">
        <ele>2026.30859375</ele>
      </trkpt>
      <trkpt lat="45.865323543548584" lon="7.056870460510254">
        <ele>2028.73046875</ele>
      </trkpt>
      <trkpt lat="45.865216255187988" lon="7.056913375854492">
        <ele>2033.69140625</ele>
      </trkpt>
      <trkpt lat="45.86517333984375" lon="7.05695629119873">
        <ele>2036.38671875</ele>
      </trkpt>
      <trkpt lat="45.865130424499512" lon="7.05695629119873">
        <ele>2037.828125</ele>
      </trkpt>
      <trkpt lat="45.865044593811035" lon="7.056891918182373">
        <ele>2038.953125</ele>
      </trkpt>
      <trkpt lat="45.864872932434082" lon="7.056870460510254">
        <ele>2044.296875</ele>
      </trkpt>
      <trkpt lat="45.864722728729248" lon="7.056934833526611">
        <ele>2051</ele>
      </trkpt>
      <trkpt lat="45.864636898040771" lon="7.056891918182373">
        <ele>2052.93359375</ele>
      </trkpt>
      <trkpt lat="45.864658355712891" lon="7.056827545166016">
        <ele>2050.73046875</ele>
      </trkpt>
      <trkpt lat="45.864658355712891" lon="7.056741714477539">
        <ele>2048.7734375</ele>
      </trkpt>
      <trkpt lat="45.864636898040771" lon="7.056677341461182">
        <ele>2048.09375</ele>
      </trkpt>
      <trkpt lat="45.864551067352295" lon="7.056612968444824">
        <ele>2049.97265625</ele>
      </trkpt>
      <trkpt lat="45.864572525024414" lon="7.056527137756348">
        <ele>2047.26171875</ele>
      </trkpt>
      <trkpt lat="45.864529609680176" lon="7.056355476379395">
        <ele>2048.01953125</ele>
      </trkpt>
      <trkpt lat="45.864400863647461" lon="7.056291103363037">
        <ele>2056.19921875</ele>
      </trkpt>
      <trkpt lat="45.86416482925415" lon="7.056076526641846">
        <ele>2070.62109375</ele>
      </trkpt>
      <trkpt lat="45.864057540893555" lon="7.055883407592773">
        <ele>2076.60546875</ele>
      </trkpt>
      <trkpt lat="45.864057540893555" lon="7.055561542510986">
        <ele>2073.4765625</ele>
      </trkpt>
      <trkpt lat="45.864036083221436" lon="7.05521821975708">
        <ele>2070.4765625</ele>
      </trkpt>
      <trkpt lat="45.863950252532959" lon="7.05496072769165">
        <ele>2072.19140625</ele>
      </trkpt>
      <trkpt lat="45.863885879516602" lon="7.054810523986816">
        <ele>2073.43359375</ele>
      </trkpt>
      <trkpt lat="45.863842964172363" lon="7.054681777954102">
        <ele>2073.2734375</ele>
      </trkpt>
      <trkpt lat="45.863757133483887" lon="7.054038047790527">
        <ele>2064.3828125</ele>
      </trkpt>
      <trkpt lat="45.863842964172363" lon="7.053523063659668">
        <ele>2050.6171875</ele>
      </trkpt>
      <trkpt lat="45.863864421844482" lon="7.053287029266357">
        <ele>2045.078125</ele>
      </trkpt>
      <trkpt lat="45.863542556762695" lon="7.052407264709473">
        <ele>2041.078125</ele>
      </trkpt>
      <trkpt lat="45.863306522369385" lon="7.052106857299805">
        <ele>2046.9921875</ele>
      </trkpt>
      <trkpt lat="45.86317777633667" lon="7.051742076873779">
        <ele>2045.625</ele>
      </trkpt>
      <trkpt lat="45.862963199615479" lon="7.051398754119873">
        <ele>2050.90234375</ele>
      </trkpt>
      <trkpt lat="45.862598419189453" lon="7.050261497497559">
        <ele>2052.65625</ele>
      </trkpt>
      <trkpt lat="45.862469673156738" lon="7.049961090087891">
        <ele>2054.3828125</ele>
      </trkpt>
      <trkpt lat="45.862255096435547" lon="7.049252986907959">
        <ele>2046.36328125</ele>
      </trkpt>
      <trkpt lat="45.862083435058594" lon="7.048952579498291">
        <ele>2045.6484375</ele>
      </trkpt>
      <trkpt lat="45.861525535583496" lon="7.048416137695312">
        <ele>2045.6796875</ele>
      </trkpt>
      <trkpt lat="45.861310958862305" lon="7.048137187957764">
        <ele>2041.984375</ele>
      </trkpt>
      <trkpt lat="45.861053466796875" lon="7.047922611236572">
        <ele>2045.50390625</ele>
      </trkpt>
      <trkpt lat="45.860774517059326" lon="7.047579288482666">
        <ele>2044.85546875</ele>
      </trkpt>
      <trkpt lat="45.860238075256348" lon="7.047085762023926">
        <ele>2046.01171875</ele>
      </trkpt>
      <trkpt lat="45.859551429748535" lon="7.046570777893066">
        <ele>2044.28125</ele>
      </trkpt>
      <trkpt lat="45.859401226043701" lon="7.046506404876709">
        <ele>2044.36328125</ele>
      </trkpt>
      <trkpt lat="45.859272480010986" lon="7.046356201171875">
        <ele>2042.34375</ele>
      </trkpt>
      <trkpt lat="45.859122276306152" lon="7.046356201171875">
        <ele>2044.66796875</ele>
      </trkpt>
      <trkpt lat="45.859100818634033" lon="7.046291828155518">
        <ele>2043.390625</ele>
      </trkpt>
      <trkpt lat="45.859143733978271" lon="7.046077251434326">
        <ele>2037.296875</ele>
      </trkpt>
      <trkpt lat="45.859079360961914" lon="7.045927047729492">
        <ele>2034.6640625</ele>
      </trkpt>
      <trkpt lat="45.858679711818695" lon="7.045632507652044">
        <ele>2035.18359375</ele>
      </trkpt>
      <trkpt lat="45.858027935028076" lon="7.044897079467773">
        <ele>2029.53515625</ele>
      </trkpt>
      <trkpt lat="45.857856273651123" lon="7.044832706451416">
        <ele>2031.80859375</ele>
      </trkpt>
      <trkpt lat="45.857727527618408" lon="7.044575214385986">
        <ele>2032.4609375</ele>
      </trkpt>
      <trkpt lat="45.857512950897217" lon="7.044382095336914">
        <ele>2037.46484375</ele>
      </trkpt>
      <trkpt lat="45.857341289520264" lon="7.044103145599365">
        <ele>2038.484375</ele>
      </trkpt>
      <trkpt lat="45.857169628143311" lon="7.043759822845459">
        <ele>2038.5859375</ele>
      </trkpt>
      <trkpt lat="45.856976509094238" lon="7.043201923370361">
        <ele>2035.78515625</ele>
      </trkpt>
      <trkpt lat="45.856697559356689" lon="7.042644023895264">
        <ele>2038.078125</ele>
      </trkpt>
      <trkpt lat="45.856568813323975" lon="7.042257785797119">
        <ele>2036.27734375</ele>
      </trkpt>
      <trkpt lat="45.856461524963379" lon="7.041506767272949">
        <ele>2030.16015625</ele>
      </trkpt>
      <trkpt lat="45.856375694274902" lon="7.041292190551758">
        <ele>2031.06640625</ele>
      </trkpt>
      <trkpt lat="45.856075286865234" lon="7.040841579437256">
        <ele>2039.59765625</ele>
      </trkpt>
      <trkpt lat="45.855967998504639" lon="7.040648460388184">
        <ele>2042.546875</ele>
      </trkpt>
      <trkpt lat="45.855839252471924" lon="7.040433883666992">
        <ele>2045.50390625</ele>
      </trkpt>
      <trkpt lat="45.855410099029541" lon="7.039854526519775">
        <ele>2055.734375</ele>
      </trkpt>
      <trkpt lat="45.85519552230835" lon="7.039597034454346">
        <ele>2058.92578125</ele>
      </trkpt>
      <trkpt lat="45.854787826538086" lon="7.038931846618652">
        <ele>2058.390625</ele>
      </trkpt>
      <trkpt lat="45.854637622833252" lon="7.038803100585938">
        <ele>2059.8828125</ele>
      </trkpt>
      <trkpt lat="45.854508876800537" lon="7.038781642913818">
        <ele>2063.125</ele>
      </trkpt>
      <trkpt lat="45.854380130767822" lon="7.03873872756958">
        <ele>2063.67578125</ele>
      </trkpt>
      <trkpt lat="45.85418701171875" lon="7.03873872756958">
        <ele>2066.9375</ele>
      </trkpt>
      <trkpt lat="45.853865146636963" lon="7.038652896881104">
        <ele>2068.48828125</ele>
      </trkpt>
      <trkpt lat="45.853629112243652" lon="7.038631439208984">
        <ele>2070.31640625</ele>
      </trkpt>
      <trkpt lat="45.853478908538818" lon="7.038588523864746">
        <ele>2069.13671875</ele>
      </trkpt>
      <trkpt lat="45.853350162506104" lon="7.038524150848389">
        <ele>2066.5078125</ele>
      </trkpt>
      <trkpt lat="45.853242874145508" lon="7.03848123550415">
        <ele>2064.69921875</ele>
      </trkpt>
      <trkpt lat="45.853028297424316" lon="7.03848123550415">
        <ele>2065.6171875</ele>
      </trkpt>
      <trkpt lat="45.85268497467041" lon="7.038352489471436">
        <ele>2059.2109375</ele>
      </trkpt>
      <trkpt lat="45.852534770965576" lon="7.038266658782959">
        <ele>2054.6015625</ele>
      </trkpt>
      <trkpt lat="45.852406024932861" lon="7.03824520111084">
        <ele>2053.77734375</ele>
      </trkpt>
      <trkpt lat="45.852277278900146" lon="7.038266658782959">
        <ele>2055.52734375</ele>
      </trkpt>
      <trkpt lat="45.851504802703857" lon="7.03798770904541">
        <ele>2042.640625</ele>
      </trkpt>
      <trkpt lat="45.851311683654785" lon="7.037944793701172">
        <ele>2041.19140625</ele>
      </trkpt>
      <trkpt lat="45.851054191589355" lon="7.037816047668457">
        <ele>2036.69921875</ele>
      </trkpt>
      <trkpt lat="45.850796699523926" lon="7.03773021697998">
        <ele>2035.4296875</ele>
      </trkpt>
      <trkpt lat="45.850667953491211" lon="7.037644386291504">
        <ele>2032.828125</ele>
      </trkpt>
      <trkpt lat="45.850539207458496" lon="7.037622928619385">
        <ele>2033.51171875</ele>
      </trkpt>
      <trkpt lat="45.850389003753662" lon="7.037451267242432">
        <ele>2027.4921875</ele>
      </trkpt>
      <trkpt lat="45.850088596343994" lon="7.037258148193359">
        <ele>2024.86328125</ele>
      </trkpt>
      <trkpt lat="45.850002765655518" lon="7.037279605865479">
        <ele>2026.62890625</ele>
      </trkpt>
      <trkpt lat="45.849895477294922" lon="7.037150859832764">
        <ele>2024.87890625</ele>
      </trkpt>
      <trkpt lat="45.849659442901611" lon="7.037022113800049">
        <ele>2025.359375</ele>
      </trkpt>
      <trkpt lat="45.849595069885254" lon="7.036979198455811">
        <ele>2025.38671875</ele>
      </trkpt>
      <trkpt lat="45.849573612213135" lon="7.036893367767334">
        <ele>2023.765625</ele>
      </trkpt>
      <trkpt lat="45.849616527557373" lon="7.036592960357666">
        <ele>2016.08203125</ele>
      </trkpt>
      <trkpt lat="45.849509239196777" lon="7.036421298980713">
        <ele>2012.1328125</ele>
      </trkpt>
      <trkpt lat="45.84944486618042" lon="7.036442756652832">
        <ele>2012.43359375</ele>
      </trkpt>
      <trkpt lat="45.849401950836182" lon="7.036421298980713">
        <ele>2011.59765625</ele>
      </trkpt>
      <trkpt lat="45.849208831787109" lon="7.036550045013428">
        <ele>2014.39453125</ele>
      </trkpt>
      <trkpt lat="45.849015712738037" lon="7.036807537078857">
        <ele>2020.3671875</ele>
      </trkpt>
      <trkpt lat="45.848972797393799" lon="7.036871910095215">
        <ele>2021.984375</ele>
      </trkpt>
      <trkpt lat="45.848929882049561" lon="7.036893367767334">
        <ele>2022.46484375</ele>
      </trkpt>
      <trkpt lat="45.848844051361084" lon="7.037065029144287">
        <ele>2027.07421875</ele>
      </trkpt>
      <trkpt lat="45.848608016967773" lon="7.037386894226074">
        <ele>2035.62890625</ele>
      </trkpt>
      <trkpt lat="45.848522186279297" lon="7.037429809570312">
        <ele>2036.35546875</ele>
      </trkpt>
      <trkpt lat="45.848414897918701" lon="7.037515640258789">
        <ele>2037.984375</ele>
      </trkpt>
      <trkpt lat="45.848157405853271" lon="7.03773021697998">
        <ele>2041.33203125</ele>
      </trkpt>
      <trkpt lat="45.848050117492676" lon="7.03773021697998">
        <ele>2040.4375</ele>
      </trkpt>
      <trkpt lat="45.847964286804199" lon="7.037858963012695">
        <ele>2042.43359375</ele>
      </trkpt>
      <trkpt lat="45.847856998443604" lon="7.037858963012695">
        <ele>2042.44140625</ele>
      </trkpt>
      <trkpt lat="45.847814083099365" lon="7.037837505340576">
        <ele>2042.671875</ele>
      </trkpt>
      <trkpt lat="45.847728252410889" lon="7.037580013275146">
        <ele>2038.87109375</ele>
      </trkpt>
      <trkpt lat="45.847696233540773" lon="7.037541456520557">
        <ele>2038.625</ele>
      </trkpt>
      <trkpt lat="45.847620964050293" lon="7.037451267242432">
        <ele>2038.0859375</ele>
      </trkpt>
      <trkpt lat="45.847492218017578" lon="7.037215232849121">
        <ele>2035.18359375</ele>
      </trkpt>
      <trkpt lat="45.847427845001221" lon="7.037193775177002">
        <ele>2035.875</ele>
      </trkpt>
      <trkpt lat="45.847384929656982" lon="7.037172317504883">
        <ele>2036.19140625</ele>
      </trkpt>
      <trkpt lat="45.84719181060791" lon="7.03723669052124">
        <ele>2041.01953125</ele>
      </trkpt>
      <trkpt lat="45.847105979919434" lon="7.037193775177002">
        <ele>2041.71484375</ele>
      </trkpt>
      <trkpt lat="45.847105979919434" lon="7.037086486816406">
        <ele>2039.62109375</ele>
      </trkpt>
      <trkpt lat="45.847063064575195" lon="7.036764621734619">
        <ele>2034.27734375</ele>
      </trkpt>
      <trkpt lat="45.846998691558838" lon="7.036678791046143">
        <ele>2034.46484375</ele>
      </trkpt>
      <trkpt lat="45.846805572509766" lon="7.036635875701904">
        <ele>2039.078125</ele>
      </trkpt>
      <trkpt lat="45.846590995788574" lon="7.036550045013428">
        <ele>2043.203125</ele>
      </trkpt>
      <trkpt lat="45.84644079208374" lon="7.036550045013428">
        <ele>2047.35546875</ele>
      </trkpt>
      <trkpt lat="45.846290588378906" lon="7.03648567199707">
        <ele>2050.65625</ele>
      </trkpt>
      <trkpt lat="45.846269130706787" lon="7.036335468292236">
        <ele>2049.41796875</ele>
      </trkpt>
      <trkpt lat="45.846290588378906" lon="7.036271095275879">
        <ele>2047.9921875</ele>
      </trkpt>
      <trkpt lat="45.846290588378906" lon="7.036163806915283">
        <ele>2046.66015625</ele>
      </trkpt>
      <trkpt lat="45.846333503723145" lon="7.035949230194092">
        <ele>2042.625</ele>
      </trkpt>
      <trkpt lat="45.846290588378906" lon="7.035841941833496">
        <ele>2042.66015625</ele>
      </trkpt>
      <trkpt lat="45.846290588378906" lon="7.035520076751709">
        <ele>2042.5703125</ele>
      </trkpt>
      <trkpt lat="45.846312046051025" lon="7.035262584686279">
        <ele>2043.765625</ele>
      </trkpt>
      <trkpt lat="45.846354961395264" lon="7.035198211669922">
        <ele>2042.58984375</ele>
      </trkpt>
      <trkpt lat="45.84644079208374" lon="7.034833431243896">
        <ele>2041.41796875</ele>
      </trkpt>
      <trkpt lat="45.84644079208374" lon="7.03474760055542">
        <ele>2041.703125</ele>
      </trkpt>
      <trkpt lat="45.846462249755859" lon="7.034683227539062">
        <ele>2041.078125</ele>
      </trkpt>
      <trkpt lat="45.846483707427979" lon="7.034597396850586">
        <ele>2040.5859375</ele>
      </trkpt>
      <trkpt lat="45.846483707427979" lon="7.034511566162109">
        <ele>2040.92578125</ele>
      </trkpt>
      <trkpt lat="45.846526622772217" lon="7.034425735473633">
        <ele>2039.7734375</ele>
      </trkpt>
      <trkpt lat="45.846548080444336" lon="7.034296989440918">
        <ele>2039.671875</ele>
      </trkpt>
      <trkpt lat="45.846590995788574" lon="7.034189701080322">
        <ele>2038.875</ele>
      </trkpt>
      <trkpt lat="45.846590995788574" lon="7.034146785736084">
        <ele>2039.1171875</ele>
      </trkpt>
      <trkpt lat="45.846612453460693" lon="7.034082412719727">
        <ele>2038.8515625</ele>
      </trkpt>
      <trkpt lat="45.846633911132812" lon="7.034039497375488">
        <ele>2038.375</ele>
      </trkpt>
      <trkpt lat="45.846612453460693" lon="7.033846378326416">
        <ele>2037.328125</ele>
      </trkpt>
      <trkpt lat="45.846612453460693" lon="7.033610343933105">
        <ele>2035.296875</ele>
      </trkpt>
      <trkpt lat="45.846633911132812" lon="7.033438682556152">
        <ele>2033.2734375</ele>
      </trkpt>
      <trkpt lat="45.846719741821289" lon="7.033309936523438">
        <ele>2030.0703125</ele>
      </trkpt>
      <trkpt lat="45.846762657165527" lon="7.033181190490723">
        <ele>2027.74609375</ele>
      </trkpt>
      <trkpt lat="45.846827030181885" lon="7.032945156097412">
        <ele>2022.33984375</ele>
      </trkpt>
      <trkpt lat="45.846869945526123" lon="7.032966613769531">
        <ele>2021.58203125</ele>
      </trkpt>
      <trkpt lat="45.846891403198242" lon="7.033030986785889">
        <ele>2022.109375</ele>
      </trkpt>
      <trkpt lat="45.84693431854248" lon="7.03298807144165">
        <ele>2020.2890625</ele>
      </trkpt>
      <trkpt lat="45.8469557762146" lon="7.032923698425293">
        <ele>2018.62890625</ele>
      </trkpt>
      <trkpt lat="45.8469557762146" lon="7.032837867736816">
        <ele>2017.15234375</ele>
      </trkpt>
      <trkpt lat="45.84693431854248" lon="7.032794952392578">
        <ele>2016.9921875</ele>
      </trkpt>
      <trkpt lat="45.84693431854248" lon="7.03275203704834">
        <ele>2016.26171875</ele>
      </trkpt>
      <trkpt lat="45.846977233886719" lon="7.032666206359863">
        <ele>2013.59765625</ele>
      </trkpt>
      <trkpt lat="45.847063064575195" lon="7.032580375671387">
        <ele>2009.65234375</ele>
      </trkpt>
      <trkpt lat="45.847127437591553" lon="7.032322883605957">
        <ele>2002.765625</ele>
      </trkpt>
      <trkpt lat="45.847127437591553" lon="7.032172679901123">
        <ele>1999.05859375</ele>
      </trkpt>
      <trkpt lat="45.847170352935791" lon="7.032172679901123">
        <ele>1997.8984375</ele>
      </trkpt>
      <trkpt lat="45.847234725952148" lon="7.032151222229004">
        <ele>1995.65234375</ele>
      </trkpt>
      <trkpt lat="45.847277641296387" lon="7.032108306884766">
        <ele>1993.49609375</ele>
      </trkpt>
      <trkpt lat="45.847320556640625" lon="7.032108306884766">
        <ele>1992.359375</ele>
      </trkpt>
      <trkpt lat="45.847363471984863" lon="7.032065391540527">
        <ele>1990.25390625</ele>
      </trkpt>
      <trkpt lat="45.847384929656982" lon="7.03200101852417">
        <ele>1988.25</ele>
      </trkpt>
      <trkpt lat="45.84744930267334" lon="7.032022476196289">
        <ele>1987.078125</ele>
      </trkpt>
      <trkpt lat="45.847513675689697" lon="7.032022476196289">
        <ele>1985.421875</ele>
      </trkpt>
      <trkpt lat="45.847556591033936" lon="7.032065391540527">
        <ele>1985.21875</ele>
      </trkpt>
      <trkpt lat="45.847620964050293" lon="7.032086849212646">
        <ele>1983.9765625</ele>
      </trkpt>
      <trkpt lat="45.847749710083008" lon="7.032065391540527">
        <ele>1980.18359375</ele>
      </trkpt>
      <trkpt lat="45.847771167755127" lon="7.032022476196289">
        <ele>1978.80078125</ele>
      </trkpt>
      <trkpt lat="45.847899913787842" lon="7.032022476196289">
        <ele>1975.4765625</ele>
      </trkpt>
      <trkpt lat="45.847964286804199" lon="7.03200101852417">
        <ele>1972.6875</ele>
      </trkpt>
      <trkpt lat="45.847985744476318" lon="7.031958103179932">
        <ele>1971.125</ele>
      </trkpt>
      <trkpt lat="45.848028659820557" lon="7.031915187835693">
        <ele>1968.76953125</ele>
      </trkpt>
      <trkpt lat="45.848071575164795" lon="7.031807899475098">
        <ele>1965.30078125</ele>
      </trkpt>
      <trkpt lat="45.848135948181152" lon="7.031764984130859">
        <ele>1962.19140625</ele>
      </trkpt>
      <trkpt lat="45.848221778869629" lon="7.031722068786621">
        <ele>1958.3125</ele>
      </trkpt>
      <trkpt lat="45.848221778869629" lon="7.031657695770264">
        <ele>1957.2109375</ele>
      </trkpt>
      <trkpt lat="45.848178863525391" lon="7.031528949737549">
        <ele>1956.515625</ele>
      </trkpt>
      <trkpt lat="45.848157405853271" lon="7.031486034393311">
        <ele>1956.46875</ele>
      </trkpt>
      <trkpt lat="45.848135948181152" lon="7.031421661376953">
        <ele>1956.0234375</ele>
      </trkpt>
      <trkpt lat="45.848007202148438" lon="7.03125">
        <ele>1957.55859375</ele>
      </trkpt>
      <trkpt lat="45.847921371459961" lon="7.031121253967285">
        <ele>1958.4296875</ele>
      </trkpt>
      <trkpt lat="45.847899913787842" lon="7.030842304229736">
        <ele>1954.21875</ele>
      </trkpt>
      <trkpt lat="45.847835540771484" lon="7.030692100524902">
        <ele>1952.46484375</ele>
      </trkpt>
      <trkpt lat="45.84768533706665" lon="7.030456066131592">
        <ele>1947.93359375</ele>
      </trkpt>
      <trkpt lat="45.847599506378174" lon="7.030434608459473">
        <ele>1949.26953125</ele>
      </trkpt>
      <trkpt lat="45.847556591033936" lon="7.030434608459473">
        <ele>1950.28515625</ele>
      </trkpt>
      <trkpt lat="45.847492218017578" lon="7.030348777770996">
        <ele>1949.22265625</ele>
      </trkpt>
      <trkpt lat="45.847427845001221" lon="7.030220031738281">
        <ele>1947.0234375</ele>
      </trkpt>
      <trkpt lat="45.847384929656982" lon="7.030177116394043">
        <ele>1946.90625</ele>
      </trkpt>
      <trkpt lat="45.847234725952148" lon="7.029855251312256">
        <ele>1941.9921875</ele>
      </trkpt>
      <trkpt lat="45.847127437591553" lon="7.02974796295166">
        <ele>1941.92578125</ele>
      </trkpt>
      <trkpt lat="45.847041606903076" lon="7.029597759246826">
        <ele>1940.24609375</ele>
      </trkpt>
      <trkpt lat="45.846912860870361" lon="7.029469013214111">
        <ele>1940.8828125</ele>
      </trkpt>
      <trkpt lat="45.846848487854004" lon="7.029361724853516">
        <ele>1940.03515625</ele>
      </trkpt>
      <trkpt lat="45.846805572509766" lon="7.02925443649292">
        <ele>1938.49609375</ele>
      </trkpt>
      <trkpt lat="45.846728626638651" lon="7.029121415689588">
        <ele>1937.53515625</ele>
      </trkpt>
      <trkpt lat="45.846569538116455" lon="7.028846740722656">
        <ele>1935.390625</ele>
      </trkpt>
      <trkpt lat="45.846483707427979" lon="7.028803825378418">
        <ele>1937.51953125</ele>
      </trkpt>
      <trkpt lat="45.846333503723145" lon="7.028610706329346">
        <ele>1938.19140625</ele>
      </trkpt>
      <trkpt lat="45.84620475769043" lon="7.028589248657227">
        <ele>1942.91015625</ele>
      </trkpt>
      <trkpt lat="45.845990180969238" lon="7.028224468231201">
        <ele>1941.5078125</ele>
      </trkpt>
      <trkpt lat="45.845839977264404" lon="7.028074264526367">
        <ele>1941.828125</ele>
      </trkpt>
      <trkpt lat="45.845732688903809" lon="7.027838230133057">
        <ele>1937.45703125</ele>
      </trkpt>
      <trkpt lat="45.845646858215332" lon="7.027709484100342">
        <ele>1936.27734375</ele>
      </trkpt>
      <trkpt lat="45.84545373916626" lon="7.027666568756104">
        <ele>1942.6171875</ele>
      </trkpt>
      <trkpt lat="45.84545373916626" lon="7.027430534362793">
        <ele>1934.34375</ele>
      </trkpt>
      <trkpt lat="45.845324993133545" lon="7.027301788330078">
        <ele>1934.98828125</ele>
      </trkpt>
      <trkpt lat="45.845174789428711" lon="7.027087211608887">
        <ele>1933.328125</ele>
      </trkpt>
      <trkpt lat="45.845046043395996" lon="7.027044296264648">
        <ele>1937.5</ele>
      </trkpt>
      <trkpt lat="45.84496021270752" lon="7.026851177215576">
        <ele>1934.21875</ele>
      </trkpt>
      <trkpt lat="45.84470272064209" lon="7.026486396789551">
        <ele>1933.28515625</ele>
      </trkpt>
      <trkpt lat="45.84444522857666" lon="7.026057243347168">
        <ele>1929.85546875</ele>
      </trkpt>
      <trkpt lat="45.844230651855469" lon="7.025907039642334">
        <ele>1932.04296875</ele>
      </trkpt>
      <trkpt lat="45.843973159790039" lon="7.025864124298096">
        <ele>1939.24609375</ele>
      </trkpt>
      <trkpt lat="45.843608379364014" lon="7.025542259216309">
        <ele>1939.28125</ele>
      </trkpt>
      <trkpt lat="45.843501091003418" lon="7.025327682495117">
        <ele>1935.60546875</ele>
      </trkpt>
      <trkpt lat="45.843329429626465" lon="7.025220394134521">
        <ele>1937.375</ele>
      </trkpt>
      <trkpt lat="45.843114852905273" lon="7.025134563446045">
        <ele>1941.0859375</ele>
      </trkpt>
      <trkpt lat="45.842986106872559" lon="7.024919986724854">
        <ele>1937.62109375</ele>
      </trkpt>
      <trkpt lat="45.842900276184082" lon="7.0247483253479">
        <ele>1936.8828125</ele>
      </trkpt>
      <trkpt lat="45.842814445495605" lon="7.024619579315186">
        <ele>1937.27734375</ele>
      </trkpt>
      <trkpt lat="45.842728614807129" lon="7.024576663970947">
        <ele>1938.99609375</ele>
      </trkpt>
      <trkpt lat="45.842599868774414" lon="7.024405002593994">
        <ele>1939.76171875</ele>
      </trkpt>
      <trkpt lat="45.842556953430176" lon="7.024276256561279">
        <ele>1938.80078125</ele>
      </trkpt>
      <trkpt lat="45.842471122741699" lon="7.024147510528564">
        <ele>1938.953125</ele>
      </trkpt>
      <trkpt lat="45.842342376708984" lon="7.024040222167969">
        <ele>1940.45703125</ele>
      </trkpt>
      <trkpt lat="45.842149257659912" lon="7.02399730682373">
        <ele>1944.3828125</ele>
      </trkpt>
      <trkpt lat="45.842020511627197" lon="7.02401876449585">
        <ele>1948.36328125</ele>
      </trkpt>
      <trkpt lat="45.841784477233887" lon="7.023932933807373">
        <ele>1952.37109375</ele>
      </trkpt>
      <trkpt lat="45.84169864654541" lon="7.023911476135254">
        <ele>1954.0703125</ele>
      </trkpt>
      <trkpt lat="45.841569900512695" lon="7.023868560791016">
        <ele>1956.265625</ele>
      </trkpt>
      <trkpt lat="45.84144115447998" lon="7.023782730102539">
        <ele>1957.1171875</ele>
      </trkpt>
      <trkpt lat="45.841248035430908" lon="7.023589611053467">
        <ele>1956.203125</ele>
      </trkpt>
      <trkpt lat="45.841140747070312" lon="7.023375034332275">
        <ele>1955.09375</ele>
      </trkpt>
      <trkpt lat="45.841033458709717" lon="7.023224830627441">
        <ele>1956.3125</ele>
      </trkpt>
      <trkpt lat="45.840861797332764" lon="7.023074626922607">
        <ele>1961.76171875</ele>
      </trkpt>
      <trkpt lat="45.840668678283691" lon="7.022838592529297">
        <ele>1965.58984375</ele>
      </trkpt>
      <trkpt lat="45.840539932250977" lon="7.022602558135986">
        <ele>1965.49609375</ele>
      </trkpt>
      <trkpt lat="45.840325355529785" lon="7.022387981414795">
        <ele>1970.76171875</ele>
      </trkpt>
      <trkpt lat="45.84019660949707" lon="7.022173404693604">
        <ele>1973.11328125</ele>
      </trkpt>
      <trkpt lat="45.839982032775879" lon="7.021958827972412">
        <ele>1979.390625</ele>
      </trkpt>
      <trkpt lat="45.839874744415283" lon="7.021830081939697">
        <ele>1981.37890625</ele>
      </trkpt>
      <trkpt lat="45.839767456054688" lon="7.02176570892334">
        <ele>1985.02734375</ele>
      </trkpt>
      <trkpt lat="45.839681625366211" lon="7.021658420562744">
        <ele>1985.94921875</ele>
      </trkpt>
      <trkpt lat="45.839295387268066" lon="7.021422386169434">
        <ele>1995.0859375</ele>
      </trkpt>
      <trkpt lat="45.839145183563232" lon="7.021443843841553">
        <ele>2002.8125</ele>
      </trkpt>
      <trkpt lat="45.838930606842041" lon="7.0212721824646">
        <ele>2004.1328125</ele>
      </trkpt>
      <trkpt lat="45.838372707366943" lon="7.021079063415527">
        <ele>2011.23828125</ele>
      </trkpt>
      <trkpt lat="45.838093757629395" lon="7.021079063415527">
        <ele>2017.98828125</ele>
      </trkpt>
      <trkpt lat="45.837492942810059" lon="7.021036148071289">
        <ele>2023.046875</ele>
      </trkpt>
      <trkpt lat="45.837235450744629" lon="7.021164894104004">
        <ele>2031.32421875</ele>
      </trkpt>
      <trkpt lat="45.837106704711914" lon="7.021143436431885">
        <ele>2031.01953125</ele>
      </trkpt>
      <trkpt lat="45.837042331695557" lon="7.021057605743408">
        <ele>2026.875</ele>
      </trkpt>
      <trkpt lat="45.836892127990723" lon="7.020993232727051">
        <ele>2022.7265625</ele>
      </trkpt>
      <trkpt lat="45.836784839630127" lon="7.020971775054932">
        <ele>2020.984375</ele>
      </trkpt>
      <trkpt lat="45.83669900894165" lon="7.020843029022217">
        <ele>2014.6171875</ele>
      </trkpt>
      <trkpt lat="45.836484432220459" lon="7.02075719833374">
        <ele>2009.67578125</ele>
      </trkpt>
      <trkpt lat="45.836420059204102" lon="7.020649909973145">
        <ele>2005.57421875</ele>
      </trkpt>
      <trkpt lat="45.83620548248291" lon="7.02052116394043">
        <ele>2001.4375</ele>
      </trkpt>
      <trkpt lat="45.836012363433838" lon="7.02052116394043">
        <ele>2002.7890625</ele>
      </trkpt>
      <trkpt lat="45.835926532745361" lon="7.020456790924072">
        <ele>2002.1171875</ele>
      </trkpt>
      <trkpt lat="45.835840702056885" lon="7.02052116394043">
        <ele>2003.9921875</ele>
      </trkpt>
      <trkpt lat="45.835540294647217" lon="7.020950317382812">
        <ele>2012.09375</ele>
      </trkpt>
      <trkpt lat="45.83545446395874" lon="7.020907402038574">
        <ele>2010.890625</ele>
      </trkpt>
      <trkpt lat="45.835304260253906" lon="7.021036148071289">
        <ele>2015.0390625</ele>
      </trkpt>
      <trkpt lat="45.835282802581787" lon="7.020928859710693">
        <ele>2014.65234375</ele>
      </trkpt>
      <trkpt lat="45.835325717926025" lon="7.020778656005859">
        <ele>2011.78515625</ele>
      </trkpt>
      <trkpt lat="45.835347175598145" lon="7.020564079284668">
        <ele>2009.90234375</ele>
      </trkpt>
      <trkpt lat="45.835282802581787" lon="7.020413875579834">
        <ele>2012.72265625</ele>
      </trkpt>
      <trkpt lat="45.835368633270264" lon="7.020306587219238">
        <ele>2008.03125</ele>
      </trkpt>
      <trkpt lat="45.835390090942383" lon="7.020199298858643">
        <ele>2006.41796875</ele>
      </trkpt>
      <trkpt lat="45.835304260253906" lon="7.019941806793213">
        <ele>2011.04296875</ele>
      </trkpt>
      <trkpt lat="45.835261344909668" lon="7.019748687744141">
        <ele>2014.16796875</ele>
      </trkpt>
      <trkpt lat="45.835325717926025" lon="7.019491195678711">
        <ele>2010.125</ele>
      </trkpt>
      <trkpt lat="45.835304260253906" lon="7.019383907318115">
        <ele>2011.8046875</ele>
      </trkpt>
      <trkpt lat="45.835325717926025" lon="7.01927661895752">
        <ele>2010.45703125</ele>
      </trkpt>
      <trkpt lat="45.835368633270264" lon="7.019147872924805">
        <ele>2007.58203125</ele>
      </trkpt>
      <trkpt lat="45.835518836975098" lon="7.018933296203613">
        <ele>2001.9375</ele>
      </trkpt>
      <trkpt lat="45.835518836975098" lon="7.01876163482666">
        <ele>2004.63671875</ele>
      </trkpt>
      <trkpt lat="45.835604667663574" lon="7.018632888793945">
        <ele>2002.1171875</ele>
      </trkpt>
      <trkpt lat="45.835690498352051" lon="7.018611431121826">
        <ele>1997.83203125</ele>
      </trkpt>
      <trkpt lat="45.835776329040527" lon="7.018439769744873">
        <ele>1995.05859375</ele>
      </trkpt>
      <trkpt lat="45.835797786712646" lon="7.018225193023682">
        <ele>1996.00390625</ele>
      </trkpt>
      <trkpt lat="45.8359694480896" lon="7.017967700958252">
        <ele>1991.859375</ele>
      </trkpt>
      <trkpt lat="45.8359694480896" lon="7.017860412597656">
        <ele>1994.51953125</ele>
      </trkpt>
      <trkpt lat="45.836055278778076" lon="7.017710208892822">
        <ele>1992.859375</ele>
      </trkpt>
      <trkpt lat="45.836184024810791" lon="7.017602920532227">
        <ele>1987.375</ele>
      </trkpt>
      <trkpt lat="45.836248397827148" lon="7.017366886138916">
        <ele>1988.6015625</ele>
      </trkpt>
      <trkpt lat="45.836334228515625" lon="7.017238140106201">
        <ele>1984.0234375</ele>
      </trkpt>
      <trkpt lat="45.836377143859863" lon="7.017109394073486">
        <ele>1982.3046875</ele>
      </trkpt>
      <trkpt lat="45.836355686187744" lon="7.01702356338501">
        <ele>1984.55859375</ele>
      </trkpt>
      <trkpt lat="45.836420059204102" lon="7.016680240631104">
        <ele>1983.28125</ele>
      </trkpt>
      <trkpt lat="45.836398601531982" lon="7.016379833221436">
        <ele>1982.75390625</ele>
      </trkpt>
      <trkpt lat="45.836269855499268" lon="7.016165256500244">
        <ele>1987.80859375</ele>
      </trkpt>
      <trkpt lat="45.835776329040527" lon="7.014920711517334">
        <ele>1989.4375</ele>
      </trkpt>
      <trkpt lat="45.835497379302979" lon="7.014362812042236">
        <ele>1989.51953125</ele>
      </trkpt>
      <trkpt lat="45.835347175598145" lon="7.014126777648926">
        <ele>1991.7109375</ele>
      </trkpt>
      <trkpt lat="45.835239887237549" lon="7.013890743255615">
        <ele>1992.671875</ele>
      </trkpt>
      <trkpt lat="45.835239887237549" lon="7.013740539550781">
        <ele>1988.48828125</ele>
      </trkpt>
      <trkpt lat="45.835025310516357" lon="7.012860774993896">
        <ele>1978.72265625</ele>
      </trkpt>
      <trkpt lat="45.834896564483643" lon="7.012474536895752">
        <ele>1975.27734375</ele>
      </trkpt>
      <trkpt lat="45.834574699401855" lon="7.011916637420654">
        <ele>1975.015625</ele>
      </trkpt>
      <trkpt lat="45.83446741104126" lon="7.011809349060059">
        <ele>1977.85546875</ele>
      </trkpt>
      <trkpt lat="45.834317207336426" lon="7.011787891387939">
        <ele>1985.92578125</ele>
      </trkpt>
      <trkpt lat="45.834317207336426" lon="7.011723518371582">
        <ele>1984.15234375</ele>
      </trkpt>
      <trkpt lat="45.834360122680664" lon="7.011594772338867">
        <ele>1978</ele>
      </trkpt>
      <trkpt lat="45.834403038024902" lon="7.011508941650391">
        <ele>1973.3515625</ele>
      </trkpt>
      <trkpt lat="45.834424495697021" lon="7.011229991912842">
        <ele>1966.2421875</ele>
      </trkpt>
      <trkpt lat="45.834424495697021" lon="7.010865211486816">
        <ele>1958.66796875</ele>
      </trkpt>
      <trkpt lat="45.834403038024902" lon="7.010757923126221">
        <ele>1957.85546875</ele>
      </trkpt>
      <trkpt lat="45.834374539554119" lon="7.010654490441084">
        <ele>1958.27734375</ele>
      </trkpt>
      <trkpt lat="45.834231376647949" lon="7.010135650634766">
        <ele>1959.9296875</ele>
      </trkpt>
      <trkpt lat="45.834059715270996" lon="7.009835243225098">
        <ele>1963.125</ele>
      </trkpt>
      <trkpt lat="45.833930969238281" lon="7.009577751159668">
        <ele>1962.3046875</ele>
      </trkpt>
      <trkpt lat="45.833673477172852" lon="7.009212970733643">
        <ele>1963.41796875</ele>
      </trkpt>
      <trkpt lat="45.833287239074707" lon="7.008547782897949">
        <ele>1959.81640625</ele>
      </trkpt>
      <trkpt lat="45.833115577697754" lon="7.008354663848877">
        <ele>1962.19921875</ele>
      </trkpt>
      <trkpt lat="45.833008289337158" lon="7.008247375488281">
        <ele>1964.34375</ele>
      </trkpt>
      <trkpt lat="45.83296537399292" lon="7.00803279876709">
        <ele>1960.765625</ele>
      </trkpt>
      <trkpt lat="45.832879543304443" lon="7.00777530670166">
        <ele>1958.5625</ele>
      </trkpt>
      <trkpt lat="45.833051204681396" lon="7.007732391357422">
        <ele>1948.13671875</ele>
      </trkpt>
      <trkpt lat="45.833115577697754" lon="7.007796764373779">
        <ele>1946.43359375</ele>
      </trkpt>
      <trkpt lat="45.833158493041992" lon="7.007753849029541">
        <ele>1942.95703125</ele>
      </trkpt>
      <trkpt lat="45.833179950714111" lon="7.007689476013184">
        <ele>1940.03125</ele>
      </trkpt>
      <trkpt lat="45.833158493041992" lon="7.007603645324707">
        <ele>1938.828125</ele>
      </trkpt>
      <trkpt lat="45.833094120025635" lon="7.00751781463623">
        <ele>1939.98828125</ele>
      </trkpt>
      <trkpt lat="45.832901000976562" lon="7.007389068603516">
        <ele>1947.17578125</ele>
      </trkpt>
      <trkpt lat="45.832643508911133" lon="7.006981372833252">
        <ele>1950.5</ele>
      </trkpt>
      <trkpt lat="45.832579135894775" lon="7.006852626800537">
        <ele>1950.265625</ele>
      </trkpt>
      <trkpt lat="45.832514762878418" lon="7.006723880767822">
        <ele>1949.8671875</ele>
      </trkpt>
      <trkpt lat="45.832407474517822" lon="7.00653076171875">
        <ele>1949.34375</ele>
      </trkpt>
      <trkpt lat="45.832192897796631" lon="7.006294727325439">
        <ele>1951.12890625</ele>
      </trkpt>
      <trkpt lat="45.831892490386963" lon="7.005908489227295">
        <ele>1950.0078125</ele>
      </trkpt>
      <trkpt lat="45.831634998321533" lon="7.005693912506104">
        <ele>1952.55859375</ele>
      </trkpt>
      <trkpt lat="45.831527709960938" lon="7.00554370880127">
        <ele>1951.34765625</ele>
      </trkpt>
      <trkpt lat="45.831441879272461" lon="7.005243301391602">
        <ele>1943.671875</ele>
      </trkpt>
      <trkpt lat="45.83120584487915" lon="7.00502872467041">
        <ele>1945.796875</ele>
      </trkpt>
      <trkpt lat="45.830755233764648" lon="7.004556655883789">
        <ele>1950.0703125</ele>
      </trkpt>
      <trkpt lat="45.830626487731934" lon="7.004513740539551">
        <ele>1954.4609375</ele>
      </trkpt>
      <trkpt lat="45.830175876617432" lon="7.004148960113525">
        <ele>1959.2421875</ele>
      </trkpt>
      <trkpt lat="45.830025672912598" lon="7.004127502441406">
        <ele>1965.6015625</ele>
      </trkpt>
      <trkpt lat="45.829789638519287" lon="7.003655433654785">
        <ele>1962.80078125</ele>
      </trkpt>
      <trkpt lat="45.829682350158691" lon="7.003333568572998">
        <ele>1958.79296875</ele>
      </trkpt>
      <trkpt lat="45.829532146453857" lon="7.003140449523926">
        <ele>1959.46875</ele>
      </trkpt>
      <trkpt lat="45.829274654388428" lon="7.003011703491211">
        <ele>1963.125</ele>
      </trkpt>
      <trkpt lat="45.829145908355713" lon="7.00303316116333">
        <ele>1967.703125</ele>
      </trkpt>
      <trkpt lat="45.829017162322998" lon="7.00303316116333">
        <ele>1971.57421875</ele>
      </trkpt>
      <trkpt lat="45.828781127929688" lon="7.002711296081543">
        <ele>1967.1484375</ele>
      </trkpt>
      <trkpt lat="45.828630924224854" lon="7.002625465393066">
        <ele>1970.51953125</ele>
      </trkpt>
      <trkpt lat="45.828523635864258" lon="7.002346515655518">
        <ele>1967.91015625</ele>
      </trkpt>
      <trkpt lat="45.828394889831543" lon="7.00228214263916">
        <ele>1974.1875</ele>
      </trkpt>
      <trkpt lat="45.82822322845459" lon="7.001960277557373">
        <ele>1981.51953125</ele>
      </trkpt>
      <trkpt lat="45.828051567077637" lon="7.001767158508301">
        <ele>1991.6328125</ele>
      </trkpt>
      <trkpt lat="45.828030109405518" lon="7.001338005065918">
        <ele>1988.4140625</ele>
      </trkpt>
      <trkpt lat="45.827987194061279" lon="7.001123428344727">
        <ele>1987.3984375</ele>
      </trkpt>
      <trkpt lat="45.827879905700684" lon="7.000930309295654">
        <ele>1991.16796875</ele>
      </trkpt>
      <trkpt lat="45.827815532684326" lon="7.00078010559082">
        <ele>1993.30859375</ele>
      </trkpt>
      <trkpt lat="45.827665328979492" lon="7.000501155853271">
        <ele>1997.3984375</ele>
      </trkpt>
      <trkpt lat="45.827579498291016" lon="7.000243663787842">
        <ele>1996.8203125</ele>
      </trkpt>
      <trkpt lat="45.827407836914062" lon="6.999921798706055">
        <ele>2001.62109375</ele>
      </trkpt>
      <trkpt lat="45.827300548553467" lon="6.999707221984863">
        <ele>2004.703125</ele>
      </trkpt>
      <trkpt lat="45.827236175537109" lon="6.999492645263672">
        <ele>2004.15625</ele>
      </trkpt>
      <trkpt lat="45.827150344848633" lon="6.99904203414917">
        <ele>1998.83984375</ele>
      </trkpt>
      <trkpt lat="45.827000141143799" lon="6.998634338378906">
        <ele>2000.35546875</ele>
      </trkpt>
      <trkpt lat="45.826957225799561" lon="6.998441219329834">
        <ele>1998.7578125</ele>
      </trkpt>
      <trkpt lat="45.826957225799561" lon="6.998054981231689">
        <ele>1990.70703125</ele>
      </trkpt>
      <trkpt lat="45.826892852783203" lon="6.997861862182617">
        <ele>1991.234375</ele>
      </trkpt>
      <trkpt lat="45.826828479766846" lon="6.997582912445068">
        <ele>1989.8515625</ele>
      </trkpt>
      <trkpt lat="45.826742649078369" lon="6.99730396270752">
        <ele>1989.15234375</ele>
      </trkpt>
      <trkpt lat="45.826656818389893" lon="6.997132301330566">
        <ele>1989.90234375</ele>
      </trkpt>
      <trkpt lat="45.826635360717773" lon="6.996960639953613">
        <ele>1986.92578125</ele>
      </trkpt>
      <trkpt lat="45.826528072357178" lon="6.996767520904541">
        <ele>1987.21484375</ele>
      </trkpt>
      <trkpt lat="45.826399326324463" lon="6.996638774871826">
        <ele>1989.45703125</ele>
      </trkpt>
      <trkpt lat="45.826098918914795" lon="6.996231079101562">
        <ele>1992.875</ele>
      </trkpt>
      <trkpt lat="45.826056003570557" lon="6.996059417724609">
        <ele>1990.3046875</ele>
      </trkpt>
      <trkpt lat="45.825948715209961" lon="6.995909214019775">
        <ele>1991.15625</ele>
      </trkpt>
      <trkpt lat="45.825927257537842" lon="6.995651721954346">
        <ele>1985.30078125</ele>
      </trkpt>
      <trkpt lat="45.825819969177246" lon="6.995372772216797">
        <ele>1983.75</ele>
      </trkpt>
      <trkpt lat="45.825819969177246" lon="6.995072364807129">
        <ele>1977.05078125</ele>
      </trkpt>
      <trkpt lat="45.825669765472412" lon="6.994600296020508">
        <ele>1973.83203125</ele>
      </trkpt>
      <trkpt lat="45.825583934783936" lon="6.994385719299316">
        <ele>1973.34765625</ele>
      </trkpt>
      <trkpt lat="45.825541019439697" lon="6.993978023529053">
        <ele>1968.03125</ele>
      </trkpt>
      <trkpt lat="45.825562477111816" lon="6.993870735168457">
        <ele>1965.45703125</ele>
      </trkpt>
      <trkpt lat="45.825562477111816" lon="6.993741989135742">
        <ele>1963.22265625</ele>
      </trkpt>
      <trkpt lat="45.825583934783936" lon="6.993634700775146">
        <ele>1960.6796875</ele>
      </trkpt>
      <trkpt lat="45.825519561767578" lon="6.993441581726074">
        <ele>1959.33203125</ele>
      </trkpt>
      <trkpt lat="45.825455188751221" lon="6.993162631988525">
        <ele>1956.53515625</ele>
      </trkpt>
      <trkpt lat="45.825283527374268" lon="6.992862224578857">
        <ele>1957.85546875</ele>
      </trkpt>
      <trkpt lat="45.825154781341553" lon="6.992497444152832">
        <ele>1956.4921875</ele>
      </trkpt>
      <trkpt lat="45.825047492980957" lon="6.992154121398926">
        <ele>1955.578125</ele>
      </trkpt>
      <trkpt lat="45.824918746948242" lon="6.991961002349854">
        <ele>1957.421875</ele>
      </trkpt>
      <trkpt lat="45.824918746948242" lon="6.991596221923828">
        <ele>1952.703125</ele>
      </trkpt>
      <trkpt lat="45.824790000915527" lon="6.991317272186279">
        <ele>1951.89453125</ele>
      </trkpt>
      <trkpt lat="45.824618339538574" lon="6.991016864776611">
        <ele>1951.25</ele>
      </trkpt>
      <trkpt lat="45.824575424194336" lon="6.990845203399658">
        <ele>1949.21484375</ele>
      </trkpt>
      <trkpt lat="45.82446813583374" lon="6.990652084350586">
        <ele>1951.32421875</ele>
      </trkpt>
      <trkpt lat="45.824446678161621" lon="6.990373134613037">
        <ele>1947.90625</ele>
      </trkpt>
      <trkpt lat="45.824339389801025" lon="6.990137100219727">
        <ele>1949.34765625</ele>
      </trkpt>
      <trkpt lat="45.824296474456787" lon="6.989943981170654">
        <ele>1948.19921875</ele>
      </trkpt>
      <trkpt lat="45.82423210144043" lon="6.989600658416748">
        <ele>1949.296875</ele>
      </trkpt>
      <trkpt lat="45.82423210144043" lon="6.989278793334961">
        <ele>1947.84765625</ele>
      </trkpt>
      <trkpt lat="45.824146270751953" lon="6.988849639892578">
        <ele>1950.87109375</ele>
      </trkpt>
      <trkpt lat="45.82409480586648" lon="6.988737322390079">
        <ele>1952.85546875</ele>
      </trkpt>
      <trkpt lat="45.823910236358643" lon="6.988334655761719">
        <ele>1958.33984375</ele>
      </trkpt>
      <trkpt lat="45.823695659637451" lon="6.987991333007812">
        <ele>1958.87890625</ele>
      </trkpt>
      <trkpt lat="45.823566913604736" lon="6.987733840942383">
        <ele>1959.26171875</ele>
      </trkpt>
      <trkpt lat="45.823373794555664" lon="6.987540721893311">
        <ele>1964.15625</ele>
      </trkpt>
      <trkpt lat="45.823180675506592" lon="6.987283229827881">
        <ele>1967.32421875</ele>
      </trkpt>
      <trkpt lat="45.823051929473877" lon="6.987004280090332">
        <ele>1966.3203125</ele>
      </trkpt>
      <trkpt lat="45.822150707244873" lon="6.985867023468018">
        <ele>1983.46875</ele>
      </trkpt>
      <trkpt lat="45.82197904586792" lon="6.98554515838623">
        <ele>1981.5234375</ele>
      </trkpt>
      <trkpt lat="45.821657180786133" lon="6.984794139862061">
        <ele>1970.05078125</ele>
      </trkpt>
      <trkpt lat="45.821506977081299" lon="6.984686851501465">
        <ele>1973.54296875</ele>
      </trkpt>
      <trkpt lat="45.821206569671631" lon="6.984343528747559">
        <ele>1977.43359375</ele>
      </trkpt>
      <trkpt lat="45.820927619934082" lon="6.983935832977295">
        <ele>1978.84765625</ele>
      </trkpt>
      <trkpt lat="45.820841789245605" lon="6.983699798583984">
        <ele>1977.61328125</ele>
      </trkpt>
      <trkpt lat="45.820691585540771" lon="6.983356475830078">
        <ele>1977.04296875</ele>
      </trkpt>
      <trkpt lat="45.82024097442627" lon="6.982691287994385">
        <ele>1980.54296875</ele>
      </trkpt>
      <trkpt lat="45.820026397705078" lon="6.982412338256836">
        <ele>1980.67578125</ele>
      </trkpt>
      <trkpt lat="45.819704532623291" lon="6.981897354125977">
        <ele>1980.3359375</ele>
      </trkpt>
      <trkpt lat="45.819575786590576" lon="6.981532573699951">
        <ele>1978.69140625</ele>
      </trkpt>
      <trkpt lat="45.819404125213623" lon="6.981103420257568">
        <ele>1979.40234375</ele>
      </trkpt>
      <trkpt lat="45.818846225738525" lon="6.980352401733398">
        <ele>1983.51953125</ele>
      </trkpt>
      <trkpt lat="45.818459987640381" lon="6.980137825012207">
        <ele>1991.75390625</ele>
      </trkpt>
      <trkpt lat="45.818138122558594" lon="6.979794502258301">
        <ele>1991.83984375</ele>
      </trkpt>
      <trkpt lat="45.817601680755615" lon="6.979472637176514">
        <ele>2000.50390625</ele>
      </trkpt>
      <trkpt lat="45.81749439239502" lon="6.979451179504395">
        <ele>2003.546875</ele>
      </trkpt>
      <trkpt lat="45.817172527313232" lon="6.979150772094727">
        <ele>2002.35546875</ele>
      </trkpt>
      <trkpt lat="45.81674337387085" lon="6.97880744934082">
        <ele>2002.53515625</ele>
      </trkpt>
      <trkpt lat="45.816636085510254" lon="6.978764533996582">
        <ele>2003.6953125</ele>
      </trkpt>
      <trkpt lat="45.816507339477539" lon="6.978657245635986">
        <ele>2002.71484375</ele>
      </trkpt>
      <trkpt lat="45.816142559051514" lon="6.978421211242676">
        <ele>2001.41796875</ele>
      </trkpt>
      <trkpt lat="45.815863609313965" lon="6.978142261505127">
        <ele>1998.41015625</ele>
      </trkpt>
      <trkpt lat="45.815713405609131" lon="6.97807788848877">
        <ele>2000.4921875</ele>
      </trkpt>
      <trkpt lat="45.815584659576416" lon="6.977949142456055">
        <ele>1999.72265625</ele>
      </trkpt>
      <trkpt lat="45.815498828887939" lon="6.977927684783936">
        <ele>2001.484375</ele>
      </trkpt>
      <trkpt lat="45.815327167510986" lon="6.977927684783936">
        <ele>2004.46875</ele>
      </trkpt>
      <trkpt lat="45.815026760101318" lon="6.977777481079102">
        <ele>2001.4921875</ele>
      </trkpt>
      <trkpt lat="45.814769268035889" lon="6.977798938751221">
        <ele>2004.09375</ele>
      </trkpt>
      <trkpt lat="45.814683437347412" lon="6.977841854095459">
        <ele>2006.125</ele>
      </trkpt>
      <trkpt lat="45.814640522003174" lon="6.977992057800293">
        <ele>2011.32421875</ele>
      </trkpt>
      <trkpt lat="45.814661979675293" lon="6.978120803833008">
        <ele>2015.3828125</ele>
      </trkpt>
      <trkpt lat="45.814597606658936" lon="6.978271007537842">
        <ele>2020.6953125</ele>
      </trkpt>
      <trkpt lat="45.814425945281982" lon="6.978292465209961">
        <ele>2021.3359375</ele>
      </trkpt>
      <trkpt lat="45.813846588134766" lon="6.978249549865723">
        <ele>2019.1640625</ele>
      </trkpt>
      <trkpt lat="45.81373929977417" lon="6.978206634521484">
        <ele>2017.3828125</ele>
      </trkpt>
      <trkpt lat="45.813589096069336" lon="6.978228092193604">
        <ele>2019.15234375</ele>
      </trkpt>
      <trkpt lat="45.81348180770874" lon="6.978185176849365">
        <ele>2018.00390625</ele>
      </trkpt>
      <trkpt lat="45.813288688659668" lon="6.978142261505127">
        <ele>2017.31640625</ele>
      </trkpt>
      <trkpt lat="45.813095569610596" lon="6.978142261505127">
        <ele>2018.41796875</ele>
      </trkpt>
      <trkpt lat="45.81298828125" lon="6.978206634521484">
        <ele>2021.80078125</ele>
      </trkpt>
      <trkpt lat="45.812859535217285" lon="6.978399753570557">
        <ele>2030.32421875</ele>
      </trkpt>
      <trkpt lat="45.81273078918457" lon="6.978421211242676">
        <ele>2031.13671875</ele>
      </trkpt>
      <trkpt lat="45.812537670135498" lon="6.978378295898438">
        <ele>2029.15234375</ele>
      </trkpt>
      <trkpt lat="45.812366008758545" lon="6.978356838226318">
        <ele>2028.07421875</ele>
      </trkpt>
      <trkpt lat="45.812215805053711" lon="6.978356838226318">
        <ele>2027.94140625</ele>
      </trkpt>
      <trkpt lat="45.812022686004639" lon="6.978421211242676">
        <ele>2029.35546875</ele>
      </trkpt>
      <trkpt lat="45.811872482299805" lon="6.978528499603271">
        <ele>2030.984375</ele>
      </trkpt>
      <trkpt lat="45.811819424852729" lon="6.978528499603271">
        <ele>2029.8828125</ele>
      </trkpt>
      <trkpt lat="45.811765193939209" lon="6.978528499603271">
        <ele>2028.75390625</ele>
      </trkpt>
      <trkpt lat="45.811657905578613" lon="6.978592872619629">
        <ele>2029.33984375</ele>
      </trkpt>
      <trkpt lat="45.811550617218018" lon="6.978743076324463">
        <ele>2033.65234375</ele>
      </trkpt>
      <trkpt lat="45.811464786529541" lon="6.978957653045654">
        <ele>2041.1796875</ele>
      </trkpt>
      <trkpt lat="45.811314582824707" lon="6.979086399078369">
        <ele>2043.515625</ele>
      </trkpt>
      <trkpt lat="45.811207294464111" lon="6.979365348815918">
        <ele>2051.5078125</ele>
      </trkpt>
      <trkpt lat="45.811121463775635" lon="6.979451179504395">
        <ele>2051.91796875</ele>
      </trkpt>
      <trkpt lat="45.811014175415039" lon="6.979579925537109">
        <ele>2052.5859375</ele>
      </trkpt>
      <trkpt lat="45.810885429382324" lon="6.979644298553467">
        <ele>2049.8359375</ele>
      </trkpt>
      <trkpt lat="45.810842514038086" lon="6.979730129241943">
        <ele>2050.61328125</ele>
      </trkpt>
      <trkpt lat="45.810627937316895" lon="6.979708671569824">
        <ele>2041.625</ele>
      </trkpt>
      <trkpt lat="45.810456275939941" lon="6.979665756225586">
        <ele>2034.15234375</ele>
      </trkpt>
      <trkpt lat="45.810413360595703" lon="6.979687213897705">
        <ele>2032.9140625</ele>
      </trkpt>
      <trkpt lat="45.810391902923584" lon="6.979730129241943">
        <ele>2032.875</ele>
      </trkpt>
      <trkpt lat="45.810370445251465" lon="6.979794502258301">
        <ele>2033.125</ele>
      </trkpt>
      <trkpt lat="45.810306072235107" lon="6.979858875274658">
        <ele>2031.66015625</ele>
      </trkpt>
      <trkpt lat="45.810284614562988" lon="6.979923248291016">
        <ele>2031.609375</ele>
      </trkpt>
      <trkpt lat="45.81024169921875" lon="6.980030536651611">
        <ele>2030.125</ele>
      </trkpt>
      <trkpt lat="45.810177326202393" lon="6.98005199432373">
        <ele>2027.4296875</ele>
      </trkpt>
      <trkpt lat="45.810091495513916" lon="6.979987621307373">
        <ele>2023.84375</ele>
      </trkpt>
      <trkpt lat="45.809941291809082" lon="6.979987621307373">
        <ele>2017.65234375</ele>
      </trkpt>
      <trkpt lat="45.809919834136963" lon="6.979901790618896">
        <ele>2017.0703125</ele>
      </trkpt>
      <trkpt lat="45.809919834136963" lon="6.979837417602539">
        <ele>2016.78125</ele>
      </trkpt>
      <trkpt lat="45.809876918792725" lon="6.979794502258301">
        <ele>2015.01171875</ele>
      </trkpt>
      <trkpt lat="45.809834003448486" lon="6.979773044586182">
        <ele>2013.38671875</ele>
      </trkpt>
      <trkpt lat="45.809769630432129" lon="6.979751586914062">
        <ele>2011.0390625</ele>
      </trkpt>
      <trkpt lat="45.809726715087891" lon="6.979708671569824">
        <ele>2009.51953125</ele>
      </trkpt>
      <trkpt lat="45.809726715087891" lon="6.979601383209229">
        <ele>2009.54296875</ele>
      </trkpt>
      <trkpt lat="45.809683799743652" lon="6.979579925537109">
        <ele>2008.1953125</ele>
      </trkpt>
      <trkpt lat="45.809640884399414" lon="6.979601383209229">
        <ele>2006.796875</ele>
      </trkpt>
      <trkpt lat="45.809619426727295" lon="6.97932243347168">
        <ele>2006.90625</ele>
      </trkpt>
      <trkpt lat="45.809555053710938" lon="6.979022026062012">
        <ele>2004.84375</ele>
      </trkpt>
      <trkpt lat="45.809447765350342" lon="6.978850364685059">
        <ele>1998.7578125</ele>
      </trkpt>
      <trkpt lat="45.809404850006104" lon="6.978850364685059">
        <ele>1997.00390625</ele>
      </trkpt>
      <trkpt lat="45.809201253578067" lon="6.978606032207608">
        <ele>1988.50390625</ele>
      </trkpt>
      <trkpt lat="45.80920142121613" lon="6.978606199845672">
        <ele>1988.5078125</ele>
      </trkpt>
    </trkseg>
  </trk>
</gpx>
